session_id,entity_id,entity_type,timestamp,label,blended_score,if_score,lstm_ae_score,predicted_attack_type,classifier_confidence,entity_type_code,hour_of_day,day_of_week,is_weekend,is_off_hours,geo_velocity_kmh,impossible_travel_flag,is_new_device,is_spoofed_device,is_new_resource,failed_auth_rate_10,failed_auth_rate_50,resource_diversity_10,resource_diversity_50,session_duration_zscore,cmd_seq_length,cmd_rarity_score,auth_method_code,explanation
SES_0000055,DEV_0108,edge_device,2026-01-01 07:07:56,normal,0.3917423064579627,0.7829855116184612,0.0004991013,lateral_movement,0.3611,2,7,3,0,0,0.0,0,1,0,1,0.0,0.0,1,1,0.0,7,0.9815232210373974,5,Flagged due to rare command sequence (rarity=0.98) + command sequence length + spoofed device
SES_0000056,DEV_0108,edge_device,2026-01-01 07:09:00,normal,0.3666386953868555,0.73212633346424,0.0011510573,lateral_movement,0.5755,2,7,3,0,0,0.0,0,0,0,1,0.0,0.0,2,2,-116.57000000000016,4,0.98162684671706,5,Flagged due to rare command sequence (rarity=0.98) + new device fingerprint + geo-velocity (0 km/h)
SES_0003406,DEV_0108,edge_device,2026-01-04 20:28:37,normal,0.3742977604766976,0.7484247493387469,0.00017077161,impossible_travel,0.5329,2,20,6,1,0,2454.353684921499,1,0,0,0,0.1,0.0571428571428571,5,7,1.1461923495825106,8,0.9815185460005034,5,Flagged due to geo-velocity (2454 km/h) + impossible travel detected + rare command sequence (rarity=0.98)
SES_0044697,DEV_0108,edge_device,2026-02-22 01:00:00,edge_case,0.4098005963854922,0.8185783494762074,0.0010228433,lateral_movement,0.9009,2,1,6,1,1,0.0,0,0,0,1,0.1,0.02,6,9,-4.588234923081765,6,0.9814836511118632,5,Flagged due to rare command sequence (rarity=0.98) + new device fingerprint + command sequence length
SES_0047862,DEV_0108,edge_device,2026-02-25 17:20:26,normal,0.3916328375213999,0.7814893286880544,0.0017763464,impossible_travel,0.5195,2,17,2,0,0,12183.313710924293,1,0,0,0,0.0,0.02,5,8,1.2437803512793897,6,0.9814583387574092,5,Flagged due to geo-velocity (12183 km/h) + impossible travel detected + rare command sequence (rarity=0.98)
SES_0067148,DEV_0108,edge_device,2026-03-19 19:51:39,normal,0.3991691572225833,0.7973898947671416,0.0009484197,impossible_travel,0.4885,2,19,3,0,0,14573.377845590354,1,0,0,0,0.0,0.04,6,7,-1.2212944513789623,7,0.9814812748500166,5,Flagged due to geo-velocity (14573 km/h) + impossible travel detected + rare command sequence (rarity=0.98)
SES_0070921,DEV_0108,edge_device,2026-03-24 07:27:13,normal,0.3900971887493109,0.7796876799267853,0.0005066976,impossible_travel,0.6368,2,7,1,0,0,9988.815948632557,1,0,0,0,0.0,0.06,5,7,0.3994080693746285,3,0.9814255532316404,5,Flagged due to geo-velocity (9989 km/h) + impossible travel detected + rare command sequence (rarity=0.98)
SES_0073602,DEV_0108,edge_device,2026-03-27 07:37:21,normal,0.3844124726475054,0.7685278512691288,0.00029709403,impossible_travel,0.5248,2,7,4,0,0,1070.5761243805682,1,1,0,0,0.0,0.02,5,7,0.6955501881814868,5,0.9814745386642598,5,Flagged due to geo-velocity (1071 km/h) + impossible travel detected + rare command sequence (rarity=0.98)
SES_0075970,DEV_0108,edge_device,2026-03-29 19:13:15,normal,0.4167012202390724,0.8332260141493099,0.00017642633,impossible_travel,0.4342,2,19,6,1,0,17888.783579508312,1,0,0,0,0.0,0.0,6,7,0.5352513843033421,4,0.9815512712587616,5,Flagged due to geo-velocity (17889 km/h) + impossible travel detected + rare command sequence (rarity=0.98)
SES_0000097,DEV_0109,edge_device,2026-01-01 07:41:01,normal,0.3673814749711905,0.7334292110323467,0.0013337389,device_spoofing,0.4282,2,7,3,0,0,0.0,0,1,0,1,0.0,0.0,1,1,0.0,9,0.9814846957487138,0,Flagged due to new device fingerprint + command sequence length + rare command sequence (rarity=0.98)
SES_0003078,DEV_0109,edge_device,2026-01-04 14:15:10,normal,0.3669113582588253,0.7335896014422617,0.00023311508,impossible_travel,0.5395,2,14,6,1,0,4199.443607024665,1,0,0,0,0.0,0.0909090909090909,6,6,0.1414648522719446,8,0.9815637466334568,0,Flagged due to geo-velocity (4199 km/h) + impossible travel detected + rare command sequence (rarity=0.98)
SES_0003308,DEV_0109,edge_device,2026-01-04 18:31:35,normal,0.3731643571805797,0.7444754751042708,0.0018532393,impossible_travel,0.5075,2,18,6,1,0,3750.921616768719,1,0,0,0,0.0,0.08,7,7,-0.4920438634537479,11,0.9815359194801512,0,Flagged due to geo-velocity (3751 km/h) + impossible travel detected + rare command sequence (rarity=0.98)
SES_0017705,DEV_0109,edge_device,2026-01-21 07:56:14,normal,0.4068693700968575,0.8130035779602469,0.00073516223,impossible_travel,0.6355,2,7,2,0,0,1185.400505026736,1,0,0,1,0.1,0.04,6,7,1.3750333195748856,12,0.98149329391356,0,Flagged due to geo-velocity (1185 km/h) + impossible travel detected + rare command sequence (rarity=0.98)
SES_0023186,DEV_0109,edge_device,2026-01-27 14:52:34,normal,0.4399944771122098,0.8750384452834548,0.004950509,impossible_travel,0.5196,2,14,1,0,0,8715.500195030365,1,0,0,1,0.0,0.0,5,7,0.6198756178285146,15,0.9814779136448536,0,Flagged due to geo-velocity (8716 km/h) + impossible travel detected + rare command sequence (rarity=0.98)
SES_0038915,DEV_0109,edge_device,2026-02-15 08:00:00,impossible_travel,0.4377355400550906,0.8748652752062828,0.0006058049,impossible_travel,0.9683,2,8,6,1,0,56095.90775079455,1,0,0,0,0.0,0.02,4,6,-3.6844261133790632,5,0.9814253603756063,0,Flagged due to geo-velocity (56096 km/h) + rare command sequence (rarity=0.98) + command sequence length
SES_0038929,DEV_0109,edge_device,2026-02-15 08:12:23,normal,0.3823175436902302,0.7611772289204365,0.0034578585,impossible_travel,0.8309,2,8,6,1,0,65382.30970684802,1,0,0,0,0.0,0.02,4,6,-0.136448573010577,9,0.9815221419619694,0,Flagged due to geo-velocity (65382 km/h) + rare command sequence (rarity=0.98) + impossible travel detected
SES_0038957,DEV_0109,edge_device,2026-02-15 08:59:21,impossible_travel,0.3632390043526408,0.725368339953103,0.0011096688,impossible_travel,0.9534,2,8,6,1,0,12064.323590027465,1,0,0,0,0.0,0.02,4,6,0.6687367511220341,5,0.9815349990308984,0,Flagged due to geo-velocity (12064 km/h) + rare command sequence (rarity=0.98) + command sequence length
SES_0055601,DEV_0109,edge_device,2026-03-06 16:25:18,normal,0.3671351356046729,0.7330642538771943,0.0012060173,impossible_travel,0.6356,2,16,4,0,0,24025.321810881585,1,0,0,0,0.1,0.04,4,5,1.3474635836048563,8,0.9815539832967388,0,Flagged due to geo-velocity (24025 km/h) + rare command sequence (rarity=0.98) + impossible travel detected
SES_0076277,DEV_0109,edge_device,2026-03-30 08:43:17,normal,0.3642415629654064,0.7273400405097498,0.0011430854,impossible_travel,0.7481,2,8,0,0,0,10114.267867751088,1,0,0,0,0.1,0.02,5,5,0.8010229863897249,11,0.9815472278566866,0,Flagged due to geo-velocity (10114 km/h) + impossible travel detected + rare command sequence (rarity=0.98)
SES_0000130,DEV_0110,edge_device,2026-01-01 08:22:52,normal,0.3626063326751442,0.7232974086246642,0.0019152567,device_spoofing,0.4315,2,8,3,0,0,0.0,0,1,0,1,0.0,0.0,1,1,0.0,12,0.9814595441076214,1,Flagged due to new device fingerprint + command sequence length + rare command sequence (rarity=0.98)
SES_0000165,DEV_0110,edge_device,2026-01-01 08:51:28,normal,0.3648164593799177,0.4941075193133479,0.2355254,lateral_movement,0.6666,2,8,3,0,0,0.0,0,0,0,1,0.0,0.0,3,3,-0.2499466112545404,21,0.9815002160676352,1,Flagged due to rare command sequence (rarity=0.98) + new device fingerprint + command sequence length
SES_0000848,DEV_0110,edge_device,2026-01-01 20:56:43,normal,0.3772156081118989,0.4276736957865572,0.32675752,device_spoofing,0.3728,2,20,3,0,0,0.0,0,1,0,0,0.0,0.0,4,4,-0.2766684376719175,17,0.981452042575125,1,Flagged due to new device fingerprint + command sequence length + rare command sequence (rarity=0.98)
SES_0005430,DEV_0110,edge_device,2026-01-07 08:29:29,normal,0.3585424594181077,0.2224004014526399,0.49468452,lateral_movement,0.5773,2,8,2,0,0,0.0,0,0,0,0,0.0,0.0,3,4,0.6530444860488462,21,0.9815374097313226,1,Flagged due to rare command sequence (rarity=0.98) + new device fingerprint + command sequence length
SES_0013380,DEV_0110,edge_device,2026-01-16 09:53:14,normal,0.4078763752632927,0.7656454241680286,0.050107326,impossible_travel,0.634,2,9,4,0,0,24402.9854241042,1,0,0,0,0.1,0.04,4,5,1.0214546045307644,17,0.9814879478308546,1,Flagged due to geo-velocity (24403 km/h) + rare command sequence (rarity=0.98) + impossible travel detected
SES_0018775,DEV_0110,edge_device,2026-01-22 10:51:50,normal,0.3835062582849045,0.1225121417758027,0.6445004,lateral_movement,0.4988,2,10,3,0,0,0.0,0,0,0,0,0.0,0.04,4,7,0.9220468887561148,18,0.9815354811709832,1,Flagged due to rare command sequence (rarity=0.98) + new device fingerprint + command sequence length
SES_0020344,DEV_0110,edge_device,2026-01-24 09:08:46,normal,0.5709533363330048,0.7330107032751405,0.40889597,impossible_travel,0.5945,2,9,5,1,0,5162.541282251989,1,0,0,0,0.0,0.02,4,8,1.8848590399873983,18,0.9815361240244296,1,Flagged due to geo-velocity (5163 km/h) + impossible travel detected + rare command sequence (rarity=0.98)
SES_0023497,DEV_0110,edge_device,2026-01-27 20:32:26,normal,0.4060557817065334,0.6469126710581016,0.16519889,impossible_travel,0.6093,2,20,1,0,0,1983.1767210168737,1,0,0,0,0.0,0.02,3,5,-0.663463763164145,17,0.981439620377645,1,Flagged due to geo-velocity (1983 km/h) + rare command sequence (rarity=0.98) + impossible travel detected
SES_0026861,DEV_0110,edge_device,2026-01-31 21:34:13,normal,0.3593773297744509,0.7168630154594192,0.0018916441,impossible_travel,0.5949,2,21,5,1,1,1037.3125274553008,1,0,0,0,0.1,0.08,4,5,0.6340252013680013,11,0.981568792667754,1,Flagged due to geo-velocity (1037 km/h) + rare command sequence (rarity=0.98) + impossible travel detected
SES_0032982,DEV_0110,edge_device,2026-02-08 09:34:28,normal,0.3633916326200512,0.4144439295600945,0.31233934,lateral_movement,0.4067,2,9,6,1,0,0.0,0,0,0,0,0.1,0.1,3,6,-0.6176275620930939,19,0.9815624048883524,1,Flagged due to rare command sequence (rarity=0.98) + new device fingerprint + command sequence length
SES_0033618,DEV_0110,edge_device,2026-02-08 21:53:47,normal,0.4544676157499349,0.5232298200656963,0.3857054,lateral_movement,0.4628,2,21,6,1,1,0.0,0,0,0,0,0.1,0.08,4,6,-1.7762519803622292,18,0.9815614363788836,1,Flagged due to rare command sequence (rarity=0.98) + command sequence length + new device fingerprint
SES_0036993,DEV_0110,edge_device,2026-02-12 21:04:12,normal,0.4016838118308132,0.4318170636640678,0.37155056,lateral_movement,0.5172,2,21,3,0,1,0.0,0,0,0,0,0.1,0.06,4,5,-2.050638851275868,20,0.9815314553012748,1,Flagged due to rare command sequence (rarity=0.98) + new device fingerprint + command sequence length
SES_0042983,DEV_0110,edge_device,2026-02-19 21:51:35,normal,0.5390647552490113,0.4186770125388857,0.6594525,lateral_movement,0.557,2,21,3,0,1,0.0,0,0,0,0,0.0,0.08,5,7,-0.7451245269285287,19,0.9815331719737348,1,Flagged due to rare command sequence (rarity=0.98) + new device fingerprint + command sequence length
SES_0044646,DEV_0110,edge_device,2026-02-21 21:11:38,normal,0.7267081299674167,0.4534162599348335,1.0,lateral_movement,0.521,2,21,5,1,1,0.0,0,0,0,0,0.0,0.02,5,8,-0.3709413457312321,18,0.9815212580384806,1,Flagged due to rare command sequence (rarity=0.98) + new device fingerprint + command sequence length
SES_0049857,DEV_0110,edge_device,2026-02-27 21:54:48,normal,0.4490421415370974,0.3812263609970158,0.5168579,lateral_movement,0.4943,2,21,4,0,1,0.0,0,0,0,0,0.0,0.08,4,5,-1.2834271053873847,20,0.981531166017224,1,Flagged due to rare command sequence (rarity=0.98) + command sequence length + new device fingerprint
SES_0050076,DEV_0110,edge_device,2026-02-28 09:56:59,normal,0.3742937869577507,0.7456056638991136,0.00298191,impossible_travel,0.6127,2,9,5,1,0,22504.85678214772,1,0,0,0,0.0,0.08,4,5,-1.4811992648559762,12,0.9814982358494296,1,Flagged due to geo-velocity (22505 km/h) + rare command sequence (rarity=0.98) + impossible travel detected
SES_0054388,DEV_0110,edge_device,2026-03-05 10:25:05,normal,0.401360518313942,0.5574464332610322,0.2452746,lateral_movement,0.6242,2,10,3,0,0,0.0,0,0,0,1,0.1,0.02,6,7,-1.298771820277028,18,0.9814689458392756,1,Flagged due to rare command sequence (rarity=0.98) + new device fingerprint + command sequence length
SES_0058473,DEV_0110,edge_device,2026-03-09 21:35:10,normal,0.4164493846149161,0.5600154434146315,0.27288333,lateral_movement,0.5946,2,21,0,0,1,0.0,0,0,0,0,0.2,0.06,5,8,-0.3968575361516517,18,0.9814707136862536,1,Flagged due to rare command sequence (rarity=0.98) + new device fingerprint + command sequence length
SES_0059555,DEV_0110,edge_device,2026-03-11 09:03:59,normal,0.397371395508209,0.7880995334468963,0.0066432576,impossible_travel,0.5309,2,9,2,0,0,7096.070475034782,1,0,0,0,0.2,0.06,5,8,1.7858038634571816,14,0.9815469836558643,1,Flagged due to geo-velocity (7096 km/h) + impossible travel detected + rare command sequence (rarity=0.98)
SES_0061035,DEV_0110,edge_device,2026-03-12 21:24:12,normal,0.6132375009981385,0.7403762058670502,0.4860988,impossible_travel,0.6069,2,21,3,0,1,3189.234620371823,1,0,0,0,0.0,0.04,4,7,0.9389300536000932,18,0.9814769011506757,1,Flagged due to geo-velocity (3189 km/h) + impossible travel detected + rare command sequence (rarity=0.98)
SES_0072669,DEV_0110,edge_device,2026-03-25 21:58:53,normal,0.3907792605945925,0.7533364203799685,0.0282221,impossible_travel,0.6153,2,21,2,0,1,6217.755257445096,1,0,0,0,0.0,0.02,4,5,-0.7907697851098547,16,0.9814588811650048,1,Flagged due to geo-velocity (6218 km/h) + rare command sequence (rarity=0.98) + impossible travel detected
SES_0073699,DEV_0110,edge_device,2026-03-27 09:05:37,normal,0.3840948926257043,0.7418117739204464,0.026378011,impossible_travel,0.6239,2,9,4,0,0,21658.97702542533,1,0,0,0,0.0,0.0,4,5,0.5353853012662886,16,0.98144794261183,1,Flagged due to geo-velocity (21659 km/h) + rare command sequence (rarity=0.98) + impossible travel detected
SES_0000310,DEV_0111,edge_device,2026-01-01 11:23:19,normal,0.4633739678662681,0.9255120631090256,0.0012358726,brute_force,0.3061,2,11,3,0,0,0.0,0,1,0,1,1.0,1.0,1,1,0.0,9,0.9814885528693924,0,Flagged due to high auth failure rate (100%) + failed auth rate (last 50) + new device fingerprint
SES_0000545,DEV_0111,edge_device,2026-01-01 15:28:55,normal,0.4270024344138944,0.8518562000803936,0.0021486687,lateral_movement,0.3582,2,15,3,0,0,0.0,0,0,0,1,0.5,0.5,2,2,-635.4200000000001,11,0.9814657023514324,0,Flagged due to rare command sequence (rarity=0.98) + new device fingerprint + command sequence length
SES_0004264,DEV_0111,edge_device,2026-01-05 19:51:34,normal,0.3832681286379559,0.7648257492571797,0.001710508,impossible_travel,0.6063,2,19,0,0,0,22185.4174542243,1,0,0,0,0.1,0.0526315789473684,4,5,-0.4226014446511821,7,0.9815664070135678,0,Flagged due to geo-velocity (22185 km/h) + impossible travel detected + rare command sequence (rarity=0.98)
SES_0004266,DEV_0111,edge_device,2026-01-05 19:52:18,normal,0.3890171333212383,0.7773788007667244,0.0006554659,impossible_travel,0.6061,2,19,0,0,0,31799.098351054832,1,0,0,0,0.1,0.0512820512820512,4,5,1.1272887453882534,7,0.9815467770243994,0,Flagged due to geo-velocity (31799 km/h) + impossible travel detected + rare command sequence (rarity=0.98)
SES_0021496,DEV_0111,edge_device,2026-01-25 15:12:07,normal,0.3982807165506948,0.7933295358497092,0.0032318973,impossible_travel,0.624,2,15,6,1,0,30141.372967073392,1,0,0,0,0.0,0.06,3,5,0.7600252648643112,9,0.9815100884598486,0,Flagged due to geo-velocity (30141 km/h) + rare command sequence (rarity=0.98) + impossible travel detected
SES_0043722,DEV_0111,edge_device,2026-02-20 19:49:36,normal,0.3833245774088857,0.7655075571845215,0.0011415976,impossible_travel,0.4126,2,19,4,0,0,6140.711526461871,1,1,0,0,0.0,0.02,4,5,1.816948455480671,12,0.9815096866764444,0,Flagged due to geo-velocity (6141 km/h) + rare command sequence (rarity=0.98) + impossible travel detected
SES_0045012,DEV_0111,edge_device,2026-02-22 11:52:15,normal,0.4384660648467507,0.8762820656633049,0.00065006403,impossible_travel,0.6404,2,11,6,1,0,27538.368179446294,1,0,0,0,0.1,0.04,3,4,2.045497804390663,11,0.9816161300579016,0,Flagged due to geo-velocity (27538 km/h) + rare command sequence (rarity=0.98) + impossible travel detected
SES_0067247,DEV_0111,edge_device,2026-03-19 21:58:42,normal,0.4001400606947819,0.799157849398229,0.001122272,impossible_travel,0.6177,2,21,3,0,1,12774.519575046748,1,0,0,0,0.1,0.02,4,5,-2.028507713653734,9,0.9815263205093714,0,Flagged due to geo-velocity (12775 km/h) + rare command sequence (rarity=0.98) + impossible travel detected
SES_0000083,DEV_0112,edge_device,2026-01-01 07:25:19,normal,0.4065970171356611,0.8122663704556489,0.0009276638,brute_force,0.4062,2,7,3,0,0,0.0,0,1,0,1,0.0,0.0,1,1,0.0,1,0.9815292133498804,5,Flagged due to command sequence length + weekend access + new device fingerprint
SES_0002373,DEV_0112,edge_device,2026-01-03 17:41:29,normal,0.3664275413863668,0.7327170995771336,0.0001379832,impossible_travel,0.4032,2,17,5,1,0,2041.6580241513204,1,0,0,0,0.0,0.0,4,5,1.1762657430346537,1,0.9814077140485014,5,Flagged due to geo-velocity (2042 km/h) + rare command sequence (rarity=0.98) + impossible travel detected
SES_0002740,DEV_0112,edge_device,2026-01-04 08:24:00,lateral_movement,0.3694055313108593,0.7363736643184184,0.0024373983,lateral_movement,0.9594,2,8,6,1,0,0.0,0,0,0,1,0.0,0.0,10,10,-2.085525592176659,5,0.9815668202764976,5,Flagged due to rare command sequence (rarity=0.98) + resource diversity spike (10 unique resources) + new device fingerprint
SES_0002746,DEV_0112,edge_device,2026-01-04 08:30:00,lateral_movement,0.3685442568558008,0.7361840044377783,0.0009045093,lateral_movement,0.9494,2,8,6,1,0,0.0,0,0,0,1,0.0,0.0,10,11,-1.7764619732248914,5,0.9814832171857868,5,Flagged due to rare command sequence (rarity=0.98) + resource diversity spike (10 unique resources) + new device fingerprint
SES_0005783,DEV_0112,edge_device,2026-01-07 14:54:23,normal,0.3661260032472468,0.7308247886421695,0.0014272179,low_and_slow_exfiltration,0.4333,2,14,2,0,0,416.95485421937,0,0,0,1,0.1,0.0208333333333333,6,14,-0.197729858828893,3,0.9814255532316404,5,Flagged due to hour of day + command sequence length + new device fingerprint
SES_0005786,DEV_0112,edge_device,2026-01-07 14:56:39,normal,0.5001784724047353,0.9999999969809208,0.00035694783,low_and_slow_exfiltration,0.3877,2,14,2,0,0,8936.936765069586,1,0,0,1,0.1,0.0204081632653061,6,15,0.1965366199591364,3,0.9815388561515772,5,Flagged due to hour of day + command sequence length + new device fingerprint
SES_0014966,DEV_0112,edge_device,2026-01-18 07:50:28,normal,0.4828197433664373,0.9654407206675788,0.00019876607,impossible_travel,0.5675,2,7,6,1,0,38756.58573407072,1,0,0,0,0.1,0.08,7,7,0.6458757065297447,2,0.9814749725903362,5,Flagged due to geo-velocity (38757 km/h) + impossible travel detected + rare command sequence (rarity=0.98)
SES_0021262,DEV_0112,edge_device,2026-01-25 10:39:38,normal,0.3897672110941353,0.7793754715454717,0.00015895064,impossible_travel,0.3951,2,10,6,1,0,6971.989875592165,1,0,0,0,0.0,0.0,5,5,-0.4729172956855425,1,0.9816883195778768,5,Flagged due to geo-velocity (6972 km/h) + rare command sequence (rarity=0.98) + impossible travel detected
SES_0051661,DEV_0112,edge_device,2026-03-02 07:36:42,normal,0.4369627567702727,0.8736822140016938,0.00024329954,impossible_travel,0.6934,2,7,0,0,0,31867.84347349205,1,0,0,0,0.1,0.02,4,5,-0.5406750050211311,3,0.9815875523001456,5,Flagged due to geo-velocity (31868 km/h) + rare command sequence (rarity=0.98) + impossible travel detected
SES_0075476,DEV_0112,edge_device,2026-03-29 10:28:06,normal,0.3690681656973461,0.7379622927295559,0.00017403867,impossible_travel,0.4277,2,10,6,1,0,909.276699794738,1,0,0,0,0.0,0.0,6,6,-0.0796421287567714,2,0.9813455179775572,5,Flagged due to geo-velocity (909 km/h) + impossible travel detected + rare command sequence (rarity=0.98)
SES_0000005,DEV_0113,edge_device,2026-01-01 06:08:49,normal,0.413137152308458,0.8255062338674433,0.00076807075,device_spoofing,0.433,2,6,3,0,1,0.0,0,1,0,1,0.0,0.0,1,1,0.0,9,0.9814930528435176,2,Flagged due to new device fingerprint + command sequence length + rare command sequence (rarity=0.98)
SES_0009639,DEV_0113,edge_device,2026-01-12 06:19:36,normal,0.3665389824169246,0.7317028324770789,0.0013751324,lateral_movement,0.9005,2,6,0,0,1,0.0,0,0,0,1,0.1,0.02,7,9,-0.7317330401447183,10,0.981547727529138,2,Flagged due to rare command sequence (rarity=0.98) + new device fingerprint + resource diversity spike (7 unique resources)
SES_0035347,DEV_0113,edge_device,2026-02-11 06:14:43,normal,0.3678714130697134,0.7329047249014146,0.0028381012,impossible_travel,0.8038,2,6,2,0,1,3779.30424703763,1,0,0,0,0.0,0.04,4,4,0.4982539264129827,10,0.9814521191503148,2,Flagged due to geo-velocity (3779 km/h) + rare command sequence (rarity=0.98) + impossible travel detected
SES_0055933,DEV_0113,edge_device,2026-03-07 06:54:52,normal,0.444989734737741,0.8884261389050226,0.0015533306,impossible_travel,0.5568,2,6,5,1,1,1304.102746347563,1,1,0,0,0.0,0.06,4,4,-3.0279306001123065,8,0.981457796349814,2,Flagged due to geo-velocity (1304 km/h) + impossible travel detected + rare command sequence (rarity=0.98)
SES_0000023,DEV_0114,edge_device,2026-01-01 06:33:15,normal,0.4101035428061969,0.8190158012212961,0.0011912844,device_spoofing,0.4282,2,6,3,0,1,0.0,0,1,0,1,0.0,0.0,1,1,0.0,9,0.981487106449138,0,Flagged due to new device fingerprint + command sequence length + rare command sequence (rarity=0.98)
SES_0002607,DEV_0114,edge_device,2026-01-04 06:21:52,normal,0.3992968839002065,0.7956702281935587,0.0029235396,impossible_travel,0.8224,2,6,6,1,1,1472.4514601263795,1,0,0,0,0.0,0.0476190476190476,3,3,1.1989074279137104,10,0.9814939206956704,0,Flagged due to geo-velocity (1472 km/h) + rare command sequence (rarity=0.98) + impossible travel detected
SES_0002623,DEV_0114,edge_device,2026-01-04 06:42:45,normal,0.3897725530848672,0.7787472617942507,0.0007978444,impossible_travel,0.8218,2,6,6,1,1,1032.9487896656726,1,0,0,0,0.0,0.0454545454545454,3,3,0.9878138132937252,10,0.9814982599564338,0,Flagged due to geo-velocity (1033 km/h) + rare command sequence (rarity=0.98) + impossible travel detected
SES_0014009,DEV_0114,edge_device,2026-01-16 22:00:00,edge_case,0.4118147652808127,0.8206517593427594,0.0029777712,impossible_travel,0.4874,2,22,4,0,1,1120.8727958763964,1,0,0,1,0.0,0.04,4,5,0.5201271344931101,3,0.9814255532316404,0,Flagged due to geo-velocity (1121 km/h) + rare command sequence (rarity=0.98) + impossible travel detected
SES_0027661,DEV_0114,edge_device,2026-02-01 21:13:57,normal,0.3976176811749559,0.7940493931331628,0.0011859692,device_spoofing,0.3033,2,21,6,1,1,35.22920923751322,0,1,0,0,0.2,0.12,3,6,-1.6619032198017178,9,0.9814948206904952,0,Flagged due to new device fingerprint + command sequence length + rare command sequence (rarity=0.98)
SES_0033680,DEV_0114,edge_device,2026-02-09 06:43:41,normal,0.4191352520871174,0.8375820180819765,0.0006884861,impossible_travel,0.7818,2,6,0,0,1,2689.010943776623,1,0,0,0,0.2,0.1,2,3,-0.1723951186400606,9,0.9815155527141434,0,Flagged due to geo-velocity (2689 km/h) + rare command sequence (rarity=0.98) + impossible travel detected
SES_0069662,DEV_0114,edge_device,2026-03-22 16:56:12,normal,0.3753420358584323,0.7499214521148364,0.0007626196,impossible_travel,0.6302,2,16,6,1,0,2675.632842161694,1,0,0,0,0.0,0.04,2,3,1.046064161640645,11,0.9814497917286328,0,Flagged due to geo-velocity (2676 km/h) + rare command sequence (rarity=0.98) + impossible travel detected
SES_0000074,DEV_0115,edge_device,2026-01-01 07:20:45,normal,0.3757826511442787,0.7476842040516688,0.0038810982,device_spoofing,0.4363,2,7,3,0,0,0.0,0,1,0,1,0.0,0.0,1,1,0.0,14,0.9814521398134614,2,Flagged due to new device fingerprint + command sequence length + rare command sequence (rarity=0.98)
SES_0000873,DEV_0115,edge_device,2026-01-01 21:20:15,normal,0.3623776721520094,0.7234926991832863,0.0012626451,impossible_travel,0.5971,2,21,3,0,1,1831.5753599010093,1,0,0,0,0.0,0.0,4,4,1.0315456545789454,11,0.981583256870299,2,Flagged due to geo-velocity (1832 km/h) + rare command sequence (rarity=0.98) + impossible travel detected
SES_0028399,DEV_0115,edge_device,2026-02-02 19:42:40,normal,0.3922953753944929,0.7788708785974374,0.005719872,impossible_travel,0.5959,2,19,0,0,0,35151.24787749187,1,0,0,0,0.0,0.06,3,5,1.4096831472937317,15,0.9814730922440054,2,Flagged due to geo-velocity (35151 km/h) + rare command sequence (rarity=0.98) + impossible travel detected
SES_0033602,DEV_0115,edge_device,2026-02-08 21:36:52,normal,0.3830855634870582,0.7385020808999644,0.027669046,impossible_travel,0.6189,2,21,6,1,1,1420.792855738838,1,0,0,0,0.0,0.04,4,4,-0.2022902028705676,17,0.981517131486578,2,Flagged due to geo-velocity (1421 km/h) + rare command sequence (rarity=0.98) + impossible travel detected
SES_0036086,DEV_0115,edge_device,2026-02-11 21:01:45,normal,0.4090687990491684,0.8165863089869609,0.0015512891,lateral_movement,0.3623,2,21,2,0,1,0.0,0,1,0,1,0.2,0.08,6,7,-0.3022958756040226,13,0.9814469899215662,2,Flagged due to rare command sequence (rarity=0.98) + resource diversity spike (6 unique resources) + spoofed device
SES_0038621,DEV_0115,edge_device,2026-02-14 18:45:24,normal,0.3615151993907513,0.7116483954667094,0.011382003,impossible_travel,0.5892,2,18,5,1,0,3537.912291097792,1,0,0,0,0.2,0.1,4,7,-0.7762043304056918,14,0.981503591048229,2,Flagged due to geo-velocity (3538 km/h) + impossible travel detected + rare command sequence (rarity=0.98)
SES_0049932,DEV_0115,edge_device,2026-02-28 07:29:17,normal,0.4466333466464549,0.3848208939421713,0.5084458,lateral_movement,0.8523,2,7,5,1,0,0.0,0,0,0,0,0.0,0.02,6,7,-2.3679885983835365,20,0.9815151830734116,2,Flagged due to rare command sequence (rarity=0.98) + new device fingerprint + resource diversity spike (6 unique resources)
SES_0050787,DEV_0115,edge_device,2026-03-01 07:28:23,normal,0.3989991390198711,0.7882871708006152,0.009711107,impossible_travel,0.5611,2,7,6,1,0,6470.473159740051,1,1,0,0,0.0,0.02,4,6,0.4651628366760837,13,0.9815003962078866,2,Flagged due to geo-velocity (6470 km/h) + impossible travel detected + rare command sequence (rarity=0.98)
SES_0070655,DEV_0115,edge_device,2026-03-23 19:04:43,normal,0.4138592505628895,0.2352753329624795,0.59244317,lateral_movement,0.4334,2,19,0,0,0,0.0,0,0,0,0,0.0,0.04,3,6,2.724358840739249,17,0.9814976473549144,2,Flagged due to rare command sequence (rarity=0.98) + command sequence length + new device fingerprint
SES_0000098,DEV_0116,edge_device,2026-01-01 07:41:27,normal,0.3734715826903759,0.7412844182180819,0.005658747,device_spoofing,0.4363,2,7,3,0,0,0.0,0,1,0,1,0.0,0.0,1,1,0.0,15,0.9814604601737824,2,Flagged due to new device fingerprint + command sequence length + rare command sequence (rarity=0.98)
SES_0006699,DEV_0116,edge_device,2026-01-08 15:33:34,normal,0.3589952643932532,0.7172006333074048,0.0007898955,impossible_travel,0.6112,2,15,3,0,0,12872.852318619956,1,0,0,0,0.2,0.04,4,5,-1.2458916997394018,12,0.981533070470559,2,Flagged due to geo-velocity (12873 km/h) + rare command sequence (rarity=0.98) + impossible travel detected
SES_0020752,DEV_0116,edge_device,2026-01-24 16:51:48,normal,0.3597578189456217,0.6763107007610307,0.043204937,impossible_travel,0.6176,2,16,5,1,0,5869.680528098567,1,0,0,0,0.0,0.04,4,6,1.2406367131282263,17,0.9815090485498617,2,Flagged due to geo-velocity (5870 km/h) + rare command sequence (rarity=0.98) + impossible travel detected
SES_0025138,DEV_0116,edge_device,2026-01-29 21:24:01,normal,0.4058534115417505,0.8086707473461736,0.0030360757,impossible_travel,0.6153,2,21,3,0,1,24004.73051773471,1,0,0,0,0.0,0.04,4,6,-0.9521160974081078,14,0.9815383051343372,2,Flagged due to geo-velocity (24005 km/h) + impossible travel detected + rare command sequence (rarity=0.98)
SES_0045684,DEV_0116,edge_device,2026-02-23 08:31:09,normal,0.4237337633448265,0.3568912892495438,0.49057624,lateral_movement,0.7529,2,8,0,0,0,0.0,0,0,0,0,0.1,0.12,4,5,-0.3637997186858543,20,0.9815334079686184,2,Flagged due to rare command sequence (rarity=0.98) + new device fingerprint + command sequence length
SES_0051549,DEV_0116,edge_device,2026-03-01 21:26:49,normal,0.4170158416446474,0.8319676543016339,0.002064029,impossible_travel,0.6215,2,21,6,1,1,5000.667921496607,1,0,0,0,0.0,0.06,4,4,-0.9913562038365245,13,0.9813961426864652,2,Flagged due to geo-velocity (5001 km/h) + rare command sequence (rarity=0.98) + impossible travel detected
SES_0051552,DEV_0116,edge_device,2026-03-01 21:30:06,normal,0.386344524370537,0.7705313075148181,0.0021577412,impossible_travel,0.619,2,21,6,1,1,4619.906404631383,1,0,0,0,0.0,0.06,4,4,0.915589612748547,12,0.981524391949032,2,Flagged due to geo-velocity (4620 km/h) + rare command sequence (rarity=0.98) + impossible travel detected
SES_0068097,DEV_0116,edge_device,2026-03-20 21:20:10,normal,0.4047510285714463,0.8075357655699941,0.0019662916,impossible_travel,0.5705,2,21,4,0,1,11729.522389877418,1,0,0,0,0.0,0.02,5,6,0.5042881984719657,14,0.9815432642894956,2,Flagged due to geo-velocity (11730 km/h) + impossible travel detected + rare command sequence (rarity=0.98)
SES_0070808,DEV_0116,edge_device,2026-03-23 21:39:45,normal,0.4070197877652866,0.8118878154907221,0.00215176,impossible_travel,0.6056,2,21,0,0,1,10674.310070559197,1,0,0,0,0.0,0.0,4,6,-1.1861226104182188,13,0.9815658189086292,2,Flagged due to geo-velocity (10674 km/h) + rare command sequence (rarity=0.98) + impossible travel detected
SES_0004348,DEV_0117,edge_device,2026-01-05 21:27:19,normal,0.3725771233408159,0.5809983014997853,0.16415595,lateral_movement,0.5896,2,21,0,0,1,0.0,0,0,0,1,0.0,0.0294117647058823,5,6,-1.479761129499339,17,0.9814677830308358,0,Flagged due to rare command sequence (rarity=0.98) + new device fingerprint + command sequence length
SES_0010310,DEV_0117,edge_device,2026-01-12 18:00:54,normal,0.4775948815866064,0.3347952352610731,0.6203945,lateral_movement,0.4071,2,18,0,0,0,211.37285300167,0,0,0,0,0.0,0.0,3,6,-2.443316466118924,17,0.981502922534666,0,Flagged due to rare command sequence (rarity=0.98) + command sequence length + new device fingerprint
SES_0013148,DEV_0117,edge_device,2026-01-15 21:30:46,normal,0.4044632423559614,0.8061902901870088,0.0027361945,impossible_travel,0.6231,2,21,3,0,1,27777.21869189691,1,0,0,0,0.1,0.04,3,4,-0.0276943624973257,14,0.9815257006149766,0,Flagged due to geo-velocity (27777 km/h) + rare command sequence (rarity=0.98) + impossible travel detected
SES_0013290,DEV_0117,edge_device,2026-01-16 08:27:37,normal,0.4134274650328032,0.2235409475788816,0.603314,lateral_movement,0.5426,2,8,4,0,0,0.0,0,0,0,0,0.1,0.04,3,4,0.8518281992340286,19,0.9815246457069714,0,Flagged due to rare command sequence (rarity=0.98) + new device fingerprint + command sequence length
SES_0014996,DEV_0117,edge_device,2026-01-18 08:21:03,normal,0.3890204304191939,0.7741287085815712,0.0039121523,impossible_travel,0.8291,2,8,6,1,0,23091.032650381425,1,0,0,0,0.0,0.04,4,4,0.8928570149593982,12,0.9815310213751984,0,Flagged due to geo-velocity (23091 km/h) + rare command sequence (rarity=0.98) + impossible travel detected
SES_0018807,DEV_0117,edge_device,2026-01-22 11:22:35,normal,0.3982993380266652,0.5629335822737664,0.2336651,impossible_travel,0.6079,2,11,3,0,0,1524.4315578948024,1,0,0,0,0.0,0.02,3,5,0.7802384436544474,17,0.9814925423422513,0,Flagged due to geo-velocity (1524 km/h) + rare command sequence (rarity=0.98) + impossible travel detected
SES_0020984,DEV_0117,edge_device,2026-01-24 21:34:46,normal,0.3941967201423283,0.7790616625928156,0.009331778,impossible_travel,0.6116,2,21,5,1,1,960.6657928714208,1,0,0,0,0.0,0.02,4,6,2.3376733875925626,16,0.9815926750385472,0,Flagged due to geo-velocity (961 km/h) + rare command sequence (rarity=0.98) + impossible travel detected
SES_0040408,DEV_0117,edge_device,2026-02-16 21:31:57,normal,0.4187035279388047,0.3751439783801272,0.46226308,lateral_movement,0.4523,2,21,0,0,1,0.0,0,0,0,0,0.0,0.02,3,6,1.385277859370918,18,0.9814785082842916,0,Flagged due to rare command sequence (rarity=0.98) + new device fingerprint + command sequence length
SES_0048938,DEV_0117,edge_device,2026-02-26 21:33:33,normal,0.3837405690595818,0.7594844783932593,0.00799666,impossible_travel,0.6115,2,21,3,0,1,4600.018092733933,1,0,0,0,0.1,0.06,3,3,0.7526409256596088,15,0.9814752136603786,0,Flagged due to geo-velocity (4600 km/h) + rare command sequence (rarity=0.98) + impossible travel detected
SES_0048949,DEV_0117,edge_device,2026-02-26 21:48:02,normal,0.4149496320600611,0.8238865640876794,0.0060127,impossible_travel,0.3978,2,21,3,0,1,1069.2792344444815,1,1,0,0,0.1,0.06,3,3,-1.5954644674558698,14,0.9815309697173324,0,Flagged due to geo-velocity (1069 km/h) + rare command sequence (rarity=0.98) + impossible travel detected
SES_0051545,DEV_0117,edge_device,2026-03-01 21:24:33,normal,0.4179057880741355,0.456068894168138,0.37974268,low_and_slow_exfiltration,0.3356,2,21,6,1,1,0.0,0,0,0,0,0.0,0.04,3,4,-1.7958281157115763,17,0.98145408458019,0,Flagged due to hour of day + new device fingerprint + spoofed device
SES_0062129,DEV_0117,edge_device,2026-03-14 08:06:57,credential_stuffing,0.3713252946458769,0.7425625166915614,8.80726e-05,credential_stuffing,0.9723,2,8,5,1,0,0.0,0,1,0,0,0.1,0.02,5,8,-4.862162164582542,1,0.9351208194838594,4,Flagged due to rare command sequence (rarity=0.94) + command sequence length + new device fingerprint
SES_0000284,DEV_0118,edge_device,2026-01-01 11:01:14,normal,0.3727832857013402,0.744242742463332,0.0013238289,low_and_slow_exfiltration,0.3127,2,11,3,0,0,0.0,0,1,0,1,0.0,0.0,1,1,0.0,4,0.9815386150815348,3,Flagged due to hour of day + command sequence length + spoofed device
SES_0000321,DEV_0118,edge_device,2026-01-01 11:30:42,normal,0.4754584263328538,0.871314082158372,0.07960277,lateral_movement,0.3135,2,11,3,0,0,0.0,0,0,0,1,0.5,0.5,2,2,-1048.12,3,0.9814255532316404,3,Flagged due to rare command sequence (rarity=0.98) + new device fingerprint + geo-velocity (0 km/h)
SES_0004780,DEV_0118,edge_device,2026-01-06 12:46:15,normal,0.3974966667094016,0.7942933149337265,0.0007000185,impossible_travel,0.4957,2,12,1,0,0,1172.9285082213848,1,0,0,1,0.0,0.0512820512820512,6,6,0.5918912098294646,5,0.9814615208819693,3,Flagged due to geo-velocity (1173 km/h) + impossible travel detected + rare command sequence (rarity=0.98)
SES_0009149,DEV_0118,edge_device,2026-01-11 13:01:27,normal,0.3733230189256721,0.7459079524291451,0.0007380854,impossible_travel,0.2694,2,13,6,1,0,770.4189989863702,0,1,0,1,0.0,0.04,6,7,-2.4252453167747343,5,0.9815355775990002,3,Flagged due to geo-velocity (770 km/h) + rare command sequence (rarity=0.98) + command sequence length
SES_0012988,DEV_0118,edge_device,2026-01-15 18:28:14,normal,0.4020980444275035,0.8039778756393039,0.00021821322,impossible_travel,0.4186,2,18,3,0,0,5388.907195296555,1,0,0,0,0.0,0.02,5,7,1.9954738960508007,1,0.9812833219066132,3,Flagged due to geo-velocity (5389 km/h) + rare command sequence (rarity=0.98) + impossible travel detected
SES_0022195,DEV_0118,edge_device,2026-01-26 12:37:58,normal,0.4242425372565127,0.848286884819988,0.0001981897,impossible_travel,0.4241,2,12,0,0,0,15196.691854447345,1,0,0,0,0.0,0.06,6,7,-0.5068214884562292,4,0.9813766160130294,3,Flagged due to geo-velocity (15197 km/h) + impossible travel detected + rare command sequence (rarity=0.98)
SES_0051114,DEV_0118,edge_device,2026-03-01 13:30:03,normal,0.3817120213501174,0.7632583745004647,0.0001656682,impossible_travel,0.4546,2,13,6,1,0,11484.859448890784,1,0,0,0,0.0,0.02,4,6,0.5171580189201418,1,0.9816883195778768,3,Flagged due to geo-velocity (11485 km/h) + rare command sequence (rarity=0.98) + impossible travel detected
SES_0058850,DEV_0118,edge_device,2026-03-10 12:19:57,normal,0.3722810567371017,0.743646647830574,0.00091546564,impossible_travel,0.6069,2,12,1,0,0,24920.57306986474,1,0,0,0,0.1,0.06,4,5,0.4617833914136468,7,0.98156020806962,3,Flagged due to geo-velocity (24921 km/h) + rare command sequence (rarity=0.98) + impossible travel detected
SES_0062087,DEV_0118,edge_device,2026-03-14 08:00:47,credential_stuffing,0.3821970376611672,0.7643058599678537,8.8215354e-05,credential_stuffing,0.9868,2,8,5,1,0,0.0,0,1,0,0,0.1,0.08,6,7,-5.078375761909919,1,0.9351208194838594,4,Flagged due to rare command sequence (rarity=0.94) + command sequence length + new device fingerprint
SES_0062219,DEV_0118,edge_device,2026-03-14 09:26:03,normal,0.4272713597334575,0.8542373983702396,0.0003053211,impossible_travel,0.4342,2,9,5,1,0,6909.544774281142,1,0,0,0,0.1,0.08,6,7,1.1921503264824354,2,0.9816087664638784,3,Flagged due to geo-velocity (6910 km/h) + impossible travel detected + rare command sequence (rarity=0.98)
SES_0065894,DEV_0118,edge_device,2026-03-18 12:46:58,normal,0.3739298962979329,0.7475702325621588,0.00028956003,impossible_travel,0.3547,2,12,2,0,0,1141.432313810169,1,0,0,0,0.1,0.08,6,9,0.2991723458245612,1,0.9816883195778768,3,Flagged due to geo-velocity (1141 km/h) + impossible travel detected + rare command sequence (rarity=0.98)
SES_0068503,DEV_0118,edge_device,2026-03-21 12:14:41,normal,0.3711844262662905,0.7417596742036945,0.0006091783,impossible_travel,0.4788,2,12,5,1,0,14187.667206792365,1,0,0,0,0.0,0.04,5,7,0.3799673100101566,2,0.9815653738562432,3,Flagged due to geo-velocity (14188 km/h) + rare command sequence (rarity=0.98) + impossible travel detected
SES_0072189,DEV_0118,edge_device,2026-03-25 13:20:24,normal,0.3855983988085824,0.7710881953932469,0.000108602224,impossible_travel,0.6351,2,13,2,0,0,41196.6930686112,1,0,0,0,0.0,0.02,5,5,-0.2876090068806066,5,0.981485820742245,3,Flagged due to geo-velocity (41197 km/h) + rare command sequence (rarity=0.98) + impossible travel detected
SES_0073857,DEV_0118,edge_device,2026-03-27 11:55:37,normal,0.3973111921647517,0.7936394553083834,0.000982929,impossible_travel,0.3553,2,11,4,0,0,3433.1951655782964,1,1,0,0,0.0,0.04,6,6,-0.6050098126933237,6,0.9815538024942072,3,Flagged due to geo-velocity (3433 km/h) + impossible travel detected + rare command sequence (rarity=0.98)
SES_0000071,DEV_0119,edge_device,2026-01-01 07:19:23,normal,0.3671861338744709,0.7300659448539515,0.004306323,device_spoofing,0.443,2,7,3,0,0,0.0,0,1,0,1,0.0,0.0,1,1,0.0,11,0.9814721454962024,3,Flagged due to new device fingerprint + command sequence length + rare command sequence (rarity=0.98)
SES_0010012,DEV_0119,edge_device,2026-01-12 12:49:01,normal,0.3882744632662078,0.6085481539370101,0.16800077,impossible_travel,0.5847,2,12,0,0,0,1931.3256584589749,1,0,0,0,0.0,0.06,4,6,-0.690475603873423,18,0.981506552765893,3,Flagged due to geo-velocity (1931 km/h) + impossible travel detected + rare command sequence (rarity=0.98)
SES_0037597,DEV_0119,edge_device,2026-02-13 15:31:44,normal,0.3827724154976999,0.7640709601685148,0.0014738708,impossible_travel,0.405,2,15,4,0,0,2159.2577823334705,1,1,0,0,0.0,0.02,4,5,-1.4654858099805053,11,0.9816279644054384,3,Flagged due to geo-velocity (2159 km/h) + rare command sequence (rarity=0.98) + impossible travel detected
SES_0000044,SVC_0078,service_account,2026-01-01 07:01:41,normal,0.3707456946610157,0.7411446085674056,0.00034678075,device_spoofing,0.4417,1,7,3,0,0,0.0,0,1,0,1,0.0,0.0,1,1,0.0,11,0.9651692798220955,3,Flagged due to new device fingerprint + command sequence length + rare command sequence (rarity=0.97)
SES_0000263,SVC_0078,service_account,2026-01-01 10:39:17,normal,0.4124224107360754,0.8233880428592316,0.0014567786,impossible_travel,0.6283,1,10,3,0,0,27925.26706226757,1,0,0,0,0.0,0.0,3,3,-2.584058088759751,12,0.9651890037346572,3,Flagged due to geo-velocity (27925 km/h) + rare command sequence (rarity=0.97) + impossible travel detected
SES_0003734,SVC_0078,service_account,2026-01-05 10:31:35,normal,0.3808008379902834,0.760785358588985,0.0008163174,impossible_travel,0.5601,1,10,0,0,0,7503.200403824456,1,0,0,0,0.2,0.0967741935483871,5,5,0.5437837312380813,9,0.9652192178466402,3,Flagged due to geo-velocity (7503 km/h) + impossible travel detected + rare command sequence (rarity=0.97)
SES_0033478,SVC_0078,service_account,2026-02-08 19:23:51,normal,0.3796048325958676,0.7582098916884541,0.0009997735,impossible_travel,0.5377,1,19,6,1,0,12315.413169096011,1,0,0,0,0.0,0.0,6,6,0.0472691686020508,9,0.965162486029991,3,Flagged due to geo-velocity (12315 km/h) + impossible travel detected + rare command sequence (rarity=0.97)
SES_0044793,SVC_0078,service_account,2026-02-22 07:48:01,normal,0.3889705042426193,0.7697222711661269,0.008218737,impossible_travel,0.8139,1,7,6,1,0,4228.546999307463,1,0,0,0,0.0,0.06,3,7,-0.6745337570955509,15,0.9652032750811684,3,Flagged due to geo-velocity (4229 km/h) + rare command sequence (rarity=0.97) + impossible travel detected
SES_0044798,SVC_0078,service_account,2026-02-22 07:51:13,normal,0.3858377046243066,0.7703709993162682,0.0013044099,impossible_travel,0.8162,1,7,6,1,0,13060.043596819402,1,0,0,0,0.0,0.06,4,7,-0.596978710649218,11,0.9650784183315622,3,Flagged due to geo-velocity (13060 km/h) + rare command sequence (rarity=0.97) + impossible travel detected
SES_0063275,SVC_0078,service_account,2026-03-15 12:35:12,normal,0.4143709888042284,0.8277548789397549,0.0009870987,impossible_travel,0.6342,1,12,6,1,0,40758.41977780969,1,0,0,0,0.1,0.06,3,6,-1.0102804955385305,11,0.9650656635347724,3,Flagged due to geo-velocity (40758 km/h) + rare command sequence (rarity=0.97) + impossible travel detected
SES_0077758,SVC_0078,service_account,2026-03-31 19:56:48,normal,0.4292701147944839,0.8566291293559941,0.0019111002,impossible_travel,0.5465,1,19,1,0,0,39587.432692941686,1,0,0,0,0.1,0.02,5,9,-0.4373487579293341,12,0.9651844234038512,3,Flagged due to geo-velocity (39587 km/h) + impossible travel detected + rare command sequence (rarity=0.97)
SES_0000179,SVC_0079,service_account,2026-01-01 09:08:29,normal,0.3821821844712097,0.7633200470207654,0.0010443219,low_and_slow_exfiltration,0.3286,1,9,3,0,0,0.0,0,1,0,1,0.0,0.0,1,1,0.0,3,0.9651311469244768,5,Flagged due to hour of day + command sequence length + spoofed device
SES_0008688,SVC_0079,service_account,2026-01-10 21:01:23,normal,0.365489135281396,0.7305088685892595,0.00046940197,low_and_slow_exfiltration,0.3669,1,21,5,1,1,0.0,0,0,0,0,0.2,0.04,3,7,-0.5182084595927684,1,0.9649199695673178,5,Flagged due to hour of day + new device fingerprint + anomalous session duration (z=-0.5)
SES_0037479,SVC_0079,service_account,2026-02-13 13:47:11,normal,0.4024597747681246,0.8046421165448246,0.000277433,impossible_travel,0.4714,1,13,4,0,0,4183.247016530885,1,0,0,0,0.1,0.02,5,5,2.3022878027839653,2,0.96502483503577,5,Flagged due to geo-velocity (4183 km/h) + rare command sequence (rarity=0.97) + impossible travel detected
SES_0054103,SVC_0079,service_account,2026-03-04 21:11:18,normal,0.3748508042329389,0.749280951333824,0.00042065713,low_and_slow_exfiltration,0.3512,1,21,2,0,1,795.2477283090543,0,1,0,0,0.0,0.04,3,3,-0.1238049523924013,2,0.9650298975066608,5,Flagged due to hour of day + command sequence length + anomalous session duration (z=-0.1)
SES_0054111,SVC_0079,service_account,2026-03-04 21:22:44,normal,0.402482757800308,0.8046859238616711,0.00027959174,impossible_travel,0.4202,1,21,2,0,1,3350.241887482751,1,0,0,0,0.0,0.04,3,3,-0.1197462952141649,1,0.96537269910698,5,Flagged due to geo-velocity (3350 km/h) + rare command sequence (rarity=0.97) + impossible travel detected
SES_0063748,SVC_0079,service_account,2026-03-15 21:57:06,normal,0.3968278514785012,0.7931351818806063,0.0005205211,impossible_travel,0.438,1,21,6,1,1,1726.49389697769,1,0,0,0,0.1,0.04,3,7,0.6220518426389041,1,0.965129700504222,5,Flagged due to geo-velocity (1726 km/h) + rare command sequence (rarity=0.97) + impossible travel detected
SES_0074277,SVC_0079,service_account,2026-03-27 20:38:29,normal,0.3593480037096799,0.7185170043974471,0.00017900302,impossible_travel,0.449,1,20,4,0,0,1470.7390465833987,1,0,0,0,0.0,0.06,5,6,-2.224713899876528,2,0.96537269910698,5,Flagged due to geo-velocity (1471 km/h) + rare command sequence (rarity=0.97) + impossible travel detected
SES_0076929,SVC_0079,service_account,2026-03-30 20:21:18,normal,0.3926631338474589,0.7850747441266229,0.00025152357,impossible_travel,0.6546,1,20,0,0,0,14028.832859696564,1,0,0,0,0.0,0.02,4,6,-0.7974479728101049,5,0.965191896575166,5,Flagged due to geo-velocity (14029 km/h) + rare command sequence (rarity=0.97) + impossible travel detected
SES_0062120,SVC_0080,service_account,2026-03-14 08:05:06,credential_stuffing,0.4115588830079225,0.8230346873346447,8.307868e-05,credential_stuffing,0.9173,1,8,5,1,0,0.0,0,1,0,0,0.2,0.08,6,7,-4.359441463689698,1,0.9351208194838594,4,Flagged due to rare command sequence (rarity=0.94) + command sequence length + new device fingerprint
SES_0000009,SVC_0081,service_account,2026-01-01 06:11:29,normal,0.4109906862538605,0.8188163146474061,0.0031650579,device_spoofing,0.3965,1,6,3,0,1,0.0,0,1,0,1,0.0,0.0,1,1,0.0,12,0.9651657404755636,4,Flagged due to new device fingerprint + command sequence length + rare command sequence (rarity=0.97)
SES_0000243,SVC_0081,service_account,2026-01-01 10:17:16,normal,0.4699578655785544,0.5915830578458753,0.34833267,lateral_movement,0.435,1,10,3,0,0,0.0,0,0,0,1,0.0,0.0,2,2,-367.82000000000016,17,0.9651423779523352,4,Flagged due to rare command sequence (rarity=0.97) + new device fingerprint + command sequence length
SES_0002469,SVC_0081,service_account,2026-01-03 19:34:28,normal,0.364323563588161,0.727380783540815,0.0012663436,impossible_travel,0.6157,1,19,5,1,0,6483.316664341704,1,0,0,0,0.1,0.04,2,3,-0.8648643408148327,10,0.9651485039675308,4,Flagged due to geo-velocity (6483 km/h) + rare command sequence (rarity=0.97) + impossible travel detected
SES_0007885,SVC_0081,service_account,2026-01-09 21:55:33,normal,0.4555946010724439,0.9046664777399568,0.0065227244,impossible_travel,0.605,1,21,4,0,1,22230.35795462171,1,0,0,0,0.0,0.02,2,3,0.9343729953251082,14,0.9651597653823696,4,Flagged due to geo-velocity (22230 km/h) + rare command sequence (rarity=0.97) + impossible travel detected
SES_0023437,SVC_0081,service_account,2026-01-27 19:12:36,normal,0.4033075111525201,0.7822293707315016,0.024385652,impossible_travel,0.6003,1,19,1,0,0,9297.329024669376,1,0,0,0,0.1,0.02,3,4,-1.3269285882896071,17,0.9651551404839926,4,Flagged due to geo-velocity (9297 km/h) + rare command sequence (rarity=0.97) + impossible travel detected
SES_0055924,SVC_0081,service_account,2026-03-07 06:41:36,normal,0.3770243254015036,0.7428710569608584,0.011177594,lateral_movement,0.5188,1,6,5,1,1,0.0,0,0,0,0,0.2,0.1,2,4,1.7121964816901625,17,0.9652402240283756,4,Flagged due to rare command sequence (rarity=0.97) + new device fingerprint + command sequence length
SES_0061969,SVC_0081,service_account,2026-03-14 06:24:35,normal,0.4137300353742811,0.8236179932977354,0.0038420775,impossible_travel,0.7854,1,6,5,1,1,3034.199542784976,1,0,0,0,0.1,0.06,2,3,-0.5928317186442387,13,0.9651085605158868,4,Flagged due to geo-velocity (3034 km/h) + rare command sequence (rarity=0.97) + impossible travel detected
SES_0065444,SVC_0081,service_account,2026-03-17 21:23:02,normal,0.3944284952116325,0.4280417633915573,0.36081523,lateral_movement,0.3673,1,21,1,0,1,0.0,0,0,0,0,0.0,0.04,2,3,0.1454470847240919,17,0.9651040903573628,4,Flagged due to rare command sequence (rarity=0.97) + command sequence length + new device fingerprint
SES_0019542,SVC_0082,service_account,2026-01-23 10:36:51,normal,0.3857813990355383,0.2210463119031689,0.5505165,lateral_movement,0.5166,1,10,4,0,0,0.0,0,0,0,0,0.0,0.0,5,5,-0.0825192519187386,17,0.9650875841497524,0,Flagged due to rare command sequence (rarity=0.97) + new device fingerprint + command sequence length
SES_0022652,SVC_0082,service_account,2026-01-26 20:51:29,normal,0.3908916628976173,0.7770763269738866,0.004706999,lateral_movement,0.3612,1,20,0,0,0,0.0,0,1,0,1,0.0,0.0,6,7,0.5481638242070168,12,0.9651574235591004,0,Flagged due to rare command sequence (rarity=0.97) + resource diversity spike (6 unique resources) + spoofed device
SES_0046962,SVC_0082,service_account,2026-02-24 16:36:53,normal,0.4045483572875311,0.8067228732167134,0.0023738414,impossible_travel,0.5384,1,16,1,0,0,14480.572415086446,1,0,0,0,0.1,0.1,6,6,-0.2995051184540209,13,0.965128365347064,0,Flagged due to geo-velocity (14481 km/h) + impossible travel detected + rare command sequence (rarity=0.97)
SES_0054953,SVC_0082,service_account,2026-03-05 20:29:52,normal,0.417745852341268,0.2793602821628522,0.5561314,lateral_movement,0.5906,1,20,3,0,0,0.0,0,0,0,0,0.0,0.02,6,6,0.6689039139458749,19,0.9651274166827676,0,Flagged due to rare command sequence (rarity=0.97) + new device fingerprint + resource diversity spike (6 unique resources)
SES_0059045,SVC_0082,service_account,2026-03-10 16:01:26,normal,0.3788613020790523,0.7571512868858439,0.0005713173,impossible_travel,0.5721,1,16,1,0,0,22673.87283212073,1,0,0,0,0.1,0.08,5,6,0.0521832908103962,11,0.9651882147781546,0,Flagged due to geo-velocity (22674 km/h) + impossible travel detected + rare command sequence (rarity=0.97)
SES_0067189,SVC_0082,service_account,2026-03-19 20:35:48,normal,0.410028358589486,0.8165724219635143,0.0034842952,impossible_travel,0.3275,1,20,3,0,0,1637.228362783214,1,1,0,0,0.0,0.02,6,8,-0.3333022641001373,12,0.9651018569143228,0,Flagged due to geo-velocity (1637 km/h) + impossible travel detected + rare command sequence (rarity=0.97)
SES_0070145,SVC_0082,service_account,2026-03-23 09:40:37,normal,0.4126703180685173,0.8241726204912176,0.0011680156,impossible_travel,0.5429,1,9,0,0,0,18413.8106079567,1,0,0,0,0.2,0.06,5,8,0.2103296372663431,10,0.9651649931584322,0,Flagged due to geo-velocity (18414 km/h) + impossible travel detected + rare command sequence (rarity=0.97)
SES_0000018,SVC_0083,service_account,2026-01-01 06:31:24,normal,0.3919377956794699,0.7826281341303388,0.0012474572,device_spoofing,0.3456,1,6,3,0,1,0.0,0,1,0,1,0.0,0.0,1,1,0.0,5,0.965144743274869,1,Flagged due to new device fingerprint + rare command sequence (rarity=0.97) + command sequence length
SES_0012323,SVC_0083,service_account,2026-01-15 06:44:06,normal,0.4291426391294533,0.8561500699166822,0.0021352083,impossible_travel,0.4493,1,6,3,0,1,480.7265935295083,0,1,0,1,0.0,0.02,4,5,1.9628080159846824,5,0.9652063607777112,1,Flagged due to geo-velocity (481 km/h) + rare command sequence (rarity=0.97) + command sequence length
SES_0018030,SVC_0083,service_account,2026-01-21 13:43:30,normal,0.3668548230918196,0.7331978946152288,0.00051175157,impossible_travel,0.4185,1,13,2,0,0,1528.0692651563547,1,1,0,0,0.2,0.04,2,3,1.5318181336331615,8,0.9651711042840077,1,Flagged due to geo-velocity (1528 km/h) + rare command sequence (rarity=0.97) + impossible travel detected
SES_0037935,SVC_0083,service_account,2026-02-14 06:18:11,normal,0.3596016434765405,0.7188080812953846,0.00039520566,impossible_travel,0.7663,1,6,5,1,1,1004.9467606447104,1,0,0,0,0.1,0.02,2,5,-0.711739664950367,4,0.9651528432282944,1,Flagged due to geo-velocity (1005 km/h) + rare command sequence (rarity=0.97) + impossible travel detected
SES_0037937,SVC_0083,service_account,2026-02-14 06:19:38,normal,0.4454100132876442,0.8905378844676806,0.0002821421,impossible_travel,0.963,1,6,5,1,1,11123.721040239729,1,0,0,0,0.1,0.02,2,5,0.4732949035377551,5,0.9652002858126424,1,Flagged due to geo-velocity (11124 km/h) + rare command sequence (rarity=0.97) + command sequence length
SES_0052476,SVC_0083,service_account,2026-03-03 06:38:50,normal,0.3992360321763692,0.7979393447550525,0.0005327196,impossible_travel,0.6166,1,6,1,0,1,4767.923427843955,1,0,0,0,0.0,0.0,2,3,1.5726706411041125,1,0.965129700504222,1,Flagged due to geo-velocity (4768 km/h) + rare command sequence (rarity=0.97) + impossible travel detected
SES_0052480,SVC_0083,service_account,2026-03-03 06:42:48,normal,0.3988223563675151,0.7968729045880655,0.00077180815,impossible_travel,0.7651,1,6,1,0,1,6150.22055608443,1,0,0,0,0.0,0.0,2,3,-0.6824032673125769,2,0.9651391022358764,1,Flagged due to geo-velocity (6150 km/h) + rare command sequence (rarity=0.97) + impossible travel detected
SES_0000304,SVC_0084,service_account,2026-01-01 11:18:35,normal,0.4615914619408151,0.9193504243849914,0.0038324995,impossible_travel,0.3782,1,11,3,0,0,1421.64517574344,1,1,0,1,0.0,0.0,2,2,1197.8999999999996,8,0.9651157787092725,1,Flagged due to geo-velocity (1422 km/h) + rare command sequence (rarity=0.97) + impossible travel detected
SES_0009036,SVC_0084,service_account,2026-01-11 11:04:40,normal,0.4195182454311012,0.8387485973138274,0.00028789355,impossible_travel,0.4864,1,11,6,1,0,9917.519385833642,1,0,0,0,0.2,0.06,5,7,-0.2578329146768895,4,0.965074374929487,1,Flagged due to geo-velocity (9918 km/h) + rare command sequence (rarity=0.97) + impossible travel detected
SES_0018824,SVC_0084,service_account,2026-01-22 11:41:09,normal,0.3751075925496724,0.7499143769590353,0.00030080814,impossible_travel,0.5316,1,11,3,0,0,21274.002002919136,1,0,0,0,0.1,0.08,3,4,0.4066929084171637,4,0.9650805222155688,1,Flagged due to geo-velocity (21274 km/h) + rare command sequence (rarity=0.97) + impossible travel detected
SES_0019764,SVC_0084,service_account,2026-01-23 14:42:51,normal,0.367566076563071,0.7348303378477795,0.00030181528,impossible_travel,0.5311,1,14,4,0,0,17108.406365335806,1,0,0,0,0.0,0.06,3,5,0.0799716911254877,2,0.9652606015372556,1,Flagged due to geo-velocity (17108 km/h) + rare command sequence (rarity=0.97) + impossible travel detected
SES_0022542,SVC_0084,service_account,2026-01-26 18:48:34,normal,0.385345868451688,0.7701458355405918,0.00054590136,impossible_travel,0.5083,1,18,0,0,0,33030.45435256461,1,0,0,0,0.1,0.08,4,5,0.7189634293065915,4,0.9652052759625204,1,Flagged due to geo-velocity (33030 km/h) + rare command sequence (rarity=0.97) + impossible travel detected
SES_0024277,SVC_0084,service_account,2026-01-28 19:26:45,normal,0.4179290282158501,0.8353141676569998,0.0005438888,impossible_travel,0.5257,1,19,2,0,0,26610.56563232872,1,0,0,0,0.1,0.06,4,5,-0.1426394132715661,3,0.9649898798796192,1,Flagged due to geo-velocity (26611 km/h) + rare command sequence (rarity=0.96) + impossible travel detected
SES_0005439,SVC_0085,service_account,2026-01-07 08:40:22,normal,0.4093329973792556,0.2582689062308318,0.5603971,lateral_movement,0.8246,1,8,2,0,0,0.0,0,0,0,0,0.1,0.0816326530612244,6,6,1.053006011515642,17,0.9651739439473012,1,Flagged due to rare command sequence (rarity=0.97) + new device fingerprint + geo-velocity (0 km/h)
SES_0007162,SVC_0085,service_account,2026-01-09 08:09:56,normal,0.5435206497035446,0.2290689159079437,0.8579724,lateral_movement,0.7756,1,8,4,0,0,0.0,0,0,0,0,0.0,0.08,5,6,-1.2286100383827607,20,0.9651074256323026,1,Flagged due to rare command sequence (rarity=0.97) + new device fingerprint + command sequence length
SES_0009831,SVC_0085,service_account,2026-01-12 09:23:04,normal,0.4142003485761876,0.2161121625111093,0.61228853,lateral_movement,0.5678,1,9,0,0,0,0.0,0,0,0,0,0.1,0.06,4,6,-0.7518327553407218,20,0.9651344013700492,1,Flagged due to rare command sequence (rarity=0.97) + new device fingerprint + command sequence length
SES_0015080,SVC_0085,service_account,2026-01-18 09:48:05,normal,0.4199892730966962,0.3570844533951595,0.4828941,lateral_movement,0.5079,1,9,6,1,0,0.0,0,0,0,0,0.1,0.1,5,5,0.9885257551447064,18,0.965148021827446,1,Flagged due to rare command sequence (rarity=0.97) + new device fingerprint + command sequence length
SES_0015249,SVC_0085,service_account,2026-01-18 12:38:57,normal,0.3893134588367279,0.3111059356464021,0.46752098,lateral_movement,0.5021,1,12,6,1,0,0.0,0,0,0,0,0.1,0.1,5,5,-0.2025443570555152,17,0.9651715616080586,1,Flagged due to rare command sequence (rarity=0.97) + new device fingerprint + command sequence length
SES_0015253,SVC_0085,service_account,2026-01-18 12:40:47,normal,0.5433577202750388,0.4194384620573408,0.667277,lateral_movement,0.4517,1,12,6,1,0,0.0,0,0,0,0,0.2,0.12,4,5,0.5534730342530947,17,0.9651824523017396,1,Flagged due to rare command sequence (rarity=0.97) + new device fingerprint + command sequence length
SES_0016055,SVC_0085,service_account,2026-01-19 09:31:44,normal,0.3725400065538944,0.3837224434132697,0.36135757,impossible_travel,0.3864,1,9,0,0,0,506.4309871817652,0,0,0,0,0.1,0.1,5,5,-0.8421021637779624,17,0.965163904089064,1,Flagged due to geo-velocity (506 km/h) + rare command sequence (rarity=0.97) + new device fingerprint
SES_0016646,SVC_0085,service_account,2026-01-19 21:04:40,normal,0.4554780096016825,0.539248758594692,0.37170726,lateral_movement,0.5655,1,21,0,0,1,0.0,0,0,0,0,0.1,0.12,5,5,-1.2674208551839183,20,0.9651182737842114,1,Flagged due to rare command sequence (rarity=0.97) + new device fingerprint + command sequence length
SES_0018487,SVC_0085,service_account,2026-01-21 21:54:52,normal,0.3896047174995223,0.7628153301904756,0.016394105,impossible_travel,0.6159,1,21,2,0,1,8314.998847648945,1,0,0,0,0.0,0.08,4,5,0.9066147055963306,16,0.965158990514376,1,Flagged due to geo-velocity (8315 km/h) + rare command sequence (rarity=0.97) + impossible travel detected
SES_0019126,SVC_0085,service_account,2026-01-22 17:34:10,normal,0.4636070183687744,0.234773586546051,0.69244045,lateral_movement,0.5608,1,17,3,0,0,0.0,0,0,0,0,0.1,0.1,5,5,1.2765041907776131,18,0.9651527628716134,1,Flagged due to rare command sequence (rarity=0.97) + new device fingerprint + command sequence length
SES_0030339,SVC_0085,service_account,2026-02-05 08:51:16,normal,0.470556165127315,0.2177953627672949,0.72331697,lateral_movement,0.7429,1,8,3,0,0,0.0,0,0,0,0,0.0,0.04,5,7,1.045158664290659,20,0.965111547930028,1,Flagged due to rare command sequence (rarity=0.97) + new device fingerprint + command sequence length
SES_0031762,SVC_0085,service_account,2026-02-06 18:59:57,normal,0.38713730295277,0.4955981556530072,0.27867645,device_spoofing,0.3694,1,18,4,0,0,0.0,0,1,0,0,0.0,0.04,5,6,1.484792953848921,19,0.9650627845356056,1,Flagged due to new device fingerprint + command sequence length + rare command sequence (rarity=0.97)
SES_0032769,SVC_0085,service_account,2026-02-07 21:49:48,normal,0.3795495670175038,0.6564299769472047,0.10266916,lateral_movement,0.582,1,21,5,1,1,0.0,0,0,0,0,0.2,0.06,6,7,-0.977036195443475,17,0.9651033246054632,1,Flagged due to rare command sequence (rarity=0.97) + new device fingerprint + resource diversity spike (6 unique resources)
SES_0033445,SVC_0085,service_account,2026-02-08 18:42:19,normal,0.3942910608974868,0.701214780872618,0.08736734,lateral_movement,0.4453,1,18,6,1,0,309.9230311704212,0,0,0,1,0.1,0.04,6,8,-0.192180540079864,18,0.9651640128069264,1,Flagged due to rare command sequence (rarity=0.97) + resource diversity spike (6 unique resources) + new device fingerprint
SES_0035302,SVC_0085,service_account,2026-02-10 21:16:41,normal,0.4825772017088347,0.5193131208115446,0.44584128,lateral_movement,0.6076,1,21,1,0,1,0.0,0,0,0,0,0.1,0.06,5,8,-1.3006118270924738,19,0.965074203642878,1,Flagged due to rare command sequence (rarity=0.97) + new device fingerprint + command sequence length
SES_0040411,SVC_0085,service_account,2026-02-16 21:33:47,normal,0.3778122810280288,0.632206812055104,0.12341775,lateral_movement,0.6107,1,21,0,0,1,0.0,0,0,0,0,0.2,0.1,5,8,-0.1400703688865849,19,0.9651557360688032,1,Flagged due to rare command sequence (rarity=0.97) + new device fingerprint + command sequence length
SES_0044515,SVC_0085,service_account,2026-02-21 18:38:26,normal,0.3643018523665081,0.2900470037881158,0.4385567,lateral_movement,0.5817,1,18,5,1,0,0.0,0,0,0,0,0.0,0.06,6,6,-0.8449998559918114,17,0.9651124285447124,1,Flagged due to rare command sequence (rarity=0.97) + new device fingerprint + resource diversity spike (6 unique resources)
SES_0053631,SVC_0085,service_account,2026-03-04 12:13:02,normal,0.393329291929516,0.7840245342329648,0.0026340496,impossible_travel,0.3286,1,12,2,0,0,1200.0304536716358,1,1,0,0,0.0,0.04,6,9,0.6823036131803056,15,0.965070590129821,1,Flagged due to geo-velocity (1200 km/h) + impossible travel detected + rare command sequence (rarity=0.97)
SES_0053635,SVC_0085,service_account,2026-03-04 12:13:51,normal,0.3741905710266208,0.733442304204638,0.014938838,impossible_travel,0.5488,1,12,2,0,0,7420.188305202947,1,0,0,0,0.0,0.04,5,9,0.5477025920763688,17,0.96510170801812,1,Flagged due to geo-velocity (7420 km/h) + impossible travel detected + rare command sequence (rarity=0.97)
SES_0065221,SVC_0085,service_account,2026-03-17 17:13:13,normal,0.3990203314099801,0.7872339747124101,0.010806688,impossible_travel,0.6244,1,17,1,0,0,15472.783682464184,1,0,0,0,0.0,0.0,3,5,-1.83116292718342,16,0.965196868644791,1,Flagged due to geo-velocity (15473 km/h) + rare command sequence (rarity=0.97) + impossible travel detected
SES_0076488,SVC_0085,service_account,2026-03-30 12:38:46,normal,0.4774798396698065,0.2705847508651868,0.6843749,lateral_movement,0.5491,1,12,0,0,0,0.0,0,0,0,0,0.1,0.04,5,6,2.139162437973845,18,0.9651722895450494,1,Flagged due to rare command sequence (rarity=0.97) + new device fingerprint + command sequence length
SES_0003252,SVC_0086,service_account,2026-01-04 17:19:36,normal,0.4000699439399316,0.7981137865383923,0.0020261013,impossible_travel,0.6425,1,17,6,1,0,22979.475902137,1,0,0,0,0.1,0.0555555555555555,2,3,0.4863492714374915,9,0.9651099327607436,0,Flagged due to geo-velocity (22979 km/h) + rare command sequence (rarity=0.97) + impossible travel detected
SES_0003274,SVC_0086,service_account,2026-01-04 17:47:46,normal,0.4302072956878874,0.8596564037050486,0.00075818767,impossible_travel,0.6542,1,17,6,1,0,23774.17996143891,1,0,0,0,0.1,0.0476190476190476,2,3,1.874079023085472,9,0.9651174862887396,0,Flagged due to geo-velocity (23774 km/h) + rare command sequence (rarity=0.97) + impossible travel detected
SES_0003798,SVC_0086,service_account,2026-01-05 11:30:23,normal,0.3811958880527271,0.760711206149375,0.00168057,impossible_travel,0.5736,1,11,0,0,0,4625.77448408796,1,0,0,1,0.0,0.0416666666666666,3,4,0.7267241785912686,8,0.9651071001877454,0,Flagged due to geo-velocity (4626 km/h) + rare command sequence (rarity=0.97) + impossible travel detected
SES_0025348,SVC_0086,service_account,2026-01-30 08:59:00,impossible_travel,0.4001828181136739,0.8001548375325958,0.0002107987,impossible_travel,0.9757,1,8,4,0,0,17282.10308340093,1,0,0,0,0.0,0.04,2,4,-3.0406827076467406,5,0.9651907394389624,0,Flagged due to geo-velocity (17282 km/h) + rare command sequence (rarity=0.97) + command sequence length
SES_0036966,SVC_0086,service_account,2026-02-12 20:21:17,normal,0.4401795254470422,0.8800453334587376,0.00031371744,impossible_travel,0.5681,1,20,3,0,0,20086.85592655362,1,0,0,0,0.3,0.12,2,3,0.7003960934060224,7,0.9651582156463824,0,Flagged due to geo-velocity (20087 km/h) + rare command sequence (rarity=0.97) + impossible travel detected
SES_0036972,SVC_0086,service_account,2026-02-12 20:31:57,normal,0.3722514053928368,0.7437703047423959,0.00073250604,impossible_travel,0.6223,1,20,3,0,0,7432.850157412016,1,0,0,0,0.2,0.12,2,3,0.5857575520136677,8,0.9651108970409136,0,Flagged due to geo-velocity (7433 km/h) + rare command sequence (rarity=0.97) + impossible travel detected
SES_0039875,SVC_0086,service_account,2026-02-16 11:18:47,normal,0.3856103177080683,0.7705573961983078,0.0006632392,impossible_travel,0.6262,1,11,0,0,0,19455.799789902645,1,0,0,0,0.0,0.1,3,5,-0.7300828375965066,6,0.9651439236367249,0,Flagged due to geo-velocity (19456 km/h) + rare command sequence (rarity=0.97) + impossible travel detected
SES_0042469,SVC_0086,service_account,2026-02-19 11:59:44,normal,0.3840682726560103,0.7675510770006923,0.0005854683,impossible_travel,0.6387,1,11,3,0,0,40275.95590289583,1,0,0,0,0.0,0.08,2,5,1.6512374978796476,6,0.9651366915354522,0,Flagged due to geo-velocity (40276 km/h) + rare command sequence (rarity=0.97) + impossible travel detected
SES_0000031,SVC_0087,service_account,2026-01-01 06:46:21,normal,0.4094023408074631,0.8108983909124045,0.007906291,device_spoofing,0.4278,1,6,3,0,1,0.0,0,1,0,1,0.0,0.0,1,1,0.0,15,0.9651440682787502,0,Flagged due to new device fingerprint + command sequence length + rare command sequence (rarity=0.97)
SES_0003518,SVC_0087,service_account,2026-01-05 06:35:06,normal,0.3615333573471881,0.4803291085265831,0.2427376,lateral_movement,0.5498,1,6,0,0,1,0.0,0,0,0,0,0.0,0.032258064516129,2,2,-0.0631206072776655,17,0.9651329336789086,0,Flagged due to rare command sequence (rarity=0.97) + new device fingerprint + command sequence length
SES_0006960,SVC_0087,service_account,2026-01-08 20:42:52,normal,0.3661426460514844,0.3180585217019679,0.41422677,lateral_movement,0.3884,1,20,3,0,0,0.0,0,0,0,0,0.2,0.04,2,2,-0.3828433886541788,17,0.9651160871371208,0,Flagged due to rare command sequence (rarity=0.97) + command sequence length + new device fingerprint
SES_0018535,SVC_0087,service_account,2026-01-22 06:49:27,normal,0.4286731801872435,0.413152162719763,0.4441942,lateral_movement,0.5992,1,6,3,0,1,0.0,0,0,0,0,0.0,0.04,2,5,-0.4277944076195001,18,0.9651269683770748,0,Flagged due to rare command sequence (rarity=0.97) + new device fingerprint + command sequence length
SES_0025207,SVC_0087,service_account,2026-01-30 06:23:18,normal,0.3889308803276083,0.7753204272182508,0.0025413334,impossible_travel,0.816,1,6,4,0,1,3221.1499800292404,1,0,0,0,0.1,0.08,2,2,0.0488315503270446,13,0.9651925641537452,0,Flagged due to geo-velocity (3221 km/h) + rare command sequence (rarity=0.97) + impossible travel detected
SES_0030378,SVC_0087,service_account,2026-02-05 09:44:37,normal,0.3895515830427912,0.7772612024675201,0.0018419636,impossible_travel,0.6273,1,9,3,0,0,30011.34029059817,1,0,0,0,0.0,0.1,3,6,-0.404963225184422,10,0.9650938292819102,0,Flagged due to geo-velocity (30011 km/h) + rare command sequence (rarity=0.97) + impossible travel detected
SES_0062919,SVC_0087,service_account,2026-03-15 06:24:59,normal,0.476771907048605,0.9469025132364176,0.006641301,impossible_travel,0.8329,1,6,6,1,1,17652.372291645122,1,0,0,0,0.0,0.08,2,4,-2.95870140196742e-06,14,0.9651801185816652,0,Flagged due to geo-velocity (17652 km/h) + rare command sequence (rarity=0.97) + new device fingerprint
SES_0062942,SVC_0087,service_account,2026-03-15 06:56:14,normal,0.3696955181439217,0.7354747037896507,0.0039163325,impossible_travel,0.8277,1,6,6,1,1,1287.4887680267498,1,0,0,0,0.0,0.08,2,4,0.2939038093541819,13,0.9651260288220376,0,Flagged due to geo-velocity (1287 km/h) + rare command sequence (rarity=0.97) + new device fingerprint
SES_0016692,SVC_0088,service_account,2026-01-19 21:42:02,normal,0.5234953018571241,0.7297817175677028,0.3172089,lateral_movement,0.6262,1,21,0,0,1,0.0,0,0,0,1,0.1,0.08,5,8,-0.3422961124309976,20,0.9650890560950705,2,Flagged due to rare command sequence (rarity=0.97) + new device fingerprint + command sequence length
SES_0020948,SVC_0088,service_account,2026-01-24 21:00:00,edge_case,0.3610144964641898,0.7205943671034664,0.0014346258,lateral_movement,0.6172,1,21,5,1,1,0.0,0,0,0,1,0.0,0.04,6,7,-3.943753309373692,5,0.9651461896951236,2,Flagged due to rare command sequence (rarity=0.97) + resource diversity spike (6 unique resources) + new device fingerprint
SES_0023972,SVC_0088,service_account,2026-01-28 13:25:57,normal,0.3817763423245037,0.758308595824169,0.005244089,impossible_travel,0.5825,1,13,2,0,0,19393.711856221755,1,0,0,0,0.1,0.02,5,6,-0.1156111293307289,14,0.9651289772940947,2,Flagged due to geo-velocity (19394 km/h) + impossible travel detected + rare command sequence (rarity=0.97)
SES_0031967,SVC_0088,service_account,2026-02-07 07:15:51,normal,0.6271413666691648,0.9112027491502498,0.34307998,impossible_travel,0.6094,1,7,5,1,0,1457.9094972512212,1,0,0,1,0.1,0.04,6,8,2.672439492143375,19,0.9651306901601856,2,Flagged due to geo-velocity (1458 km/h) + impossible travel detected + rare command sequence (rarity=0.97)
SES_0031973,SVC_0088,service_account,2026-02-07 07:18:54,normal,0.37118400575905,0.7387805292538346,0.0035874823,impossible_travel,0.6459,1,7,5,1,0,4533.06286303795,1,0,0,0,0.1,0.04,6,8,1.128158650220918,12,0.965177432372621,2,Flagged due to geo-velocity (4533 km/h) + impossible travel detected + rare command sequence (rarity=0.97)
SES_0039575,SVC_0088,service_account,2026-02-15 21:02:52,normal,0.4855260616190034,0.651897681881348,0.31915444,lateral_movement,0.5062,1,21,6,1,1,47.44695239967378,0,0,0,0,0.0,0.0,5,9,1.215897405867001,17,0.9651821970511064,2,Flagged due to rare command sequence (rarity=0.97) + new device fingerprint + command sequence length
SES_0053312,SVC_0088,service_account,2026-03-03 21:53:27,normal,0.4792080983532354,0.954330235442844,0.0040859613,impossible_travel,0.5488,1,21,1,0,1,16708.62808161977,1,0,0,0,0.2,0.08,5,7,-0.1447477334507354,14,0.9651120335139706,2,Flagged due to geo-velocity (16709 km/h) + impossible travel detected + rare command sequence (rarity=0.97)
SES_0055111,SVC_0088,service_account,2026-03-06 07:32:24,normal,0.4117293664997383,0.5902815032373994,0.23317723,impossible_travel,0.7981,1,7,4,0,0,1375.5363364936152,1,0,0,0,0.1,0.08,4,6,-0.4517332648350177,18,0.9651058345700226,2,Flagged due to geo-velocity (1376 km/h) + rare command sequence (rarity=0.97) + impossible travel detected
SES_0058463,SVC_0088,service_account,2026-03-09 21:27:11,normal,0.431498674218632,0.8618845691841016,0.0011127793,impossible_travel,0.5533,1,21,0,0,1,14506.53889659128,1,0,0,0,0.0,0.06,5,7,-1.9299472851978383,10,0.9651684645670432,2,Flagged due to geo-velocity (14507 km/h) + impossible travel detected + rare command sequence (rarity=0.97)
SES_0058465,SVC_0088,service_account,2026-03-09 21:28:21,normal,0.4588116040667011,0.9162142047387464,0.0014090034,impossible_travel,0.5533,1,21,0,0,1,29842.02287298777,1,0,0,0,0.0,0.06,5,7,2.056975653273638,9,0.9651460932671064,2,Flagged due to geo-velocity (29842 km/h) + impossible travel detected + rare command sequence (rarity=0.97)
SES_0062088,SVC_0088,service_account,2026-03-14 08:00:47,credential_stuffing,0.4173461986337263,0.8346094133337724,8.2983934e-05,credential_stuffing,0.9481,1,8,5,1,0,0.0,0,1,0,0,0.2,0.06,6,9,-4.745561964187275,1,0.9351208194838594,4,Flagged due to rare command sequence (rarity=0.94) + command sequence length + new device fingerprint
SES_0065462,SVC_0088,service_account,2026-03-17 21:42:56,normal,0.3828555892934645,0.5491941920976331,0.21651699,lateral_movement,0.7,1,21,1,0,1,0.0,0,0,0,0,0.0,0.06,7,8,1.6141235588271714,17,0.9651165976383872,2,Flagged due to rare command sequence (rarity=0.97) + resource diversity spike (7 unique resources) + new device fingerprint
SES_0000231,SVC_0089,service_account,2026-01-01 10:01:37,normal,0.3743630681777425,0.7482373875815527,0.0004887488,low_and_slow_exfiltration,0.3319,1,10,3,0,0,0.0,0,1,0,1,0.0,0.0,1,1,0.0,3,0.9650867900366716,4,Flagged due to hour of day + command sequence length + spoofed device
SES_0000892,SVC_0089,service_account,2026-01-01 21:45:15,normal,0.41030991250729,0.8099840355307945,0.0106357895,low_and_slow_exfiltration,0.41,1,21,3,0,1,0.0,0,0,0,1,0.0,0.0,2,2,-670.05,2,0.9650298975066608,4,Flagged due to hour of day + command sequence length + new device fingerprint
SES_0001148,SVC_0089,service_account,2026-01-02 10:33:40,normal,0.359545184716552,0.718552135416246,0.000538234,lateral_movement,0.442,1,10,4,0,0,0.0,0,0,0,1,0.25,0.25,3,3,2.105542648894632,7,0.965177225741156,4,Flagged due to rare command sequence (rarity=0.97) + command sequence length + new device fingerprint
SES_0003456,SVC_0089,service_account,2026-01-04 21:33:37,normal,0.3695067754269854,0.7385885707844602,0.00042498007,low_and_slow_exfiltration,0.351,1,21,6,1,1,0.0,0,1,0,0,0.1,0.0952380952380952,3,3,0.216860307318047,4,0.9652559006714284,4,Flagged due to hour of day + command sequence length + anomalous session duration (z=0.2)
SES_0009876,SVC_0089,service_account,2026-01-12 10:12:24,normal,0.4555489530908913,0.9107841418601648,0.00031376432,impossible_travel,0.5822,1,10,0,0,0,27904.57680166501,1,0,0,0,0.3,0.08,3,4,0.6510709241890456,5,0.9651013506672336,4,Flagged due to geo-velocity (27905 km/h) + rare command sequence (rarity=0.97) + command sequence length
SES_0014284,SVC_0089,service_account,2026-01-17 10:55:20,normal,0.4358861007147019,0.8706619887848418,0.0011102126,impossible_travel,0.5963,1,10,5,1,0,29022.01653134077,1,0,0,0,0.2,0.12,3,3,0.3372591636846522,7,0.9651441647067672,4,Flagged due to geo-velocity (29022 km/h) + rare command sequence (rarity=0.97) + impossible travel detected
SES_0029320,SVC_0089,service_account,2026-02-03 21:37:04,normal,0.4090869535043763,0.8169868700306717,0.001187037,impossible_travel,0.4409,1,21,1,0,1,1178.5186355256842,1,1,0,0,0.0,0.02,3,6,-0.4456636222572417,5,0.9651875573144024,4,Flagged due to geo-velocity (1179 km/h) + rare command sequence (rarity=0.97) + impossible travel detected
SES_0029329,SVC_0089,service_account,2026-02-03 21:43:55,normal,0.3873817045312937,0.7740880074704259,0.0006754016,impossible_travel,0.6135,1,21,1,0,1,4648.123377584268,1,0,0,0,0.1,0.04,4,6,-0.1738969417273735,6,0.9651024595894288,4,Flagged due to geo-velocity (4648 km/h) + rare command sequence (rarity=0.97) + impossible travel detected
SES_0044934,SVC_0089,service_account,2026-02-22 10:15:30,normal,0.3917729173557453,0.7828038496670485,0.00074198504,impossible_travel,0.4817,1,10,6,1,0,1887.0581784643043,1,0,0,1,0.0,0.02,4,7,0.2647290148016848,2,0.9651268076637132,4,Flagged due to geo-velocity (1887 km/h) + rare command sequence (rarity=0.97) + impossible travel detected
SES_0047758,SVC_0089,service_account,2026-02-25 15:28:03,normal,0.3994200415065763,0.7983201338852326,0.0005199491,impossible_travel,0.5133,1,15,2,0,0,25890.10384798966,1,0,0,0,0.0,0.0,3,5,-1.719979142126664,4,0.9651915349701023,4,Flagged due to geo-velocity (25890 km/h) + rare command sequence (rarity=0.97) + impossible travel detected
SES_0063700,SVC_0089,service_account,2026-03-15 21:01:47,normal,0.4086208410728465,0.8166897418545044,0.0005519403,impossible_travel,0.693,1,21,6,1,1,3849.121030980782,1,0,0,0,0.0,0.0,3,3,-0.4730367131451728,5,0.9651389575938508,4,Flagged due to geo-velocity (3849 km/h) + rare command sequence (rarity=0.97) + command sequence length
SES_0000027,SVC_0090,service_account,2026-01-01 06:41:13,normal,0.4296313031678646,0.8554865086655318,0.0037760977,lateral_movement,0.3603,1,6,3,0,1,0.0,0,1,0,1,0.0,0.0,1,1,0.0,7,0.965071017168182,5,Flagged due to rare command sequence (rarity=0.97) + command sequence length + spoofed device
SES_0000046,SVC_0090,service_account,2026-01-01 07:02:43,normal,0.3668601918869015,0.732268521147094,0.0014518626,impossible_travel,0.7685,1,7,3,0,0,2373.3826978482493,1,0,0,0,0.0,0.0,1,1,-65.88,7,0.9651131699870276,5,Flagged due to geo-velocity (2373 km/h) + rare command sequence (rarity=0.97) + impossible travel detected
SES_0000060,SVC_0090,service_account,2026-01-01 07:12:37,normal,0.4481138041359582,0.8948500268860208,0.0013775814,impossible_travel,0.7366,1,7,3,0,0,5154.315959973471,1,0,0,1,0.0,0.0,2,2,-2.312157601748726,6,0.965103182799556,5,Flagged due to geo-velocity (5154 km/h) + rare command sequence (rarity=0.97) + impossible travel detected
SES_0001101,SVC_0090,service_account,2026-01-02 09:29:38,normal,0.3881368309559587,0.7751426448016069,0.0011310171,impossible_travel,0.5112,1,9,4,0,0,22917.95706247229,1,0,0,0,0.0,0.0,6,6,0.6065206014497906,9,0.9651674681442012,5,Flagged due to geo-velocity (22918 km/h) + impossible travel detected + rare command sequence (rarity=0.97)
SES_0004474,SVC_0090,service_account,2026-01-06 07:38:03,normal,0.3876190271942498,0.7735219843949366,0.00171607,impossible_travel,0.6326,1,7,1,0,0,6322.133347004964,1,0,0,0,0.1,0.0434782608695652,6,8,-1.0018429027148623,8,0.965176528359962,5,Flagged due to geo-velocity (6322 km/h) + impossible travel detected + rare command sequence (rarity=0.97)
SES_0009669,SVC_0090,service_account,2026-01-12 06:57:07,normal,0.3647697840304207,0.7278696063345484,0.0016699617,lateral_movement,0.7722,1,6,0,0,1,221.9923162015336,0,0,0,0,0.1,0.06,7,10,-0.1519031870189178,7,0.9651400320774686,5,Flagged due to rare command sequence (rarity=0.97) + resource diversity spike (7 unique resources) + command sequence length
SES_0009675,SVC_0090,service_account,2026-01-12 07:02:47,normal,0.3667906538287108,0.733090517540821,0.0004907901,impossible_travel,0.6238,1,7,0,0,0,1162.847985749798,1,0,0,0,0.1,0.06,8,10,-0.1801266521472153,5,0.9651386683098,5,Flagged due to geo-velocity (1163 km/h) + impossible travel detected + rare command sequence (rarity=0.97)
SES_0015128,SVC_0090,service_account,2026-01-18 10:32:32,normal,0.4746264270248311,0.9489200305316972,0.00033282352,impossible_travel,0.6168,1,10,6,1,0,10088.729154179617,1,0,0,0,0.2,0.1,4,9,-0.2881230477427995,5,0.965281285346895,5,Flagged due to geo-velocity (10089 km/h) + rare command sequence (rarity=0.97) + impossible travel detected
SES_0016086,SVC_0090,service_account,2026-01-19 09:59:33,normal,0.3813510174415729,0.7622110371398187,0.00049099774,impossible_travel,0.5685,1,9,0,0,0,7956.654141735318,1,0,0,0,0.0,0.1,3,7,-1.141199616560637,7,0.9651470575472764,5,Flagged due to geo-velocity (7957 km/h) + rare command sequence (rarity=0.97) + impossible travel detected
SES_0027053,SVC_0090,service_account,2026-02-01 09:15:44,normal,0.3966811905024834,0.7912714684598671,0.0020909125,impossible_travel,0.605,1,9,6,1,0,18076.46008801117,1,0,0,0,0.1,0.06,4,6,-0.057758930502457,10,0.9651594967614652,5,Flagged due to geo-velocity (18076 km/h) + rare command sequence (rarity=0.97) + impossible travel detected
SES_0056842,SVC_0090,service_account,2026-03-08 07:58:29,normal,0.3668853128110479,0.733127782019405,0.0006428436,impossible_travel,0.835,1,7,6,1,0,5001.688695953885,1,0,0,0,0.1,0.04,3,6,0.7972606864596312,8,0.9651000488890046,5,Flagged due to geo-velocity (5002 km/h) + rare command sequence (rarity=0.97) + impossible travel detected
SES_0063559,SVC_0090,service_account,2026-03-15 17:55:34,normal,0.4003163285903695,0.8004815161870452,0.000151141,impossible_travel,0.4471,1,17,6,1,0,1619.5486944849276,1,1,0,0,0.0,0.04,4,7,-0.8435832377854403,5,0.9650521723785802,5,Flagged due to geo-velocity (1620 km/h) + rare command sequence (rarity=0.97) + impossible travel detected
SES_0066409,SVC_0090,service_account,2026-03-19 06:41:12,normal,0.397526813159806,0.7928005612010458,0.0022530651,impossible_travel,0.6448,1,6,3,0,1,2414.747913392267,1,0,0,0,0.0,0.06,5,7,-1.7216750117493405,4,0.965192981390357,5,Flagged due to geo-velocity (2415 km/h) + impossible travel detected + rare command sequence (rarity=0.97)
SES_0068396,SVC_0090,service_account,2026-03-21 10:19:15,normal,0.3883247414019941,0.7764155956476331,0.00023388716,impossible_travel,0.4716,1,10,5,1,0,6334.457676609618,1,0,0,0,0.0,0.04,5,7,1.0236286347402055,4,0.965074374929487,5,Flagged due to geo-velocity (6334 km/h) + rare command sequence (rarity=0.97) + impossible travel detected
SES_0069933,SVC_0090,service_account,2026-03-23 06:13:12,normal,0.3675663854883688,0.7347916234431197,0.00034114753,lateral_movement,0.7685,1,6,0,0,1,0.0,0,0,0,0,0.3,0.06,6,8,-0.850664972731804,6,0.9651911733650388,5,Flagged due to rare command sequence (rarity=0.97) + command sequence length + new device fingerprint
SES_0074389,SVC_0090,service_account,2026-03-28 06:47:33,normal,0.3741028299195774,0.7464123642284587,0.0017932956,lateral_movement,0.8921,1,6,5,1,1,0.0,0,0,0,1,0.0,0.06,6,8,-0.4737299115749667,8,0.9651060153725544,5,Flagged due to rare command sequence (rarity=0.97) + command sequence length + new device fingerprint
SES_0000726,SVC_0091,service_account,2026-01-01 18:37:49,normal,0.398243481600694,0.795778507690485,0.0007084555,impossible_travel,0.4843,1,18,3,0,0,3476.045250354619,1,1,0,0,0.1,0.0714285714285714,2,2,-2.7349875337127605,5,0.9651453218429707,1,Flagged due to geo-velocity (3476 km/h) + rare command sequence (rarity=0.97) + command sequence length
SES_0017872,SVC_0091,service_account,2026-01-21 10:30:11,normal,0.3762108155698864,0.7515015434004132,0.00092008774,impossible_travel,0.4748,1,10,2,0,0,2247.2665130367195,1,1,0,0,0.1,0.06,2,2,1.306028180450779,5,0.9650955649862156,1,Flagged due to geo-velocity (2247 km/h) + rare command sequence (rarity=0.97) + command sequence length
SES_0030019,SVC_0091,service_account,2026-02-04 18:44:57,normal,0.3657686129228241,0.7313363759751955,0.00020084987,impossible_travel,0.5311,1,18,2,0,0,13416.324560559076,1,0,0,0,0.1,0.06,3,4,0.5519924090409802,3,0.9650612366121752,1,Flagged due to geo-velocity (13416 km/h) + rare command sequence (rarity=0.97) + impossible travel detected
SES_0062981,SVC_0091,service_account,2026-03-15 07:22:55,normal,0.3724571865271641,0.7427313766881551,0.0021829964,impossible_travel,0.8647,1,7,6,1,0,4145.343709695961,1,0,0,0,0.1,0.08,2,3,-0.9937231603308624,6,0.96502483503577,1,Flagged due to geo-velocity (4145 km/h) + rare command sequence (rarity=0.97) + new device fingerprint
SES_0065131,SVC_0091,service_account,2026-03-17 15:48:39,normal,0.4058945712370896,0.8113426566239177,0.00044648585,impossible_travel,0.4439,1,15,1,0,0,14729.050272886783,1,0,0,0,0.1,0.1,2,3,0.6828296431229331,1,0.965129700504222,1,Flagged due to geo-velocity (14729 km/h) + rare command sequence (rarity=0.97) + impossible travel detected
SES_0072782,SVC_0091,service_account,2026-03-26 07:45:35,normal,0.3784764091643199,0.7567715455280937,0.0001812728,impossible_travel,0.5271,1,7,3,0,0,1473.836590111788,1,1,0,0,0.1,0.02,2,3,0.5418085762388037,4,0.9650396608433788,1,Flagged due to geo-velocity (1474 km/h) + rare command sequence (rarity=0.97) + impossible travel detected
SES_0001620,SVC_0092,service_account,2026-01-02 20:18:52,normal,0.3601774442885365,0.7188279747386119,0.0015269138,low_and_slow_exfiltration,0.3667,1,20,4,0,0,0.0,0,0,0,1,0.3,0.25,4,4,0.8726824750158336,3,0.9651542896485488,1,Flagged due to hour of day + command sequence length + new device fingerprint
SES_0009523,SVC_0092,service_account,2026-01-11 19:59:16,normal,0.3704403970494397,0.7401012207007029,0.0007795734,impossible_travel,0.5917,1,19,6,1,0,10665.726858025082,1,0,0,0,0.0,0.06,5,5,-1.9612819056914448,8,0.9651439839042354,1,Flagged due to geo-velocity (10666 km/h) + rare command sequence (rarity=0.97) + impossible travel detected
SES_0009556,SVC_0092,service_account,2026-01-11 20:43:23,normal,0.3587922780175911,0.7164749263985519,0.0011096296,impossible_travel,0.5864,1,20,6,1,0,4049.973266696728,1,0,0,0,0.0,0.06,5,5,2.433429311736665,7,0.965236735603056,1,Flagged due to geo-velocity (4050 km/h) + impossible travel detected + rare command sequence (rarity=0.97)
SES_0026200,SVC_0092,service_account,2026-01-31 08:56:31,normal,0.4440063369261909,0.8876960675999276,0.00031660625,impossible_travel,0.7095,1,8,5,1,0,19449.25448151851,1,0,0,0,0.1,0.04,5,7,2.2853001839857536,3,0.9650665401531084,1,Flagged due to geo-velocity (19449 km/h) + rare command sequence (rarity=0.97) + impossible travel detected
SES_0026508,SVC_0092,service_account,2026-01-31 14:59:36,normal,0.3919214617588329,0.7836154431039244,0.00022748041,impossible_travel,0.5409,1,14,5,1,0,7974.082548489869,1,0,0,0,0.1,0.04,4,7,-1.6215679349226415,2,0.9652511998056011,1,Flagged due to geo-velocity (7974 km/h) + rare command sequence (rarity=0.97) + impossible travel detected
SES_0034417,SVC_0092,service_account,2026-02-09 20:30:09,normal,0.359769857314446,0.7190969572412466,0.0004427574,impossible_travel,0.4539,1,20,0,0,0,1192.5583864174084,1,0,0,0,0.3,0.12,4,5,-0.1449410285451205,3,0.9650612366121752,1,Flagged due to geo-velocity (1193 km/h) + rare command sequence (rarity=0.97) + impossible travel detected
SES_0056380,SVC_0092,service_account,2026-03-07 14:43:48,normal,0.3955047674386177,0.7905556135221612,0.00045392136,impossible_travel,0.5341,1,14,5,1,0,30128.712100441287,1,0,0,0,0.1,0.08,4,6,0.2384252174200517,4,0.9650808838206324,1,Flagged due to geo-velocity (30129 km/h) + rare command sequence (rarity=0.97) + impossible travel detected
SES_0063047,SVC_0092,service_account,2026-03-15 08:08:46,normal,0.3988085673281495,0.797229363717612,0.00038777094,impossible_travel,0.7888,1,8,6,1,0,41517.88460672948,1,0,0,0,0.0,0.02,3,6,0.9212835251219412,4,0.9651481423624672,1,Flagged due to geo-velocity (41518 km/h) + rare command sequence (rarity=0.97) + impossible travel detected
SES_0000247,SVC_0093,service_account,2026-01-01 10:21:03,normal,0.3753571766293201,0.749190053176985,0.0015243001,device_spoofing,0.2847,1,10,3,0,0,0.0,0,1,0,1,0.0,0.0,1,1,0.0,6,0.965026040385982,4,Flagged due to new device fingerprint + rare command sequence (rarity=0.97) + command sequence length
SES_0002716,SVC_0093,service_account,2026-01-04 08:00:00,impossible_travel,0.3680571969787191,0.7356848417925782,0.00042955216,impossible_travel,0.9419,1,8,6,1,0,6283.121435611299,1,0,0,0,0.0,0.0,2,3,0.4772062368737017,5,0.9651464789791744,4,Flagged due to geo-velocity (6283 km/h) + rare command sequence (rarity=0.97) + command sequence length
SES_0002744,SVC_0093,service_account,2026-01-04 08:28:50,normal,0.4362774699465666,0.8722210921822704,0.0003338477,impossible_travel,0.8706,1,8,6,1,0,17930.50319515201,1,0,0,0,0.0,0.0,2,3,-2.220765028704918,6,0.9650935399978592,4,Flagged due to geo-velocity (17931 km/h) + rare command sequence (rarity=0.97) + impossible travel detected
SES_0002767,SVC_0093,service_account,2026-01-04 08:45:05,impossible_travel,0.45824687819707,0.9158750820092444,0.0006186744,impossible_travel,0.9446,1,8,6,1,0,58340.24470439868,1,0,0,0,0.0,0.0,2,3,-2.8640385797092804,5,0.9650521723785802,4,Flagged due to geo-velocity (58340 km/h) + rare command sequence (rarity=0.97) + command sequence length
SES_0069048,SVC_0093,service_account,2026-03-22 06:45:09,normal,0.4038271210677144,0.8060539683670114,0.0016002738,impossible_travel,0.8042,1,6,6,1,1,2621.8040758374354,1,0,0,0,0.1,0.08,2,4,0.2408012431695495,10,0.965147636115378,4,Flagged due to geo-velocity (2622 km/h) + rare command sequence (rarity=0.97) + impossible travel detected
SES_0070247,SVC_0093,service_account,2026-03-23 11:28:37,normal,0.3893715670372226,0.7779323411719606,0.0008107929,impossible_travel,0.5972,1,11,0,0,0,18554.206265497483,1,0,0,0,0.0,0.06,2,3,0.7667079095971695,6,0.9652157625093656,4,Flagged due to geo-velocity (18554 km/h) + rare command sequence (rarity=0.97) + impossible travel detected
SES_0000019,SVC_0094,service_account,2026-01-01 06:31:32,normal,0.4021744558767335,0.8022349873917017,0.0021139244,device_spoofing,0.4278,1,6,3,0,1,0.0,0,1,0,1,0.0,0.0,1,1,0.0,13,0.965110785777817,0,Flagged due to new device fingerprint + command sequence length + rare command sequence (rarity=0.97)
SES_0006633,SVC_0094,service_account,2026-01-08 14:15:05,normal,0.3871664216332556,0.7727460778663772,0.0015867654,impossible_travel,0.6312,1,14,3,0,0,32974.088608448656,1,0,0,0,0.0,0.04,2,2,1.467924116133746,12,0.965161883354885,0,Flagged due to geo-velocity (32974 km/h) + rare command sequence (rarity=0.97) + impossible travel detected
SES_0016278,SVC_0094,service_account,2026-01-19 14:08:55,normal,0.3823428318535546,0.763713892105056,0.0009717716,impossible_travel,0.5682,1,14,0,0,0,4793.546527294076,1,0,0,1,0.1,0.04,4,5,0.0860094709590147,10,0.9651686092090684,0,Flagged due to geo-velocity (4794 km/h) + impossible travel detected + rare command sequence (rarity=0.97)
SES_0016711,SVC_0094,service_account,2026-01-19 21:50:35,normal,0.4625100320260031,0.9240077157149073,0.0010123483,impossible_travel,0.4151,1,21,0,0,1,4328.70637615612,1,1,0,0,0.2,0.04,3,5,-0.4445070303106267,10,0.965210121470373,0,Flagged due to geo-velocity (4329 km/h) + rare command sequence (rarity=0.97) + impossible travel detected
SES_0023534,SVC_0094,service_account,2026-01-27 21:11:00,normal,0.440960613211332,0.8797852511362995,0.0021359753,impossible_travel,0.6285,1,21,1,0,1,14672.443927457078,1,0,0,0,0.0,0.02,2,3,-1.6041966180788667,13,0.9651441647067672,0,Flagged due to geo-velocity (14672 km/h) + rare command sequence (rarity=0.97) + impossible travel detected
SES_0044326,SVC_0094,service_account,2026-02-21 15:18:59,normal,0.5561210017415218,0.6207320890848502,0.4915099,impossible_travel,0.6158,1,15,5,1,0,1088.9656725182524,1,0,0,0,0.0,0.08,2,3,-0.9561237819175636,17,0.9651036649396408,0,Flagged due to geo-velocity (1089 km/h) + rare command sequence (rarity=0.97) + impossible travel detected
SES_0044327,SVC_0094,service_account,2026-02-21 15:20:29,normal,0.3845667463618892,0.7654388012613362,0.0036946915,impossible_travel,0.6258,1,15,5,1,0,15038.829030084964,1,0,0,0,0.0,0.08,2,3,0.6175738544019377,12,0.9651213835877588,0,Flagged due to geo-velocity (15039 km/h) + rare command sequence (rarity=0.97) + impossible travel detected
SES_0048957,SVC_0094,service_account,2026-02-26 21:55:24,normal,0.4128762476035486,0.8238184229714981,0.0019340722,impossible_travel,0.565,1,21,3,0,1,3352.7285146253485,1,0,0,1,0.1,0.06,3,6,0.5167296044843531,9,0.965166664577393,0,Flagged due to geo-velocity (3353 km/h) + impossible travel detected + rare command sequence (rarity=0.97)
SES_0069888,SVC_0094,service_account,2026-03-22 21:20:35,normal,0.3726449973277256,0.74198759907884,0.0033023956,impossible_travel,0.6488,1,21,6,1,1,3022.524847330708,1,0,0,0,0.1,0.02,3,5,-0.1673533757295101,10,0.9651437307806908,0,Flagged due to geo-velocity (3023 km/h) + rare command sequence (rarity=0.97) + impossible travel detected
SES_0000311,SVC_0095,service_account,2026-01-01 11:23:43,normal,0.370217360084086,0.7398222830251816,0.00061243714,low_and_slow_exfiltration,0.3064,1,11,3,0,0,0.0,0,1,0,1,0.0,0.0,1,1,0.0,2,0.9650342367674244,1,Flagged due to hour of day + command sequence length + spoofed device
SES_0001293,SVC_0095,service_account,2026-01-02 13:24:20,normal,0.3646450510495965,0.7287219306599664,0.00056817144,impossible_travel,0.5919,1,13,4,0,0,13587.414405061849,1,0,0,0,0.0,0.0,5,5,-0.8872334752499995,6,0.9651827359135542,1,Flagged due to geo-velocity (13587 km/h) + rare command sequence (rarity=0.97) + impossible travel detected
SES_0053177,SVC_0095,service_account,2026-03-03 19:15:58,normal,0.3945354655296302,0.7887425257355893,0.00032840532,impossible_travel,0.5244,1,19,1,0,0,12431.124127268737,1,0,0,0,0.2,0.1,4,6,1.056982648304673,4,0.9651344013700492,1,Flagged due to geo-velocity (12431 km/h) + rare command sequence (rarity=0.97) + impossible travel detected
SES_0054071,SVC_0095,service_account,2026-03-04 20:36:20,normal,0.365250081765546,0.7301526501166383,0.0003475134,impossible_travel,0.3876,1,20,2,0,0,1077.7634451050862,1,1,0,0,0.0,0.08,5,6,1.428893586070636,6,0.96514344149664,1,Flagged due to geo-velocity (1078 km/h) + impossible travel detected + rare command sequence (rarity=0.97)
SES_0056945,SVC_0095,service_account,2026-03-08 09:11:41,normal,0.3727822006665631,0.7452535453281822,0.000310856,impossible_travel,0.5456,1,9,6,1,0,4032.9928262759954,1,0,0,0,0.0,0.1,4,6,0.5643868945766605,2,0.9650298975066608,1,Flagged due to geo-velocity (4033 km/h) + rare command sequence (rarity=0.97) + impossible travel detected
SES_0000095,SVC_0096,service_account,2026-01-01 07:40:42,normal,0.4677537370667313,0.934363672991001,0.0011438011,brute_force,0.3261,1,7,3,0,0,0.0,0,1,0,1,1.0,1.0,1,1,0.0,8,0.9651061961750864,0,Flagged due to high auth failure rate (100%) + failed auth rate (last 50) + new device fingerprint
SES_0000584,SVC_0096,service_account,2026-01-01 16:17:58,normal,0.4062102827192395,0.8112883166540635,0.0011322488,lateral_movement,0.365,1,16,3,0,0,0.0,0,0,0,1,0.5,0.5,2,2,188.81,11,0.9651728301263568,0,Flagged due to rare command sequence (rarity=0.97) + new device fingerprint + command sequence length
SES_0000601,SVC_0096,service_account,2026-01-01 16:40:15,normal,0.3663574232666221,0.7317414571074635,0.0009733894,lateral_movement,0.3606,1,16,3,0,0,0.0,0,0,0,1,0.3333333333333333,0.3333333333333333,3,3,-8.466443669088601,11,0.965210437052974,0,Flagged due to rare command sequence (rarity=0.97) + new device fingerprint + command sequence length
SES_0013776,SVC_0096,service_account,2026-01-16 17:43:08,normal,0.3863638770158362,0.7722219359193847,0.0005058181,impossible_travel,0.4328,1,17,4,0,0,4931.895939587884,1,1,0,0,0.0,0.04,3,7,-0.4011877241116899,6,0.9651482628974885,0,Flagged due to geo-velocity (4932 km/h) + rare command sequence (rarity=0.97) + impossible travel detected
SES_0046278,SVC_0096,service_account,2026-02-23 19:59:49,normal,0.3829588547108825,0.7640584709340966,0.0018592385,impossible_travel,0.3831,1,19,0,0,0,1279.2765802267136,1,1,0,0,0.0,0.02,5,6,-2.513778910468188,10,0.9651162487958552,0,Flagged due to geo-velocity (1279 km/h) + impossible travel detected + rare command sequence (rarity=0.97)
SES_0070958,SVC_0096,service_account,2026-03-24 08:00:00,brute_force,0.3742195185951213,0.748350898909981,8.813828e-05,brute_force,0.8831,1,8,1,0,0,0.0,0,1,0,0,0.1,0.1,5,5,-4.963599284928372,1,0.9351208194838594,4,Flagged due to weekend access + day of week + rare command sequence (rarity=0.94)
SES_0070960,SVC_0096,service_account,2026-03-24 08:00:06,brute_force,0.4076503042334388,0.8152176473214966,8.2961145e-05,brute_force,0.9347,1,8,1,0,0,0.0,0,1,0,0,0.2,0.12,5,5,-4.859027676785438,1,0.9351208194838594,4,Flagged due to rare command sequence (rarity=0.94) + command sequence length + weekend access
SES_0070961,SVC_0096,service_account,2026-03-24 08:00:06,brute_force,0.4575166444977337,0.9148959771088208,0.00013731189,brute_force,0.986,1,8,1,0,0,0.0,0,1,0,0,0.3,0.14,5,5,-4.745969028928043,1,0.9351208194838594,4,Flagged due to rare command sequence (rarity=0.94) + command sequence length + high auth failure rate (30%)
SES_0070962,SVC_0096,service_account,2026-03-24 08:00:06,brute_force,0.4645653880056929,0.9287682383847432,0.00036253763,brute_force,0.9942,1,8,1,0,0,0.0,0,1,0,0,0.4,0.16,5,5,-4.658260265290082,1,0.9351208194838594,4,Flagged due to rare command sequence (rarity=0.94) + command sequence length + high auth failure rate (40%)
SES_0070963,SVC_0096,service_account,2026-03-24 08:00:08,brute_force,0.4729978384281761,0.9452348672797478,0.0007608096,brute_force,0.9944,1,8,1,0,0,0.0,0,1,0,0,0.5,0.18,4,5,-4.583293486563409,1,0.9351208194838594,4,Flagged due to rare command sequence (rarity=0.94) + command sequence length + high auth failure rate (50%)
SES_0070967,SVC_0096,service_account,2026-03-24 08:00:14,brute_force,0.4758663454646235,0.9504051201686244,0.0013275708,brute_force,0.9944,1,8,1,0,0,0.0,0,1,0,0,0.6,0.18,4,5,-4.485370459053387,1,0.9351208194838594,4,Flagged due to rare command sequence (rarity=0.94) + command sequence length + high auth failure rate (60%)
SES_0070968,SVC_0096,service_account,2026-03-24 08:00:15,brute_force,0.4824141994805838,0.9627653397131374,0.0020630592,brute_force,0.9944,1,8,1,0,0,0.0,0,1,0,0,0.7,0.2,4,5,-4.418109869849841,1,0.9351208194838594,4,Flagged due to rare command sequence (rarity=0.94) + command sequence length + high auth failure rate (70%)
SES_0070969,SVC_0096,service_account,2026-03-24 08:00:15,brute_force,0.4832253403967494,0.96348090288346,0.002969778,brute_force,0.9944,1,8,1,0,0,0.0,0,1,0,0,0.8,0.22,4,5,-4.348199457343895,1,0.9351208194838594,4,Flagged due to rare command sequence (rarity=0.94) + high auth failure rate (80%) + command sequence length
SES_0070970,SVC_0096,service_account,2026-03-24 08:00:16,brute_force,0.4837408484564817,0.9634268571901512,0.0040548397,brute_force,0.9945,1,8,1,0,0,0.0,0,1,0,0,0.9,0.24,3,5,-4.27780249358765,1,0.9351208194838594,4,Flagged due to rare command sequence (rarity=0.94) + command sequence length + high auth failure rate (90%)
SES_0070975,SVC_0096,service_account,2026-03-24 08:00:30,brute_force,0.4901622558268061,0.974962114593814,0.005362397,brute_force,0.9945,1,8,1,0,0,0.0,0,1,0,0,1.0,0.26,2,5,-4.210283151390288,1,0.9351208194838594,4,Flagged due to rare command sequence (rarity=0.94) + command sequence length + high auth failure rate (100%)
SES_0070978,SVC_0096,service_account,2026-03-24 08:00:36,brute_force,0.4905210567911003,0.9756818045476148,0.005360309,brute_force,0.9892,1,8,1,0,0,0.0,0,1,0,0,1.0,0.28,2,5,-4.148960983199343,1,0.9351208194838594,4,Flagged due to rare command sequence (rarity=0.94) + command sequence length + high auth failure rate (100%)
SES_0070980,SVC_0096,service_account,2026-03-24 08:00:40,brute_force,0.4905198663280193,0.9756818045476148,0.005357928,brute_force,0.9892,1,8,1,0,0,0.0,0,1,0,0,1.0,0.28,2,5,-4.078496470470739,1,0.9351208194838594,4,Flagged due to rare command sequence (rarity=0.94) + command sequence length + high auth failure rate (100%)
SES_0070982,SVC_0096,service_account,2026-03-24 08:00:42,brute_force,0.4905190081142668,0.9756818045476148,0.0053562117,brute_force,0.9945,1,8,1,0,0,0.0,0,1,0,0,1.0,0.3,2,5,-4.02756897084992,1,0.9351208194838594,4,Flagged due to rare command sequence (rarity=0.94) + command sequence length + high auth failure rate (100%)
SES_0070983,SVC_0096,service_account,2026-03-24 08:00:45,brute_force,0.4905179843579267,0.9756818045476148,0.005354164,brute_force,0.9945,1,8,1,0,0,0.0,0,1,0,0,1.0,0.32,2,5,-3.966972753611344,1,0.9351208194838594,4,Flagged due to rare command sequence (rarity=0.94) + command sequence length + high auth failure rate (100%)
SES_0070984,SVC_0096,service_account,2026-03-24 08:00:50,brute_force,0.4905172346432541,0.9756818045476148,0.0053526647,brute_force,0.9866,1,8,1,0,0,0.0,0,1,0,0,1.0,0.32,2,5,-3.922115179854288,1,0.9351208194838594,4,Flagged due to rare command sequence (rarity=0.94) + command sequence length + high auth failure rate (100%)
SES_0070986,SVC_0096,service_account,2026-03-24 08:00:52,brute_force,0.491596494898151,0.9778423357828472,0.005350654,brute_force,0.9953,1,8,1,0,0,0.0,0,1,0,0,1.0,0.34,2,5,-3.862160690534475,1,0.9351208194838594,4,Flagged due to rare command sequence (rarity=0.94) + command sequence length + high auth failure rate (100%)
SES_0070988,SVC_0096,service_account,2026-03-24 08:01:09,brute_force,0.4915958292353408,0.9778423357828472,0.0053493227,brute_force,0.9953,1,8,1,0,0,0.0,0,1,0,0,1.0,0.36,2,5,-3.822357970227989,1,0.9351208194838594,4,Flagged due to rare command sequence (rarity=0.94) + command sequence length + high auth failure rate (100%)
SES_0070991,SVC_0096,service_account,2026-03-24 08:01:16,brute_force,0.4926763440124977,0.980005060809908,0.005347627,brute_force,0.9953,1,8,1,0,0,0.0,0,1,0,0,1.0,0.38,2,5,-3.771212771585292,1,0.9351208194838594,4,Flagged due to rare command sequence (rarity=0.94) + command sequence length + high auth failure rate (100%)
SES_0070995,SVC_0096,service_account,2026-03-24 08:01:28,brute_force,0.4926753901053506,0.980005060809908,0.0053457194,brute_force,0.9953,1,8,1,0,0,0.0,0,1,0,0,1.0,0.4,2,5,-3.713765579112583,1,0.9351208194838594,4,Flagged due to rare command sequence (rarity=0.94) + command sequence length + high auth failure rate (100%)
SES_0070999,SVC_0096,service_account,2026-03-24 08:01:42,brute_force,0.4955638492614772,0.985783069700896,0.005344629,brute_force,0.9953,1,8,1,0,0,0.0,0,1,0,0,1.0,0.42,2,5,-3.681548296969147,1,0.9351208194838594,4,Flagged due to rare command sequence (rarity=0.94) + command sequence length + high auth failure rate (100%)
SES_0071000,SVC_0096,service_account,2026-03-24 08:01:44,brute_force,0.4955631449487802,0.985783069700896,0.00534322,brute_force,0.9953,1,8,1,0,0,0.0,0,1,0,0,1.0,0.44,2,5,-3.6387586818733086,1,0.9351208194838594,4,Flagged due to rare command sequence (rarity=0.94) + command sequence length + high auth failure rate (100%)
SES_0071001,SVC_0096,service_account,2026-03-24 08:01:52,brute_force,0.4955622324854877,0.985783069700896,0.0053413953,brute_force,0.9953,1,8,1,0,0,0.0,0,1,0,0,1.0,0.46,2,5,-3.584019982401581,1,0.9351208194838594,4,Flagged due to rare command sequence (rarity=0.94) + command sequence length + high auth failure rate (100%)
SES_0071002,SVC_0096,service_account,2026-03-24 08:02:00,brute_force,0.4955617586751278,0.985783069700896,0.0053404476,brute_force,0.9953,1,8,1,0,0,0.0,0,1,0,0,1.0,0.46,2,5,-3.55522247643935,1,0.9351208194838594,4,Flagged due to rare command sequence (rarity=0.94) + command sequence length + high auth failure rate (100%)
SES_0071006,SVC_0096,service_account,2026-03-24 08:02:40,brute_force,0.4955612094276395,0.985783069700896,0.005339349,brute_force,0.9953,1,8,1,0,0,0.0,0,1,0,0,1.0,0.48,2,5,-3.5216154221471165,1,0.9351208194838594,4,Flagged due to rare command sequence (rarity=0.94) + command sequence length + high auth failure rate (100%)
SES_0071007,SVC_0096,service_account,2026-03-24 08:02:48,brute_force,0.4955603805505481,0.985783069700896,0.0053376914,brute_force,0.9953,1,8,1,0,0,0.0,0,1,0,0,1.0,0.5,2,5,-3.4714174522193764,1,0.9351208194838594,4,Flagged due to rare command sequence (rarity=0.94) + command sequence length + high auth failure rate (100%)
SES_0071010,SVC_0096,service_account,2026-03-24 08:03:30,brute_force,0.4955597893935438,0.985783069700896,0.005336509,brute_force,0.9953,1,8,1,0,0,0.0,0,1,0,0,1.0,0.52,2,5,-3.435734705171084,1,0.9351208194838594,4,Flagged due to rare command sequence (rarity=0.94) + command sequence length + high auth failure rate (100%)
SES_0071011,SVC_0096,service_account,2026-03-24 08:03:40,brute_force,0.4996519657227738,0.9939684752195266,0.005335456,brute_force,0.9953,1,8,1,0,0,0.0,0,1,0,0,1.0,0.54,2,5,-3.403403469167528,1,0.9351208194838594,4,Flagged due to rare command sequence (rarity=0.94) + command sequence length + high auth failure rate (100%)
SES_0071013,SVC_0096,service_account,2026-03-24 08:04:00,brute_force,0.5026673053516695,0.9999999968585868,0.005334614,brute_force,0.9953,1,8,1,0,0,0.0,0,1,0,0,1.0,0.56,2,5,-3.3780124252436763,1,0.9351208194838594,4,Flagged due to rare command sequence (rarity=0.94) + command sequence length + high auth failure rate (100%)
SES_0071017,SVC_0096,service_account,2026-03-24 08:04:30,brute_force,0.5026666536586979,0.9999999968585868,0.0053333105,brute_force,0.9953,1,8,1,0,0,0.0,0,1,0,0,1.0,0.58,2,5,-3.337760516478918,1,0.9351208194838594,4,Flagged due to rare command sequence (rarity=0.94) + command sequence length + high auth failure rate (100%)
SES_0072277,SVC_0096,service_account,2026-03-25 14:49:10,normal,0.3729273256217956,0.7454401110091037,0.00041454023,brute_force,0.2896,1,14,2,0,0,0.0,0,1,0,0,0.3,0.58,4,5,1.9858117089632703,7,0.965112343461168,0,Flagged due to high auth failure rate (30%) + failed auth rate (last 50) + new device fingerprint
SES_0011653,SVC_0097,service_account,2026-01-14 10:25:15,normal,0.444286947209278,0.8873865271702072,0.0011873672,impossible_travel,0.5775,1,10,2,0,0,14825.223607097303,1,0,0,1,0.0,0.04,4,4,1.3260373863884012,13,0.9651022185193864,2,Flagged due to geo-velocity (14825 km/h) + rare command sequence (rarity=0.97) + impossible travel detected
SES_0049048,SVC_0097,service_account,2026-02-27 07:37:39,normal,0.3942331940782532,0.7783805800432891,0.010085808,impossible_travel,0.8209,1,7,4,0,0,14310.806911227151,1,0,0,0,0.0,0.06,3,3,-0.6127530862132062,15,0.9651120541771172,2,Flagged due to geo-velocity (14311 km/h) + rare command sequence (rarity=0.97) + impossible travel detected
SES_0000089,SVC_0098,service_account,2026-01-01 07:33:25,normal,0.3630965815823347,0.7243489527308957,0.0018442104,lateral_movement,0.2894,1,7,3,0,0,0.0,0,1,0,1,0.0,0.0,1,1,0.0,3,0.9651407897261732,0,Flagged due to rare command sequence (rarity=0.97) + geo-velocity (0 km/h) + new resource accessed
SES_0008846,SVC_0098,service_account,2026-01-11 07:36:52,normal,0.3618782569093535,0.7234979423213095,0.0002585715,impossible_travel,0.9741,1,7,6,1,0,6693.962479506469,1,0,0,0,0.0,0.02,2,3,0.2416169049318687,5,0.9651441647067672,0,Flagged due to geo-velocity (6694 km/h) + rare command sequence (rarity=0.97) + command sequence length
SES_0009792,SVC_0098,service_account,2026-01-12 08:37:13,normal,0.3662014999831159,0.7319041540257761,0.00049884594,impossible_travel,0.7552,1,8,0,0,0,4171.662291643713,1,0,0,0,0.1,0.04,2,3,-1.4275079854112884,2,0.9650450849193332,0,Flagged due to geo-velocity (4172 km/h) + rare command sequence (rarity=0.97) + impossible travel detected
SES_0017356,SVC_0098,service_account,2026-01-20 17:33:10,normal,0.3627078952481332,0.7252902833269798,0.00012550717,impossible_travel,0.537,1,17,1,0,0,4317.187817071148,1,0,0,0,0.1,0.06,2,6,-0.1340016325226384,3,0.9649961477007222,0,Flagged due to geo-velocity (4317 km/h) + rare command sequence (rarity=0.96) + impossible travel detected
SES_0031190,SVC_0098,service_account,2026-02-06 08:57:38,normal,0.4169775269150008,0.8325780056262799,0.0013770482,impossible_travel,0.6783,1,8,4,0,0,1104.3804759314858,1,0,0,1,0.0,0.04,4,8,1.7605476979669965,2,0.9650298975066608,0,Flagged due to geo-velocity (1104 km/h) + rare command sequence (rarity=0.97) + impossible travel detected
SES_0071530,SVC_0098,service_account,2026-03-24 17:44:27,normal,0.3903037944843773,0.7801580721291741,0.00044951684,impossible_travel,0.5389,1,17,1,0,0,4510.3132605880455,1,0,0,0,0.0,0.0,2,2,-1.7566082737947093,4,0.9650233886155156,0,Flagged due to geo-velocity (4510 km/h) + rare command sequence (rarity=0.97) + impossible travel detected
SES_0003452,SVC_0099,service_account,2026-01-04 21:28:33,normal,0.4009887071225403,0.7804965019024132,0.021480912,lateral_movement,0.5795,1,21,6,1,1,0.0,0,0,0,1,0.2,0.0869565217391304,6,6,1.1720735442593684,16,0.96512798288017,1,Flagged due to rare command sequence (rarity=0.97) + new device fingerprint + command sequence length
SES_0010660,SVC_0099,service_account,2026-01-13 08:13:42,impossible_travel,0.3964949245221255,0.7923935744224664,0.0005962746,impossible_travel,0.9892,1,8,1,0,0,74281.98389415714,1,0,0,0,0.1,0.04,4,5,-3.84699397063344,5,0.9651493718196836,1,Flagged due to geo-velocity (74282 km/h) + rare command sequence (rarity=0.97) + command sequence length
SES_0028999,SVC_0099,service_account,2026-02-03 15:28:20,normal,0.3840306451149128,0.7613569881908282,0.006704302,impossible_travel,0.63,1,15,1,0,0,17205.118919609293,1,0,0,0,0.1,0.02,4,5,0.5700304386135004,15,0.9650805222155688,1,Flagged due to geo-velocity (17205 km/h) + rare command sequence (rarity=0.97) + impossible travel detected
SES_0033922,SVC_0099,service_account,2026-02-09 11:07:19,normal,0.4189272455741281,0.788058412794136,0.04979608,impossible_travel,0.5641,1,11,0,0,0,37910.60059394336,1,0,0,0,0.1,0.06,5,6,0.645858828360717,16,0.9651470575472764,1,Flagged due to geo-velocity (37911 km/h) + impossible travel detected + rare command sequence (rarity=0.97)
SES_0050375,SVC_0099,service_account,2026-02-28 15:52:17,normal,0.5792554749543142,0.2120461729158305,0.9464648,lateral_movement,0.4442,1,15,5,1,0,0.0,0,0,0,0,0.0,0.02,4,5,-0.0460437903512795,20,0.9651488655725944,1,Flagged due to rare command sequence (rarity=0.97) + command sequence length + new device fingerprint
SES_0050695,SVC_0099,service_account,2026-02-28 21:58:02,normal,0.399343610183262,0.7404629334824545,0.058224287,impossible_travel,0.6194,1,21,5,1,1,1472.6579018905584,1,0,0,0,0.0,0.02,4,5,-1.6104663605420624,17,0.96514654704601,1,Flagged due to geo-velocity (1473 km/h) + rare command sequence (rarity=0.97) + impossible travel detected
SES_0055978,SVC_0099,service_account,2026-03-07 07:35:33,normal,0.458644769803192,0.3705702865431821,0.54671925,lateral_movement,0.7375,1,7,5,1,0,0.0,0,0,0,0,0.0,0.0,5,8,1.6457951280110372,17,0.9651553106510814,1,Flagged due to rare command sequence (rarity=0.97) + new device fingerprint + command sequence length
SES_0057604,SVC_0099,service_account,2026-03-08 21:56:11,normal,0.4617708553066991,0.6797368534785793,0.24380486,lateral_movement,0.46,1,21,6,1,1,0.0,0,0,0,0,0.2,0.04,4,8,-1.5235582806400716,19,0.9651722557106576,1,Flagged due to rare command sequence (rarity=0.97) + new device fingerprint + command sequence length
SES_0062370,SVC_0099,service_account,2026-03-14 11:57:46,normal,0.4048489290983181,0.8087909974497273,0.00090686075,impossible_travel,0.5641,1,11,5,1,0,25361.551771893966,1,0,0,0,0.1,0.1,5,7,-0.3470792981632823,11,0.9650974847803716,1,Flagged due to geo-velocity (25362 km/h) + impossible travel detected + rare command sequence (rarity=0.97)
SES_0063434,SVC_0099,service_account,2026-03-15 15:42:30,normal,0.3805078654989883,0.6879615663499206,0.073054165,impossible_travel,0.5482,1,15,6,1,0,1027.6089586022626,1,0,0,0,0.1,0.12,5,8,0.6939352729190541,17,0.965145015542211,1,Flagged due to geo-velocity (1028 km/h) + impossible travel detected + rare command sequence (rarity=0.97)
SES_0001521,SVC_0100,service_account,2026-01-02 18:04:44,normal,0.3758710649747541,0.7472459094502311,0.0044962205,impossible_travel,0.6286,1,18,4,0,0,11514.767210268716,1,0,0,0,0.0,0.0,3,4,-1.9992402708170505,14,0.9651919998908984,1,Flagged due to geo-velocity (11515 km/h) + rare command sequence (rarity=0.97) + impossible travel detected
SES_0012417,SVC_0100,service_account,2026-01-15 07:49:56,normal,0.3772235342606756,0.7465847418322867,0.007862327,impossible_travel,0.8173,1,7,3,0,0,30031.078111657804,1,0,0,0,0.0,0.02,3,4,0.6072898816645802,14,0.965168753851094,1,Flagged due to geo-velocity (30031 km/h) + rare command sequence (rarity=0.97) + impossible travel detected
SES_0028958,SVC_0100,service_account,2026-02-03 14:41:25,normal,0.3709012898863189,0.7335645156474575,0.008238064,impossible_travel,0.6334,1,14,1,0,0,18633.788819884907,1,0,0,0,0.1,0.04,3,5,-0.2670151688624494,16,0.9651557360688032,1,Flagged due to geo-velocity (18634 km/h) + rare command sequence (rarity=0.97) + impossible travel detected
SES_0033243,SVC_0100,service_account,2026-02-08 14:36:14,normal,0.3919855922735881,0.7794958121693932,0.0044753724,impossible_travel,0.6436,1,14,6,1,0,29379.480765962973,1,0,0,0,0.0,0.04,3,4,-1.3181376154008035,15,0.9651616181778384,1,Flagged due to geo-velocity (29379 km/h) + rare command sequence (rarity=0.97) + impossible travel detected
SES_0035150,SVC_0100,service_account,2026-02-10 18:03:56,normal,0.3670109454509616,0.1358932740920782,0.5981286,lateral_movement,0.4338,1,18,1,0,0,0.0,0,0,0,0,0.1,0.04,3,5,0.2825971143131922,17,0.9651000914307768,1,Flagged due to rare command sequence (rarity=0.97) + new device fingerprint + command sequence length
SES_0061253,SVC_0100,service_account,2026-03-13 08:56:38,impossible_travel,0.3658126030600109,0.7313333852134536,0.0002918209,impossible_travel,0.997,1,8,4,0,0,10760.790931086658,1,0,0,0,0.1,0.04,4,6,-3.5857180653691385,5,0.9651519753761416,1,Flagged due to geo-velocity (10761 km/h) + rare command sequence (rarity=0.97) + command sequence length
SES_0002292,SVC_0101,service_account,2026-01-03 16:15:43,normal,0.3619403932273934,0.723341303417941,0.00053948304,impossible_travel,0.5369,1,16,5,1,0,987.3462610280908,1,0,0,1,0.1,0.0454545454545454,5,5,1.3106813375066255,8,0.9651275308738404,0,Flagged due to geo-velocity (987 km/h) + impossible travel detected + rare command sequence (rarity=0.97)
SES_0011133,SVC_0101,service_account,2026-01-13 16:56:26,normal,0.3610126481974667,0.7216969879579139,0.00032830844,impossible_travel,0.5393,1,16,1,0,0,9190.011315482572,1,0,0,0,0.0,0.0,4,4,0.9280104736996492,2,0.9651362093953674,0,Flagged due to geo-velocity (9190 km/h) + rare command sequence (rarity=0.97) + impossible travel detected
SES_0013200,SVC_0101,service_account,2026-01-16 06:47:37,normal,0.3630407709759084,0.7237469521146979,0.0023345898,lateral_movement,0.8041,1,6,4,0,1,0.0,0,0,0,1,0.0,0.0,6,6,0.8758943160539384,3,0.965079557935399,0,Flagged due to rare command sequence (rarity=0.97) + new device fingerprint + resource diversity spike (6 unique resources)
SES_0015632,SVC_0101,service_account,2026-01-18 18:50:09,normal,0.4522845157948235,0.9030055144456972,0.0015635171,impossible_travel,0.4073,1,18,6,1,0,1451.5217676673974,1,0,0,1,0.1,0.02,6,8,2.557265791417445,4,0.9651380174206856,0,Flagged due to geo-velocity (1452 km/h) + impossible travel detected + rare command sequence (rarity=0.97)
SES_0015819,SVC_0101,service_account,2026-01-19 06:30:16,normal,0.4017444769866294,0.8031913570040828,0.00029759697,impossible_travel,0.4809,1,6,0,0,1,1814.9116106915023,1,0,0,0,0.1,0.02,6,8,0.4352214256822915,1,0.9651702002713484,0,Flagged due to geo-velocity (1815 km/h) + impossible travel detected + rare command sequence (rarity=0.97)
SES_0047393,SVC_0101,service_account,2026-02-25 08:31:03,normal,0.4328807746911764,0.8646558868306443,0.0011056626,impossible_travel,0.8798,1,8,2,0,0,48986.731969936205,1,0,0,0,0.1,0.02,5,5,-2.10535002432782,5,0.9652763675180296,0,Flagged due to geo-velocity (48987 km/h) + rare command sequence (rarity=0.97) + impossible travel detected
SES_0001247,SVC_0102,service_account,2026-01-02 12:31:24,normal,0.3600950953804749,0.7170516171535201,0.0031385736,impossible_travel,0.6231,1,12,4,0,0,13915.01033539204,1,0,0,0,0.1,0.0833333333333333,2,3,-0.1798104169415352,11,0.965142192315511,2,Flagged due to geo-velocity (13915 km/h) + rare command sequence (rarity=0.97) + impossible travel detected
SES_0005371,SVC_0102,service_account,2026-01-07 08:00:00,brute_force,0.4164130442480422,0.8323163193059817,0.0005097692,brute_force,0.8999,1,8,2,0,0,0.0,0,1,0,1,0.1,0.0444444444444444,3,4,-5.72829154130196,1,0.9351208194838594,4,Flagged due to weekend access + day of week + rare command sequence (rarity=0.94)
SES_0005372,SVC_0102,service_account,2026-01-07 08:00:02,brute_force,0.3626812428650777,0.725279394876278,8.3090854e-05,brute_force,0.9046,1,8,2,0,0,0.0,0,1,0,0,0.2,0.0652173913043478,3,4,-4.308630321063591,1,0.9351208194838594,4,Flagged due to weekend access + rare command sequence (rarity=0.94) + day of week
SES_0005373,SVC_0102,service_account,2026-01-07 08:00:06,brute_force,0.471978871212934,0.9431934391672478,0.00076430326,brute_force,0.9226,1,8,2,0,0,0.0,0,1,0,1,0.3,0.0851063829787234,4,5,-3.563518762551334,1,0.9351208194838594,4,Flagged due to rare command sequence (rarity=0.94) + command sequence length + weekend access
SES_0005374,SVC_0102,service_account,2026-01-07 08:00:12,brute_force,0.427743500541093,0.8551326396237373,0.00035436146,brute_force,0.9639,1,8,2,0,0,0.0,0,1,0,0,0.4,0.1041666666666666,4,5,-3.1485030993817,1,0.9351208194838594,4,Flagged due to rare command sequence (rarity=0.94) + command sequence length + high auth failure rate (40%)
SES_0005375,SVC_0102,service_account,2026-01-07 08:00:12,brute_force,0.4392089137801696,0.8776719364326039,0.0007458911,brute_force,0.9868,1,8,2,0,0,0.0,0,1,0,0,0.5,0.1224489795918367,4,5,-2.8061957319596025,1,0.9351208194838594,4,Flagged due to rare command sequence (rarity=0.94) + command sequence length + high auth failure rate (50%)
SES_0005376,SVC_0102,service_account,2026-01-07 08:00:20,brute_force,0.4504947272619582,0.8996836199008628,0.0013058346,brute_force,0.9917,1,8,2,0,0,0.0,0,1,0,0,0.6,0.14,4,5,-2.5729619109798096,1,0.9351208194838594,4,Flagged due to rare command sequence (rarity=0.94) + high auth failure rate (60%) + command sequence length
SES_0005377,SVC_0102,service_account,2026-01-07 08:00:23,brute_force,0.4563474269197307,0.9106606346247688,0.0020342192,brute_force,0.9917,1,8,2,0,0,0.0,0,1,0,0,0.7,0.16,4,5,-2.398993349707052,1,0.9351208194838594,4,Flagged due to rare command sequence (rarity=0.94) + high auth failure rate (70%) + command sequence length
SES_0005378,SVC_0102,service_account,2026-01-07 08:00:24,brute_force,0.4645522068203996,0.9261705980534872,0.0029338156,brute_force,0.9917,1,8,2,0,0,0.0,0,1,0,0,0.8,0.18,4,5,-2.2470808022635103,1,0.9351208194838594,4,Flagged due to rare command sequence (rarity=0.94) + high auth failure rate (80%) + command sequence length
SES_0005379,SVC_0102,service_account,2026-01-07 08:00:27,brute_force,0.468013640747722,0.9320151517602424,0.0040121297,brute_force,0.993,1,8,2,0,0,0.0,0,1,0,0,0.9,0.2,3,5,-2.128100605549817,1,0.9351208194838594,4,Flagged due to rare command sequence (rarity=0.94) + high auth failure rate (90%) + command sequence length
SES_0005380,SVC_0102,service_account,2026-01-07 08:00:27,brute_force,0.4720840434701208,0.938876546298904,0.0052915406,brute_force,0.9934,1,8,2,0,0,0.0,0,1,0,0,1.0,0.22,2,5,-2.025568318320075,1,0.9351208194838594,4,Flagged due to rare command sequence (rarity=0.94) + command sequence length + high auth failure rate (100%)
SES_0005381,SVC_0102,service_account,2026-01-07 08:00:27,brute_force,0.4720826257643316,0.938876546298904,0.005288705,brute_force,0.9934,1,8,2,0,0,0.0,0,1,0,0,1.0,0.22,2,5,-1.933878656725779,1,0.9351208194838594,4,Flagged due to rare command sequence (rarity=0.94) + command sequence length + high auth failure rate (100%)
SES_0005382,SVC_0102,service_account,2026-01-07 08:00:36,brute_force,0.4718249799687585,0.938364071958546,0.005285888,brute_force,0.9931,1,8,2,0,0,0.0,0,1,0,0,1.0,0.24,2,5,-1.8417228415197848,1,0.9351208194838594,4,Flagged due to rare command sequence (rarity=0.94) + command sequence length + high auth failure rate (100%)
SES_0005383,SVC_0102,service_account,2026-01-07 08:00:42,brute_force,0.4725315011411625,0.9397789252601004,0.005284077,brute_force,0.9931,1,8,2,0,0,0.0,0,1,0,0,1.0,0.26,2,5,-1.7829636395604735,1,0.9351208194838594,4,Flagged due to rare command sequence (rarity=0.94) + command sequence length + high auth failure rate (100%)
SES_0005384,SVC_0102,service_account,2026-01-07 08:00:42,brute_force,0.4707628978996521,0.9362435860788416,0.0052822097,brute_force,0.9854,1,8,2,0,0,0.0,0,1,0,0,1.0,0.28,2,5,-1.7212419633041145,1,0.9351208194838594,4,Flagged due to rare command sequence (rarity=0.94) + command sequence length + high auth failure rate (100%)
SES_0005385,SVC_0102,service_account,2026-01-07 08:00:44,brute_force,0.4707620629689639,0.9362435860788416,0.00528054,brute_force,0.9954,1,8,2,0,0,0.0,0,1,0,0,1.0,0.3,2,5,-1.6669271457243393,1,0.9351208194838594,4,Flagged due to rare command sequence (rarity=0.94) + command sequence length + high auth failure rate (100%)
SES_0005386,SVC_0102,service_account,2026-01-07 08:00:50,brute_force,0.4704080497460812,0.9355372355480492,0.005278864,brute_force,0.9954,1,8,2,0,0,0.0,0,1,0,0,1.0,0.32,2,5,-1.6113377496564216,1,0.9351208194838594,4,Flagged due to rare command sequence (rarity=0.94) + command sequence length + high auth failure rate (100%)
SES_0005387,SVC_0102,service_account,2026-01-07 08:00:52,brute_force,0.4707605502682721,0.9362435860788416,0.0052775145,brute_force,0.9954,1,8,2,0,0,0.0,0,1,0,0,1.0,0.34,2,5,-1.5671356026807977,1,0.9351208194838594,4,Flagged due to rare command sequence (rarity=0.94) + command sequence length + high auth failure rate (100%)
SES_0005388,SVC_0102,service_account,2026-01-07 08:00:56,brute_force,0.4707599504965341,0.9362435860788416,0.005276315,brute_force,0.9954,1,8,2,0,0,0.0,0,1,0,0,1.0,0.36,2,5,-1.527914700042717,1,0.9351208194838594,4,Flagged due to rare command sequence (rarity=0.94) + command sequence length + high auth failure rate (100%)
SES_0005389,SVC_0102,service_account,2026-01-07 08:01:10,brute_force,0.4698530842957084,0.9344316557863722,0.005274513,brute_force,0.9954,1,8,2,0,0,0.0,0,1,0,0,1.0,0.38,2,5,-1.467822073967105,1,0.9351208194838594,4,Flagged due to rare command sequence (rarity=0.94) + command sequence length + high auth failure rate (100%)
SES_0005390,SVC_0102,service_account,2026-01-07 08:01:20,brute_force,0.4698528896492903,0.9344316557863722,0.0052741235,brute_force,0.9954,1,8,2,0,0,0.0,0,1,0,0,1.0,0.4,2,5,-1.4546885834805356,1,0.9351208194838594,4,Flagged due to rare command sequence (rarity=0.94) + command sequence length + high auth failure rate (100%)
SES_0005391,SVC_0102,service_account,2026-01-07 08:01:24,brute_force,0.4730335290879561,0.9407940499224868,0.0052730083,brute_force,0.9954,1,8,2,0,0,0.0,0,1,0,0,1.0,0.42,2,5,-1.4180392154416064,1,0.9351208194838594,4,Flagged due to rare command sequence (rarity=0.94) + command sequence length + high auth failure rate (100%)
SES_0005392,SVC_0102,service_account,2026-01-07 08:01:28,brute_force,0.4733869042644006,0.9415021790984476,0.0052716294,brute_force,0.9954,1,8,2,0,0,0.0,0,1,0,0,1.0,0.44,2,5,-1.3720019920099609,1,0.9351208194838594,4,Flagged due to rare command sequence (rarity=0.94) + command sequence length + high auth failure rate (100%)
SES_0005394,SVC_0102,service_account,2026-01-07 08:01:40,brute_force,0.473386677953015,0.9415021790984476,0.005271177,brute_force,0.9937,1,8,2,0,0,0.0,0,1,0,0,1.0,0.46,2,5,-1.3569769337177346,1,0.9351208194838594,4,Flagged due to rare command sequence (rarity=0.94) + command sequence length + high auth failure rate (100%)
SES_0005395,SVC_0102,service_account,2026-01-07 08:01:54,brute_force,0.4733860816737366,0.9415021790984476,0.0052699842,brute_force,0.9937,1,8,2,0,0,0.0,0,1,0,0,1.0,0.48,2,5,-1.3170522035706766,1,0.9351208194838594,4,Flagged due to rare command sequence (rarity=0.94) + command sequence length + high auth failure rate (100%)
SES_0005397,SVC_0102,service_account,2026-01-07 08:02:10,brute_force,0.4733855808550221,0.9415021790984476,0.0052689826,brute_force,0.9937,1,8,2,0,0,0.0,0,1,0,0,1.0,0.5,2,5,-1.283279015771324,1,0.9351208194838594,4,Flagged due to rare command sequence (rarity=0.94) + command sequence length + high auth failure rate (100%)
SES_0005398,SVC_0102,service_account,2026-01-07 08:02:15,brute_force,0.4733854339388859,0.9415021790984476,0.005268689,brute_force,0.9937,1,8,2,0,0,0.0,0,1,0,0,1.0,0.52,2,5,-1.2736855490564012,1,0.9351208194838594,4,Flagged due to rare command sequence (rarity=0.94) + command sequence length + high auth failure rate (100%)
SES_0005399,SVC_0102,service_account,2026-01-07 08:02:16,brute_force,0.4773930762359349,0.9495180439065096,0.0052681086,brute_force,0.9937,1,8,2,0,0,0.0,0,1,0,0,1.0,0.54,2,5,-1.2546023722311637,1,0.9351208194838594,4,Flagged due to rare command sequence (rarity=0.94) + command sequence length + high auth failure rate (100%)
SES_0005407,SVC_0102,service_account,2026-01-07 08:03:16,brute_force,0.479633044280148,0.9539992018901536,0.0052668867,brute_force,0.9937,1,8,2,0,0,0.0,0,1,0,0,1.0,0.56,2,5,-1.2133233141923498,1,0.9351208194838594,4,Flagged due to rare command sequence (rarity=0.94) + command sequence length + high auth failure rate (100%)
SES_0005410,SVC_0102,service_account,2026-01-07 08:03:36,brute_force,0.4796328440457945,0.9539992018901536,0.005266486,brute_force,0.9937,1,8,2,0,0,0.0,0,1,0,0,1.0,0.58,2,5,-1.199770912708962,1,0.9351208194838594,4,Flagged due to rare command sequence (rarity=0.94) + command sequence length + high auth failure rate (100%)
SES_0016253,SVC_0102,service_account,2026-01-19 13:35:46,normal,0.3595235280416768,0.7178987244058125,0.0011483317,impossible_travel,0.6225,1,13,0,0,0,13390.235741229735,1,0,0,0,0.0,0.0,4,5,0.3957343224933231,8,0.9651935237979524,2,Flagged due to geo-velocity (13390 km/h) + rare command sequence (rarity=0.97) + impossible travel detected
SES_0059180,SVC_0102,service_account,2026-03-10 18:38:53,normal,0.3593030823685181,0.7171271277474145,0.001479037,impossible_travel,0.6175,1,18,1,0,0,15354.898120195903,1,0,0,0,0.0,0.06,2,3,-0.5561696319855306,9,0.9651444861334904,2,Flagged due to geo-velocity (15355 km/h) + rare command sequence (rarity=0.97) + impossible travel detected
SES_0062110,SVC_0102,service_account,2026-03-14 08:02:43,credential_stuffing,0.3701727561601529,0.7402583952206951,8.71171e-05,credential_stuffing,0.8054,1,8,5,1,0,0.0,0,1,0,0,0.1,0.1,4,5,-3.271749077741091,1,0.9351208194838594,4,Flagged due to rare command sequence (rarity=0.94) + command sequence length + new device fingerprint
SES_0008279,SVC_0103,service_account,2026-01-10 13:27:00,normal,0.3798893792303235,0.7587721633687529,0.0010065951,impossible_travel,0.6223,1,13,5,1,0,18997.98436705936,1,0,0,0,0.0,0.0,3,4,1.1808458174196448,9,0.9651642538769688,1,Flagged due to geo-velocity (18998 km/h) + rare command sequence (rarity=0.97) + impossible travel detected
SES_0068969,SVC_0103,service_account,2026-03-21 21:03:55,normal,0.3846452135901221,0.7685235159855845,0.0007669112,impossible_travel,0.6276,1,21,5,1,1,4580.367035915148,1,0,0,0,0.0,0.06,3,3,1.5112696080834749,7,0.9651104837779836,1,Flagged due to geo-velocity (4580 km/h) + rare command sequence (rarity=0.97) + impossible travel detected
SES_0000528,SVC_0104,service_account,2026-01-01 15:07:01,normal,0.3701890350933243,0.739672900323581,0.00070516986,device_spoofing,0.2902,1,15,3,0,0,0.0,0,1,0,1,0.0,0.0,1,1,0.0,7,0.9651993353079036,5,Flagged due to new device fingerprint + rare command sequence (rarity=0.97) + command sequence length
SES_0003136,SVC_0104,service_account,2026-01-04 15:16:58,normal,0.398570863587348,0.796906974645046,0.00023475253,impossible_travel,0.6828,1,15,6,1,0,7053.694646468143,1,0,0,0,0.0,0.0,3,3,1.2727211986138625,5,0.9650565116393438,5,Flagged due to geo-velocity (7054 km/h) + rare command sequence (rarity=0.97) + command sequence length
SES_0004324,SVC_0104,service_account,2026-01-05 21:02:28,normal,0.3633492137148641,0.7262366563059186,0.00046177112,impossible_travel,0.6323,1,21,0,0,1,2270.5844081557,1,0,0,0,0.0,0.0,4,5,0.2755568513527024,5,0.9651351969011892,5,Flagged due to geo-velocity (2271 km/h) + rare command sequence (rarity=0.97) + impossible travel detected
SES_0013112,SVC_0104,service_account,2026-01-15 20:55:05,normal,0.4251705373090445,0.8498817244964159,0.00045935012,impossible_travel,0.4819,1,20,3,0,0,9677.919258721302,1,0,0,0,0.2,0.06,4,5,1.155651262675455,2,0.9652714496891645,5,Flagged due to geo-velocity (9678 km/h) + rare command sequence (rarity=0.97) + impossible travel detected
SES_0016693,SVC_0104,service_account,2026-01-19 21:42:23,normal,0.4530168325419918,0.9031834412856788,0.0028502238,impossible_travel,0.5361,1,21,0,0,1,3693.466289390668,1,0,0,1,0.0,0.04,3,6,1.545082409064532,8,0.9651157787092725,5,Flagged due to geo-velocity (3693 km/h) + rare command sequence (rarity=0.97) + impossible travel detected
SES_0016715,SVC_0104,service_account,2026-01-19 21:54:07,normal,0.3674437157851585,0.7337057352615403,0.0011816963,impossible_travel,0.5791,1,21,0,0,1,2376.6196435993925,1,0,0,0,0.0,0.04,3,6,1.3817060624780362,8,0.9651060153725544,5,Flagged due to geo-velocity (2377 km/h) + rare command sequence (rarity=0.97) + impossible travel detected
SES_0028458,SVC_0104,service_account,2026-02-02 21:11:24,normal,0.3621640271459554,0.7237132309258613,0.00061482337,impossible_travel,0.393,1,21,0,0,1,877.5610339701809,0,0,0,0,0.3,0.08,3,4,0.3079117068691265,9,0.9651965572626529,5,Flagged due to geo-velocity (878 km/h) + rare command sequence (rarity=0.97) + new device fingerprint
SES_0033598,SVC_0104,service_account,2026-02-08 21:34:35,normal,0.4393755138919636,0.8746032285639912,0.004147799,impossible_travel,0.5615,1,21,6,1,1,3291.6516486254804,1,0,0,0,0.0,0.16,3,5,1.8829065362634585,10,0.9651200094885168,5,Flagged due to geo-velocity (3292 km/h) + rare command sequence (rarity=0.97) + impossible travel detected
SES_0033609,SVC_0104,service_account,2026-02-08 21:41:51,normal,0.4312643386163442,0.8607279252206294,0.001800752,impossible_travel,0.5569,1,21,6,1,1,1879.8652763939097,1,0,0,0,0.0,0.16,3,5,-1.792903341518472,8,0.9652052759625204,5,Flagged due to geo-velocity (1880 km/h) + rare command sequence (rarity=0.97) + impossible travel detected
SES_0054094,SVC_0104,service_account,2026-03-04 21:02:06,normal,0.4707824976178153,0.94098082024032,0.000584175,impossible_travel,0.5897,1,21,2,0,1,18714.14234808451,1,0,0,0,0.1,0.1,2,3,-0.6783336558549191,8,0.9651808676207254,5,Flagged due to geo-velocity (18714 km/h) + rare command sequence (rarity=0.97) + impossible travel detected
SES_0064578,SVC_0104,service_account,2026-03-16 21:36:38,normal,0.4741618041502914,0.9476272167348576,0.00069639157,impossible_travel,0.4092,1,21,0,0,1,4638.120636400885,1,1,0,0,0.0,0.04,2,4,1.1324489723442186,6,0.965075459744678,5,Flagged due to geo-velocity (4638 km/h) + rare command sequence (rarity=0.97) + impossible travel detected
SES_0067839,SVC_0104,service_account,2026-03-20 16:31:58,normal,0.3938539307751073,0.7872888273641624,0.0004190342,impossible_travel,0.5148,1,16,4,0,0,13513.049051062082,1,0,0,0,0.0,0.02,2,2,-0.7857499319294797,4,0.96513548618524,5,Flagged due to geo-velocity (13513 km/h) + rare command sequence (rarity=0.97) + impossible travel detected
SES_0076623,SVC_0104,service_account,2026-03-30 15:04:58,normal,0.3635245520272682,0.7265037787729722,0.0005453253,impossible_travel,0.5875,1,15,0,0,0,10874.671726141323,1,0,0,0,0.1,0.06,3,3,-0.12821966492093,6,0.9651448879168943,5,Flagged due to geo-velocity (10875 km/h) + rare command sequence (rarity=0.97) + impossible travel detected
SES_0000190,SVC_0105,service_account,2026-01-01 09:20:21,normal,0.398941439409349,0.7972239655360205,0.0006589133,low_and_slow_exfiltration,0.3129,1,9,3,0,0,0.0,0,1,0,1,0.0,0.0,1,1,0.0,2,0.96502483503577,3,Flagged due to hour of day + command sequence length + spoofed device
SES_0002885,SVC_0105,service_account,2026-01-04 10:51:38,normal,0.4557022427228141,0.9111994154761036,0.00020506997,impossible_travel,0.3995,1,10,6,1,0,1684.1897427300817,1,1,0,0,0.3,0.1071428571428571,3,6,-1.2819606218531805,6,0.9652258874511472,3,Flagged due to geo-velocity (1684 km/h) + rare command sequence (rarity=0.97) + impossible travel detected
SES_0002894,SVC_0105,service_account,2026-01-04 10:57:39,normal,0.3725958820595506,0.7450309971498991,0.00016076697,impossible_travel,0.6272,1,10,6,1,0,1558.2254129414052,1,0,0,0,0.3,0.1034482758620689,3,6,0.6606159614577681,5,0.9651201541305424,3,Flagged due to geo-velocity (1558 km/h) + rare command sequence (rarity=0.97) + command sequence length
SES_0005976,SVC_0105,service_account,2026-01-07 18:36:59,normal,0.4290832595644105,0.8571469022846885,0.0010196168,impossible_travel,0.4169,1,18,2,0,0,8799.102193793344,1,1,0,0,0.0,0.06,4,5,-0.3171568998299979,9,0.9652717711158876,3,Flagged due to geo-velocity (8799 km/h) + rare command sequence (rarity=0.97) + impossible travel detected
SES_0006383,SVC_0105,service_account,2026-01-08 09:52:00,normal,0.3857822837517525,0.7714455550504357,0.00011901245,impossible_travel,0.5242,1,9,3,0,0,15769.23873350352,1,0,0,0,0.1,0.08,4,4,0.8019371844870435,4,0.965215400904302,3,Flagged due to geo-velocity (15769 km/h) + rare command sequence (rarity=0.97) + impossible travel detected
SES_0006386,SVC_0105,service_account,2026-01-08 09:53:25,normal,0.3860565644751891,0.7719086360079481,0.00020449294,impossible_travel,0.6964,1,9,3,0,0,19479.64784726905,1,0,0,0,0.1,0.08,4,4,-1.189829147794958,5,0.9651878465984536,3,Flagged due to geo-velocity (19480 km/h) + rare command sequence (rarity=0.97) + command sequence length
SES_0009916,SVC_0105,service_account,2026-01-12 10:52:12,normal,0.3870877007324519,0.7740276271004539,0.00014777436,impossible_travel,0.3545,1,10,0,0,0,2213.517054077786,1,1,0,0,0.0,0.02,3,4,0.387037989873343,3,0.965070879413872,3,Flagged due to geo-velocity (2214 km/h) + rare command sequence (rarity=0.97) + impossible travel detected
SES_0021997,SVC_0105,service_account,2026-01-26 09:03:19,normal,0.3982148754635616,0.7953790924030869,0.0010506585,impossible_travel,0.633,1,9,0,0,0,16032.25032802993,1,0,0,0,0.0,0.02,3,5,2.05987799533526,8,0.9651398254460036,3,Flagged due to geo-velocity (16032 km/h) + rare command sequence (rarity=0.97) + impossible travel detected
SES_0041119,SVC_0105,service_account,2026-02-17 18:53:48,normal,0.3694133542387126,0.7386180525230865,0.00020865595,impossible_travel,0.6843,1,18,1,0,0,5816.262922644842,1,0,0,0,0.2,0.06,3,6,0.9587166387035416,5,0.9650987471107756,3,Flagged due to geo-velocity (5816 km/h) + rare command sequence (rarity=0.97) + command sequence length
SES_0048108,SVC_0105,service_account,2026-02-26 02:00:00,edge_case,0.3711676943363028,0.7398103869083082,0.0025250018,lateral_movement,0.7114,1,2,3,0,1,0.0,0,0,0,1,0.1,0.04,5,5,-1.939400387940572,3,0.9649961477007222,3,Flagged due to rare command sequence (rarity=0.96) + new device fingerprint + geo-velocity (0 km/h)
SES_0015059,SVC_0106,service_account,2026-01-18 09:31:48,normal,0.3716889916720766,0.741402042338059,0.001975941,impossible_travel,0.6361,1,9,6,1,0,2145.76338967226,1,0,0,0,0.2,0.08,3,6,-0.3644104657700621,13,0.9650389098174772,1,Flagged due to geo-velocity (2146 km/h) + rare command sequence (rarity=0.97) + impossible travel detected
SES_0015259,SVC_0106,service_account,2026-01-18 12:43:50,normal,0.3980653577595545,0.2947224961816456,0.5014082,lateral_movement,0.3966,1,12,6,1,0,0.0,0,0,0,0,0.1,0.08,2,6,0.9890358180435888,18,0.9651566199922922,1,Flagged due to rare command sequence (rarity=0.97) + command sequence length + new device fingerprint
SES_0026496,SVC_0106,service_account,2026-01-31 14:48:30,normal,0.5302127316467117,0.4365866213782928,0.62383884,device_spoofing,0.3279,1,14,5,1,0,0.0,0,1,0,0,0.0,0.04,3,4,-1.3187532107056483,19,0.9651599992021852,1,Flagged due to new device fingerprint + command sequence length + rare command sequence (rarity=0.97)
SES_0030333,SVC_0106,service_account,2026-02-05 08:44:10,normal,0.4200368634571848,0.8296241060192818,0.010449621,impossible_travel,0.8089,1,8,3,0,0,22727.11613373803,1,0,0,0,0.2,0.06,2,5,0.7242743856269682,15,0.9651383790257492,1,Flagged due to geo-velocity (22727 km/h) + rare command sequence (rarity=0.97) + impossible travel detected
SES_0038926,SVC_0106,service_account,2026-02-15 08:10:58,normal,0.4466944201892823,0.4081354467285096,0.4852534,lateral_movement,0.5074,1,8,6,1,0,0.0,0,0,0,0,0.0,0.0,2,3,2.079566802474498,20,0.9651034479766027,1,Flagged due to rare command sequence (rarity=0.97) + command sequence length + new device fingerprint
SES_0039390,SVC_0106,service_account,2026-02-15 17:17:17,normal,0.3807542513711019,0.7580236794668465,0.0034848233,impossible_travel,0.6443,1,17,6,1,0,9685.007404338943,1,0,0,0,0.0,0.0,2,3,0.8192114240957522,15,0.9651433932826314,1,Flagged due to geo-velocity (9685 km/h) + rare command sequence (rarity=0.97) + impossible travel detected
SES_0040244,SVC_0106,service_account,2026-02-16 18:08:39,normal,0.4338859123517283,0.3339407647707479,0.53383106,lateral_movement,0.419,1,18,0,0,0,0.0,0,0,0,0,0.0,0.0,2,3,2.1816487655488004,18,0.9651785573661524,1,Flagged due to rare command sequence (rarity=0.97) + command sequence length + new device fingerprint
SES_0072108,SVC_0106,service_account,2026-03-25 11:59:14,normal,0.363035746867907,0.2055187393336535,0.52055275,lateral_movement,0.403,1,11,2,0,0,178.19987688662496,0,0,0,0,0.0,0.06,2,4,0.3237173961820587,19,0.9651258180077494,1,Flagged due to rare command sequence (rarity=0.97) + command sequence length + new device fingerprint
SES_0000006,SVC_0107,service_account,2026-01-01 06:09:32,normal,0.4002535590905476,0.7995580579859697,0.0009490602,device_spoofing,0.4327,1,6,3,0,1,0.0,0,1,0,1,0.0,0.0,1,1,0.0,11,0.9651064262873996,2,Flagged due to new device fingerprint + command sequence length + rare command sequence (rarity=0.97)
SES_0000033,SVC_0107,service_account,2026-01-01 06:48:15,normal,0.3638280300405889,0.7245193258358329,0.0031367342,lateral_movement,0.6543,1,6,3,0,1,0.0,0,0,0,1,0.0,0.0,2,2,491.99,13,0.9651448322853462,2,Flagged due to rare command sequence (rarity=0.97) + new device fingerprint + command sequence length
SES_0014045,SVC_0107,service_account,2026-01-17 06:38:08,normal,0.3606158551379287,0.7198574283330131,0.001374282,impossible_travel,0.8072,1,6,5,1,1,1000.6619825767432,1,0,0,0,0.1,0.06,2,4,1.3129845614585367,12,0.9651403075860884,2,Flagged due to geo-velocity (1001 km/h) + rare command sequence (rarity=0.97) + impossible travel detected
SES_0014050,SVC_0107,service_account,2026-01-17 06:46:34,normal,0.3861274098131308,0.7701333077794809,0.0021215118,impossible_travel,0.8106,1,6,5,1,1,2665.795163070059,1,0,0,0,0.1,0.06,2,4,-0.0988944469809562,12,0.9650685892484688,2,Flagged due to geo-velocity (2666 km/h) + rare command sequence (rarity=0.97) + impossible travel detected
SES_0015692,SVC_0107,service_account,2026-01-18 19:59:29,normal,0.3838370677771235,0.7638201795496424,0.003853956,impossible_travel,0.5704,1,19,6,1,0,2785.4803014487707,1,0,0,1,0.1,0.06,4,6,-1.4567759286320472,11,0.9651006406063816,2,Flagged due to geo-velocity (2785 km/h) + impossible travel detected + rare command sequence (rarity=0.97)
SES_0037964,SVC_0107,service_account,2026-02-14 06:55:00,normal,0.4024333822318574,0.8037994211793389,0.0010673433,impossible_travel,0.8294,1,6,5,1,1,2921.9094058180526,1,0,0,0,0.0,0.02,3,4,-3.618417689663666,12,0.9651759859523664,2,Flagged due to geo-velocity (2922 km/h) + rare command sequence (rarity=0.97) + new device fingerprint
SES_0051619,SVC_0107,service_account,2026-03-02 07:02:36,normal,0.4186350504946198,0.8365481268072971,0.0007219742,impossible_travel,0.7311,1,7,0,0,0,7831.957824539413,1,0,0,0,0.3,0.1,2,2,-0.0591032574674717,10,0.9651443093487928,2,Flagged due to geo-velocity (7832 km/h) + rare command sequence (rarity=0.97) + impossible travel detected
SES_0070964,SVC_0107,service_account,2026-03-24 08:00:08,brute_force,0.3886222363477931,0.7771614950701612,8.2977625e-05,brute_force,0.9349,1,8,1,0,0,0.0,0,1,0,0,0.2,0.1,4,5,-4.78282874821356,1,0.9351208194838594,4,Flagged due to weekend access + day of week + rare command sequence (rarity=0.94)
SES_0070965,SVC_0107,service_account,2026-03-24 08:00:12,brute_force,0.4388574188095477,0.8775776766940173,0.00013716093,brute_force,0.9906,1,8,1,0,0,0.0,0,1,0,0,0.3,0.12,4,5,-4.685734862818388,1,0.9351208194838594,4,Flagged due to rare command sequence (rarity=0.94) + command sequence length + high auth failure rate (30%)
SES_0070966,SVC_0107,service_account,2026-03-24 08:00:12,brute_force,0.4553030810053585,0.910243820136438,0.00036234187,brute_force,0.9942,1,8,1,0,0,0.0,0,1,0,0,0.4,0.14,4,5,-4.623078867538513,1,0.9351208194838594,4,Flagged due to rare command sequence (rarity=0.94) + command sequence length + high auth failure rate (40%)
SES_0070971,SVC_0107,service_account,2026-03-24 08:00:16,brute_force,0.4651714656465824,0.9295826282978332,0.000760303,brute_force,0.9944,1,8,1,0,0,0.0,0,1,0,0,0.5,0.16,4,5,-4.523747212845271,1,0.9351208194838594,4,Flagged due to rare command sequence (rarity=0.94) + command sequence length + high auth failure rate (50%)
SES_0070972,SVC_0107,service_account,2026-03-24 08:00:27,brute_force,0.4758660275343796,0.9504051201686244,0.0013269349,brute_force,0.9944,1,8,1,0,0,0.0,0,1,0,0,0.6,0.18,4,5,-4.429590044422561,1,0.9351208194838594,4,Flagged due to rare command sequence (rarity=0.94) + command sequence length + high auth failure rate (60%)
SES_0070973,SVC_0107,service_account,2026-03-24 08:00:30,brute_force,0.4824137908628041,0.9627653397131374,0.002062242,brute_force,0.9944,1,8,1,0,0,0.0,0,1,0,0,0.7,0.2,4,5,-4.361536449408246,1,0.9351208194838594,4,Flagged due to rare command sequence (rarity=0.94) + command sequence length + high auth failure rate (70%)
SES_0070974,SVC_0107,service_account,2026-03-24 08:00:30,brute_force,0.483224855177688,0.96348090288346,0.0029688075,brute_force,0.9932,1,8,1,0,0,0.0,0,1,0,0,0.8,0.22,4,5,-4.292388783844354,1,0.9351208194838594,4,Flagged due to rare command sequence (rarity=0.94) + command sequence length + high auth failure rate (80%)
SES_0070976,SVC_0107,service_account,2026-03-24 08:00:32,brute_force,0.4837403003731465,0.9634268571901512,0.0040537436,brute_force,0.9945,1,8,1,0,0,0.0,0,1,0,0,0.9,0.24,3,5,-4.223846081829668,1,0.9351208194838594,4,Flagged due to rare command sequence (rarity=0.94) + command sequence length + high auth failure rate (90%)
SES_0070977,SVC_0107,service_account,2026-03-24 08:00:35,brute_force,0.4901613531424006,0.974962114593814,0.0053605917,brute_force,0.9945,1,8,1,0,0,0.0,0,1,0,0,1.0,0.26,2,5,-4.157471095731333,1,0.9351208194838594,4,Flagged due to rare command sequence (rarity=0.94) + command sequence length + high auth failure rate (100%)
SES_0070979,SVC_0107,service_account,2026-03-24 08:00:38,brute_force,0.4905199296579544,0.9756818045476148,0.005358055,brute_force,0.9892,1,8,1,0,0,0.0,0,1,0,0,1.0,0.28,2,5,-4.081910796209025,1,0.9351208194838594,4,Flagged due to rare command sequence (rarity=0.94) + command sequence length + high auth failure rate (100%)
SES_0070981,SVC_0107,service_account,2026-03-24 08:00:42,brute_force,0.4905193240654503,0.9756818045476148,0.0053568436,brute_force,0.9945,1,8,1,0,0,0.0,0,1,0,0,1.0,0.3,2,5,-4.046363176565422,1,0.9351208194838594,4,Flagged due to rare command sequence (rarity=0.94) + command sequence length + high auth failure rate (100%)
SES_0070985,SVC_0107,service_account,2026-03-24 08:00:50,brute_force,0.4905180258017813,0.9756818045476148,0.005354247,brute_force,0.9945,1,8,1,0,0,0.0,0,1,0,0,1.0,0.32,2,5,-3.969132421129057,1,0.9351208194838594,4,Flagged due to rare command sequence (rarity=0.94) + command sequence length + high auth failure rate (100%)
SES_0070987,SVC_0107,service_account,2026-03-24 08:00:55,brute_force,0.4905173426766728,0.9756818045476148,0.005352881,brute_force,0.9922,1,8,1,0,0,0.0,0,1,0,0,1.0,0.32,2,5,-3.928440723864752,1,0.9351208194838594,4,Flagged due to rare command sequence (rarity=0.94) + command sequence length + high auth failure rate (100%)
SES_0070989,SVC_0107,service_account,2026-03-24 08:01:10,brute_force,0.4915965128261106,0.9778423357828472,0.00535069,brute_force,0.9953,1,8,1,0,0,0.0,0,1,0,0,1.0,0.34,2,5,-3.863063472013061,1,0.9351208194838594,4,Flagged due to rare command sequence (rarity=0.94) + command sequence length + high auth failure rate (100%)
SES_0070990,SVC_0107,service_account,2026-03-24 08:01:12,brute_force,0.4915958522855745,0.9778423357828472,0.005349369,brute_force,0.9953,1,8,1,0,0,0.0,0,1,0,0,1.0,0.36,2,5,-3.823552739399173,1,0.9351208194838594,4,Flagged due to rare command sequence (rarity=0.94) + command sequence length + high auth failure rate (100%)
SES_0070993,SVC_0107,service_account,2026-03-24 08:01:24,brute_force,0.4951715682915104,0.984995914027592,0.0053472226,brute_force,0.9953,1,8,1,0,0,0.0,0,1,0,0,1.0,0.38,2,4,-3.7593800324212814,1,0.9351208194838594,4,Flagged due to rare command sequence (rarity=0.94) + command sequence length + high auth failure rate (100%)
SES_0070994,SVC_0107,service_account,2026-03-24 08:01:25,brute_force,0.4951707729420316,0.984995914027592,0.005345632,brute_force,0.9953,1,8,1,0,0,0.0,0,1,0,0,1.0,0.4,2,4,-3.711338137941973,1,0.9351208194838594,4,Flagged due to rare command sequence (rarity=0.94) + command sequence length + high auth failure rate (100%)
SES_0070996,SVC_0107,service_account,2026-03-24 08:01:30,brute_force,0.495170121947552,0.984995914027592,0.00534433,brute_force,0.9953,1,8,1,0,0,0.0,0,1,0,0,1.0,0.4,2,4,-3.672058513082921,1,0.9351208194838594,4,Flagged due to rare command sequence (rarity=0.94) + command sequence length + high auth failure rate (100%)
SES_0070997,SVC_0107,service_account,2026-03-24 08:01:31,brute_force,0.4980650943749164,0.9907874481842944,0.0053427406,brute_force,0.9953,1,8,1,0,0,0.0,0,1,0,0,1.0,0.42,2,4,-3.624393157039092,1,0.9351208194838594,4,Flagged due to rare command sequence (rarity=0.94) + command sequence length + high auth failure rate (100%)
SES_0070998,SVC_0107,service_account,2026-03-24 08:01:36,brute_force,0.4980647276666526,0.9907874481842944,0.005342007,brute_force,0.9953,1,8,1,0,0,0.0,0,1,0,0,1.0,0.44,2,4,-3.6021652758476,1,0.9351208194838594,4,Flagged due to rare command sequence (rarity=0.94) + command sequence length + high auth failure rate (100%)
SES_0071003,SVC_0107,service_account,2026-03-24 08:02:12,brute_force,0.4980640494309877,0.9907874481842944,0.0053406507,brute_force,0.9953,1,8,1,0,0,0.0,0,1,0,0,1.0,0.46,2,4,-3.5613077089726954,1,0.9351208194838594,4,Flagged due to rare command sequence (rarity=0.94) + command sequence length + high auth failure rate (100%)
SES_0071005,SVC_0107,service_account,2026-03-24 08:02:40,brute_force,0.4980631055355583,0.9907874481842944,0.005338763,brute_force,0.9953,1,8,1,0,0,0.0,0,1,0,0,1.0,0.48,2,4,-3.504154954046685,1,0.9351208194838594,4,Flagged due to rare command sequence (rarity=0.94) + command sequence length + high auth failure rate (100%)
SES_0071008,SVC_0107,service_account,2026-03-24 08:03:00,brute_force,0.4980625860903923,0.9907874481842944,0.005337724,brute_force,0.9953,1,8,1,0,0,0.0,0,1,0,0,1.0,0.5,2,4,-3.4725022893326267,1,0.9351208194838594,4,Flagged due to rare command sequence (rarity=0.94) + command sequence length + high auth failure rate (100%)
SES_0071009,SVC_0107,service_account,2026-03-24 08:03:04,brute_force,0.4980618482500826,0.9907874481842944,0.0053362483,brute_force,0.9953,1,8,1,0,0,0.0,0,1,0,0,1.0,0.52,2,4,-3.427382262040956,1,0.9351208194838594,4,Flagged due to rare command sequence (rarity=0.94) + command sequence length + high auth failure rate (100%)
SES_0071014,SVC_0107,service_account,2026-03-24 08:04:00,brute_force,0.502163728716439,0.998992014245373,0.005335443,brute_force,0.9953,1,8,1,0,0,0.0,0,1,0,0,1.0,0.54,2,4,-3.4032882868315246,1,0.9351208194838594,4,Flagged due to rare command sequence (rarity=0.94) + command sequence length + high auth failure rate (100%)
SES_0071788,SVC_0107,service_account,2026-03-25 06:34:44,normal,0.365485955252642,0.7299536820302797,0.0010182285,lateral_movement,0.5354,1,6,2,0,1,0.0,0,0,0,0,0.8,0.56,4,4,0.116480505558721,9,0.9650948257047522,2,Flagged due to rare command sequence (rarity=0.97) + new device fingerprint + command sequence length
SES_0071796,SVC_0107,service_account,2026-03-25 06:47:32,normal,0.3777774844204088,0.7538049090657409,0.0017500598,lateral_movement,0.5301,1,6,2,0,1,0.0,0,0,0,0,0.7,0.56,4,4,1.0619252029812931,12,0.9650884775269684,2,Flagged due to rare command sequence (rarity=0.97) + new device fingerprint + command sequence length
SES_0074357,SVC_0107,service_account,2026-03-28 06:13:12,normal,0.4941294429637612,0.9863566871593016,0.0019021988,impossible_travel,0.7437,1,6,5,1,1,11897.590347876654,1,0,0,0,0.0,0.42,4,7,0.31439388004896,13,0.9652005750966932,2,Flagged due to geo-velocity (11898 km/h) + rare command sequence (rarity=0.97) + impossible travel detected
SES_0074374,SVC_0107,service_account,2026-03-28 06:36:00,normal,0.4065383886808192,0.8117460951687093,0.0013306822,impossible_travel,0.7328,1,6,5,1,1,1417.622241742613,1,0,0,0,0.0,0.4,4,7,-0.4346000078995707,12,0.96512451749831,2,Flagged due to geo-velocity (1418 km/h) + rare command sequence (rarity=0.97) + impossible travel detected
SES_0075273,SVC_0107,service_account,2026-03-29 06:42:37,normal,0.3882282930820034,0.7755814637262877,0.00087512244,lateral_movement,0.6114,1,6,6,1,1,0.0,0,0,0,1,0.1,0.2,3,9,-0.3262908410676828,10,0.965146045053098,2,Flagged due to rare command sequence (rarity=0.97) + new device fingerprint + command sequence length
SES_0000138,USR_0000,user,2026-01-01 08:30:59,normal,0.4048401966155415,0.7811799089284431,0.028500484,lateral_movement,0.3656,0,8,3,0,0,0.0,0,0,0,0,0.5,0.5,1,1,-1030.1499999999996,4,0.935643338800802,0,Flagged due to rare command sequence (rarity=0.94) + new device fingerprint + geo-velocity (0 km/h)
SES_0015589,USR_0000,user,2026-01-18 17:59:10,normal,0.4007602677696166,0.8011593142206345,0.00036122132,impossible_travel,0.5453,0,17,6,1,0,29142.15680028332,1,0,0,0,0.1,0.04,3,5,-0.9032441870325344,3,0.9357688157578808,0,Flagged due to geo-velocity (29142 km/h) + rare command sequence (rarity=0.94) + impossible travel detected
SES_0061219,USR_0000,user,2026-03-13 08:16:10,normal,0.3676567891059411,0.7351934803387318,0.00012009787,impossible_travel,0.7732,0,8,4,0,0,10284.766092550317,1,0,0,0,0.0,0.04,3,5,0.3364503201394321,2,0.9360284481935658,0,Flagged due to geo-velocity (10285 km/h) + rare command sequence (rarity=0.94) + impossible travel detected
SES_0070957,USR_0000,user,2026-03-24 08:00:00,impossible_travel,0.3810281570221579,0.7619629875406139,9.3326504e-05,impossible_travel,0.9828,0,8,1,0,0,19691.55091697936,1,0,0,0,0.0,0.06,2,4,-4.2634338076244,5,0.9355807811247944,0,Flagged due to geo-velocity (19692 km/h) + rare command sequence (rarity=0.94) + command sequence length
SES_0071015,USR_0000,user,2026-03-24 08:04:01,normal,0.3710978602200857,0.7363173064127786,0.005878414,impossible_travel,0.756,0,8,1,0,0,194887.29192243807,1,0,0,0,0.0,0.06,2,4,-0.4299683976620105,4,0.9356458700362472,0,Flagged due to geo-velocity (194887 km/h) + rare command sequence (rarity=0.94) + impossible travel detected
SES_0075386,USR_0000,user,2026-03-29 08:46:18,normal,0.3626978261563437,0.7252367296532215,0.00015892266,impossible_travel,0.8434,0,8,6,1,0,8720.925585786159,1,0,0,0,0.0,0.08,2,4,-0.3897878453028051,8,0.9353079501042868,0,Flagged due to geo-velocity (8721 km/h) + rare command sequence (rarity=0.94) + impossible travel detected
SES_0000004,USR_0001,user,2026-01-01 06:08:32,normal,0.3897589245586745,0.7768560446815743,0.0026618044,device_spoofing,0.4412,0,6,3,0,1,0.0,0,1,0,1,0.0,0.0,1,1,0.0,15,0.9356301522694817,3,Flagged due to new device fingerprint + command sequence length + rare command sequence (rarity=0.94)
SES_0005808,USR_0001,user,2026-01-07 15:14:59,normal,0.3918105766162062,0.7804951357159335,0.0031260175,impossible_travel,0.4219,0,15,2,0,0,6894.4220948541415,1,1,0,0,0.0,0.0208333333333333,2,2,-0.6557132660161604,15,0.9354572568350588,3,Flagged due to geo-velocity (6894 km/h) + rare command sequence (rarity=0.94) + impossible travel detected
SES_0020185,USR_0001,user,2026-01-24 06:42:47,normal,0.3790491684080868,0.7577551773929638,0.00034315942,impossible_travel,0.8186,0,6,5,1,1,5602.375647336236,1,0,0,0,0.0,0.02,3,6,1.3097185349293627,11,0.9354324573023316,3,Flagged due to geo-velocity (5602 km/h) + rare command sequence (rarity=0.94) + impossible travel detected
SES_0021131,USR_0001,user,2026-01-25 08:07:16,impossible_travel,0.4076888081987419,0.8140407213516595,0.001336895,impossible_travel,0.9891,0,8,6,1,0,111419.85346832128,1,0,0,0,0.0,0.02,3,6,-3.841949859623302,5,0.9354072106942528,3,Flagged due to geo-velocity (111420 km/h) + rare command sequence (rarity=0.94) + command sequence length
SES_0025186,USR_0001,user,2026-01-30 06:01:49,normal,0.4057833859012293,0.8106041053337639,0.00096266647,impossible_travel,0.8262,0,6,4,0,1,9844.931583852536,1,0,0,0,0.1,0.04,2,3,-0.5419585071644162,10,0.9356289469192696,3,Flagged due to geo-velocity (9845 km/h) + rare command sequence (rarity=0.94) + impossible travel detected
SES_0069455,USR_0001,user,2026-03-22 13:24:50,normal,0.3643300692240199,0.726072883823226,0.0025872546,impossible_travel,0.4272,0,13,6,1,0,1871.6314371974004,1,1,0,0,0.0,0.02,3,4,-1.5858773428557684,13,0.93562383994314,3,Flagged due to geo-velocity (1872 km/h) + rare command sequence (rarity=0.94) + impossible travel detected
SES_0070407,USR_0001,user,2026-03-23 14:40:19,normal,0.4272413705791728,0.8533410571449268,0.001141684,impossible_travel,0.4148,0,14,0,0,0,25210.949187048325,1,1,0,0,0.0,0.02,3,5,1.6478685152843937,13,0.9355912398558652,3,Flagged due to geo-velocity (25211 km/h) + rare command sequence (rarity=0.94) + impossible travel detected
SES_0073961,USR_0001,user,2026-03-27 14:15:23,normal,0.38285786201131,0.7646683480614133,0.001047376,impossible_travel,0.6127,0,14,4,0,0,14188.595899207308,1,0,0,0,0.2,0.08,3,5,-0.6825353602670057,13,0.9355604199781344,3,Flagged due to geo-velocity (14189 km/h) + rare command sequence (rarity=0.94) + impossible travel detected
SES_0075276,USR_0001,user,2026-03-29 06:47:50,normal,0.4285356629774475,0.8552862713848312,0.0017850546,impossible_travel,0.7532,0,6,6,1,1,2805.234104707941,1,0,0,0,0.1,0.14,4,7,0.6042339335565893,16,0.935549773490588,3,Flagged due to geo-velocity (2805 km/h) + rare command sequence (rarity=0.94) + impossible travel detected
SES_0075759,USR_0001,user,2026-03-29 15:39:44,normal,0.4075707517763502,0.8119156454622551,0.003225858,impossible_travel,0.3899,0,15,6,1,0,1086.0468898543525,1,1,0,0,0.1,0.14,4,7,1.0114808752013478,14,0.9354557690885116,3,Flagged due to geo-velocity (1086 km/h) + rare command sequence (rarity=0.94) + impossible travel detected
SES_0076132,USR_0001,user,2026-03-30 06:35:50,normal,0.4275282195215966,0.7757515949021867,0.079304844,impossible_travel,0.7227,0,6,0,0,1,1253.412063297122,1,0,0,0,0.1,0.14,4,7,0.3339096607786563,17,0.9353748789473872,3,Flagged due to geo-velocity (1253 km/h) + impossible travel detected + rare command sequence (rarity=0.94)
SES_0000323,USR_0002,user,2026-01-01 11:34:46,normal,0.3842347914993951,0.6755910178065677,0.092878565,device_spoofing,0.362,0,11,3,0,0,0.0,0,1,0,1,0.0,0.0,1,1,0.0,17,0.9354477104613792,2,Flagged due to new device fingerprint + command sequence length + rare command sequence (rarity=0.94)
SES_0000331,USR_0002,user,2026-01-01 11:44:02,normal,0.399639409643682,0.7964944569917216,0.0027843623,impossible_travel,0.5795,0,11,3,0,0,1662.3064741919543,1,0,0,1,0.0,0.0,2,2,-72.44000000000005,14,0.935421468265333,2,Flagged due to geo-velocity (1662 km/h) + rare command sequence (rarity=0.94) + impossible travel detected
SES_0023012,USR_0002,user,2026-01-27 11:34:02,normal,0.4811630438667841,0.8507159880602971,0.1116101,impossible_travel,0.6113,0,11,1,0,0,23350.77326006932,1,0,0,0,0.2,0.1,3,4,1.2469563695512134,19,0.9355679917246492,2,Flagged due to geo-velocity (23351 km/h) + rare command sequence (rarity=0.94) + impossible travel detected
SES_0026677,USR_0002,user,2026-01-31 17:51:57,normal,0.4178380084793895,0.6467210526786505,0.18895496,impossible_travel,0.6246,0,17,5,1,0,3349.8001264387813,1,0,0,0,0.0,0.04,3,3,-0.0059943177156906,19,0.9354822722927238,2,Flagged due to geo-velocity (3350 km/h) + rare command sequence (rarity=0.94) + impossible travel detected
SES_0031399,USR_0002,user,2026-02-06 12:39:22,normal,0.3957684347104728,0.7466643656932711,0.044872504,impossible_travel,0.6217,0,12,4,0,0,24267.967496459187,1,0,0,0,0.0,0.06,3,3,-0.2113567666455467,17,0.9354691515145636,2,Flagged due to geo-velocity (24268 km/h) + rare command sequence (rarity=0.94) + impossible travel detected
SES_0034805,USR_0002,user,2026-02-10 12:02:50,normal,0.3643937896012777,0.2501844247817028,0.47860315,lateral_movement,0.466,0,12,1,0,0,0.0,0,0,0,0,0.0,0.02,4,4,2.1512478306839853,21,0.935450947687663,2,Flagged due to rare command sequence (rarity=0.94) + command sequence length + new device fingerprint
SES_0039892,USR_0002,user,2026-02-16 11:53:53,normal,0.5011580533002673,0.9999999969972636,0.0023161096,impossible_travel,0.3489,0,11,0,0,0,19614.753365810662,1,1,0,1,0.0,0.0,5,7,1.912529028382946,14,0.9355333592035928,2,Flagged due to geo-velocity (19615 km/h) + impossible travel detected + rare command sequence (rarity=0.94)
SES_0047568,USR_0002,user,2026-02-25 12:03:23,normal,0.3807633561841377,0.619729855249669,0.14179686,impossible_travel,0.619,0,12,2,0,0,5292.24343092637,1,0,0,0,0.0,0.0,3,6,-0.3755539980968846,18,0.9354615318104778,2,Flagged due to geo-velocity (5292 km/h) + rare command sequence (rarity=0.94) + impossible travel detected
SES_0063739,USR_0002,user,2026-03-15 21:44:38,normal,0.4274307158059821,0.7287213288678617,0.1261401,impossible_travel,0.6298,0,21,6,1,1,2577.853264427896,1,0,0,0,0.0,0.0,3,5,-0.5776321233670816,17,0.935543004031088,2,Flagged due to geo-velocity (2578 km/h) + rare command sequence (rarity=0.94) + impossible travel detected
SES_0063743,USR_0002,user,2026-03-15 21:51:24,normal,0.3949605966438629,0.7547679309705453,0.035153262,impossible_travel,0.6264,0,21,6,1,1,2933.419231935191,1,0,0,0,0.0,0.0,4,6,-0.5266220783328314,17,0.9354259290740172,2,Flagged due to geo-velocity (2933 km/h) + rare command sequence (rarity=0.94) + impossible travel detected
SES_0014319,USR_0003,user,2026-01-17 11:31:16,normal,0.3879214422001802,0.7748640889380725,0.0009787955,impossible_travel,0.6288,0,11,5,1,0,20243.363230122428,1,0,0,0,0.0,0.02,2,4,-1.227921833415334,13,0.9354085458514108,2,Flagged due to geo-velocity (20243 km/h) + rare command sequence (rarity=0.94) + impossible travel detected
SES_0017344,USR_0003,user,2026-01-20 17:17:54,normal,0.3629763037860485,0.7249124373700653,0.0010401702,impossible_travel,0.6167,0,17,1,0,0,21983.199714869148,1,0,0,0,0.0,0.0,2,3,0.6673676389713877,14,0.9354428546219532,2,Flagged due to geo-velocity (21983 km/h) + rare command sequence (rarity=0.94) + impossible travel detected
SES_0040542,USR_0003,user,2026-02-17 08:00:17,brute_force,0.3587460747401743,0.7173552197124438,0.00013692977,brute_force,0.9689,0,8,1,0,0,0.0,0,1,0,0,0.3,0.06,4,5,-4.593797755790496,1,0.9351208194838594,4,Flagged due to rare command sequence (rarity=0.94) + command sequence length + high auth failure rate (30%)
SES_0040543,USR_0003,user,2026-02-17 08:00:18,brute_force,0.4385235499493892,0.8760636276837668,0.0009834722,brute_force,0.9347,0,8,1,0,0,0.0,0,1,0,1,0.4,0.08,5,6,-4.46459137966094,1,0.9351208194838594,4,Flagged due to rare command sequence (rarity=0.94) + command sequence length + weekend access
SES_0040544,USR_0003,user,2026-02-17 08:00:18,brute_force,0.3941171443741836,0.7874757581181028,0.00075853063,brute_force,0.9565,0,8,1,0,0,0.0,0,1,0,0,0.5,0.1,5,6,-4.315284623565343,1,0.9351208194838594,4,Flagged due to high auth failure rate (50%) + rare command sequence (rarity=0.94) + command sequence length
SES_0040545,USR_0003,user,2026-02-17 08:00:20,brute_force,0.4042381035634841,0.8071517887768453,0.0013244184,brute_force,0.9876,0,8,1,0,0,0.0,0,1,0,0,0.6,0.12,5,6,-4.210658470952633,1,0.9351208194838594,4,Flagged due to rare command sequence (rarity=0.94) + high auth failure rate (60%) + command sequence length
SES_0040546,USR_0003,user,2026-02-17 08:00:20,brute_force,0.4099542346385482,0.8178501644308097,0.0020583048,brute_force,0.9901,0,8,1,0,0,0.0,0,1,0,0,0.7,0.14,5,6,-4.088113722972165,1,0.9351208194838594,4,Flagged due to high auth failure rate (70%) + rare command sequence (rarity=0.94) + command sequence length
SES_0040547,USR_0003,user,2026-02-17 08:00:24,brute_force,0.4092661189408031,0.8155686623470838,0.0029635755,brute_force,0.9933,0,8,1,0,0,0.0,0,1,0,0,0.8,0.16,4,6,-3.988869111032081,1,0.9351208194838594,4,Flagged due to rare command sequence (rarity=0.94) + high auth failure rate (80%) + command sequence length
SES_0040548,USR_0003,user,2026-02-17 08:00:30,brute_force,0.4166703371270231,0.8292935342406198,0.00404714,brute_force,0.9703,0,8,1,0,0,0.0,0,1,0,0,0.9,0.18,3,6,-3.8927782534142334,1,0.9351208194838594,4,Flagged due to rare command sequence (rarity=0.94) + high auth failure rate (90%) + command sequence length
SES_0040549,USR_0003,user,2026-02-17 08:00:32,brute_force,0.4287087795628737,0.8520688920890055,0.005348667,brute_force,0.9942,0,8,1,0,0,0.0,0,1,0,0,1.0,0.2,2,6,-3.803023840827037,1,0.9351208194838594,4,Flagged due to rare command sequence (rarity=0.94) + command sequence length + high auth failure rate (100%)
SES_0040550,USR_0003,user,2026-02-17 08:00:33,brute_force,0.4304678824721688,0.8555901568365919,0.005345608,brute_force,0.9942,0,8,1,0,0,0.0,0,1,0,0,1.0,0.22,2,6,-3.710918820679886,1,0.9351208194838594,4,Flagged due to rare command sequence (rarity=0.94) + command sequence length + high auth failure rate (100%)
SES_0040551,USR_0003,user,2026-02-17 08:00:49,brute_force,0.436106651060842,0.8668700227860363,0.0053432793,brute_force,0.9942,0,8,1,0,0,0.0,0,1,0,0,1.0,0.24,2,6,-3.64108210638634,1,0.9351208194838594,4,Flagged due to rare command sequence (rarity=0.94) + command sequence length + high auth failure rate (100%)
SES_0040552,USR_0003,user,2026-02-17 08:00:52,brute_force,0.4361052610618994,0.8668700227860363,0.0053404993,brute_force,0.9942,0,8,1,0,0,0.0,0,1,0,0,1.0,0.26,2,6,-3.55667707788556,1,0.9351208194838594,4,Flagged due to rare command sequence (rarity=0.94) + command sequence length + high auth failure rate (100%)
SES_0040553,USR_0003,user,2026-02-17 08:00:56,brute_force,0.4361042573289946,0.8668700227860363,0.005338492,brute_force,0.9831,0,8,1,0,0,0.0,0,1,0,0,1.0,0.28,2,6,-3.4955601541357635,1,0.9351208194838594,4,Flagged due to rare command sequence (rarity=0.94) + command sequence length + high auth failure rate (100%)
SES_0040554,USR_0003,user,2026-02-17 08:01:00,brute_force,0.4409331254393892,0.876529698486087,0.0053365524,brute_force,0.9942,0,8,1,0,0,0.0,0,1,0,0,1.0,0.3,2,6,-3.4368554371704456,1,0.9351208194838594,4,Flagged due to rare command sequence (rarity=0.94) + command sequence length + high auth failure rate (100%)
SES_0040555,USR_0003,user,2026-02-17 08:01:03,brute_force,0.4422704189099326,0.8792063054658382,0.0053345324,brute_force,0.9942,0,8,1,0,0,0.0,0,1,0,0,1.0,0.32,2,6,-3.375563522460716,1,0.9351208194838594,4,Flagged due to rare command sequence (rarity=0.94) + command sequence length + high auth failure rate (100%)
SES_0040556,USR_0003,user,2026-02-17 08:01:12,brute_force,0.447414098815552,0.8894960014997555,0.005332196,brute_force,0.9942,0,8,1,0,0,0.0,0,1,0,0,1.0,0.34,2,6,-3.3041080232460183,1,0.9351208194838594,4,Flagged due to rare command sequence (rarity=0.94) + command sequence length + high auth failure rate (100%)
SES_0040557,USR_0003,user,2026-02-17 08:01:24,brute_force,0.4474131784360177,0.8894960014997555,0.0053303554,brute_force,0.9946,0,8,1,0,0,0.0,0,1,0,0,1.0,0.36,2,6,-3.247704678884062,1,0.9351208194838594,4,Flagged due to rare command sequence (rarity=0.94) + command sequence length + high auth failure rate (100%)
SES_0040558,USR_0003,user,2026-02-17 08:01:24,brute_force,0.4488531505240218,0.8923776071552368,0.005328694,brute_force,0.9946,0,8,1,0,0,0.0,0,1,0,0,1.0,0.38,2,6,-3.196585721077033,1,0.9351208194838594,4,Flagged due to rare command sequence (rarity=0.94) + command sequence length + high auth failure rate (100%)
SES_0040559,USR_0003,user,2026-02-17 08:01:31,brute_force,0.4488525495881305,0.8923776071552368,0.005327492,brute_force,0.9946,0,8,1,0,0,0.0,0,1,0,0,1.0,0.4,2,6,-3.1593538024983223,1,0.9351208194838594,4,Flagged due to rare command sequence (rarity=0.94) + command sequence length + high auth failure rate (100%)
SES_0040560,USR_0003,user,2026-02-17 08:01:35,brute_force,0.4515596107226762,0.8977933881098336,0.0053258333,brute_force,0.9946,0,8,1,0,0,0.0,0,1,0,0,1.0,0.42,2,6,-3.1087873244888127,1,0.9351208194838594,4,Flagged due to rare command sequence (rarity=0.94) + command sequence length + high auth failure rate (100%)
SES_0040561,USR_0003,user,2026-02-17 08:02:00,brute_force,0.4474797713024727,0.8896354028795286,0.0053241397,brute_force,0.9946,0,8,1,0,0,0.0,0,1,0,0,1.0,0.44,2,6,-3.05599578846946,1,0.9351208194838594,4,Flagged due to rare command sequence (rarity=0.94) + command sequence length + high auth failure rate (100%)
SES_0040562,USR_0003,user,2026-02-17 08:02:42,brute_force,0.450175301261368,0.8950277578013591,0.0053228447,brute_force,0.9946,0,8,1,0,0,0.0,0,1,0,0,1.0,0.46,2,6,-3.016187842112789,1,0.9351208194838594,4,Flagged due to rare command sequence (rarity=0.94) + command sequence length + high auth failure rate (100%)
SES_0040563,USR_0003,user,2026-02-17 08:02:48,brute_force,0.4501746891496058,0.8950277578013591,0.0053216205,brute_force,0.9946,0,8,1,0,0,0.0,0,1,0,0,1.0,0.48,2,6,-2.977928240906972,1,0.9351208194838594,4,Flagged due to rare command sequence (rarity=0.94) + command sequence length + high auth failure rate (100%)
SES_0040564,USR_0003,user,2026-02-17 08:02:55,brute_force,0.4471276208733346,0.8889351732978873,0.0053200684,brute_force,0.9946,0,8,1,0,0,0.0,0,1,0,0,1.0,0.5,2,6,-2.9300686399585083,1,0.9351208194838594,4,Flagged due to rare command sequence (rarity=0.94) + command sequence length + high auth failure rate (100%)
SES_0040565,USR_0003,user,2026-02-17 08:03:00,brute_force,0.4478000698457254,0.8902814202634183,0.0053187194,brute_force,0.9946,0,8,1,0,0,0.0,0,1,0,0,1.0,0.52,2,6,-2.8884621124087304,1,0.9351208194838594,4,Flagged due to rare command sequence (rarity=0.94) + command sequence length + high auth failure rate (100%)
SES_0040566,USR_0003,user,2026-02-17 08:03:04,brute_force,0.4498216627816234,0.8943256305900462,0.005317695,brute_force,0.9946,0,8,1,0,0,0.0,0,1,0,0,1.0,0.54,2,6,-2.8564573427282243,1,0.9351208194838594,4,Flagged due to rare command sequence (rarity=0.94) + command sequence length + high auth failure rate (100%)
SES_0040567,USR_0003,user,2026-02-17 08:03:18,brute_force,0.4498210264554743,0.8943256305900462,0.0053164223,brute_force,0.9946,0,8,1,0,0,0.0,0,1,0,0,1.0,0.56,2,6,-2.816307175644652,1,0.9351208194838594,4,Flagged due to rare command sequence (rarity=0.94) + command sequence length + high auth failure rate (100%)
SES_0040718,USR_0003,user,2026-02-17 11:05:23,normal,0.3628118606401037,0.5788782034302853,0.14674552,lateral_movement,0.3848,0,11,1,0,0,0.0,0,0,0,0,0.9,0.56,3,6,-0.1790166268716891,18,0.9356358254511464,2,Flagged due to rare command sequence (rarity=0.94) + new device fingerprint + command sequence length
SES_0044560,USR_0003,user,2026-02-21 19:31:09,normal,0.4647931240410283,0.925565703381732,0.0040205447,impossible_travel,0.3992,0,19,5,1,0,3719.986747628504,1,1,0,0,0.0,0.36,2,5,1.2293211658774073,14,0.9354088637459722,2,Flagged due to geo-velocity (3720 km/h) + rare command sequence (rarity=0.94) + impossible travel detected
SES_0047153,USR_0003,user,2026-02-24 19:54:11,normal,0.4030658840834599,0.8042085048611217,0.0019232633,impossible_travel,0.616,0,19,1,0,0,35091.55873083256,1,0,0,0,0.1,0.06,2,2,0.5756455248362617,15,0.935400171449014,2,Flagged due to geo-velocity (35092 km/h) + rare command sequence (rarity=0.94) + impossible travel detected
SES_0060085,USR_0003,user,2026-03-11 19:37:47,normal,0.3816704571011246,0.7621589802898007,0.0011819339,impossible_travel,0.619,0,19,2,0,0,16282.444642876955,1,0,0,0,0.2,0.04,2,4,0.5535040990395556,13,0.9355356083076148,2,Flagged due to geo-velocity (16282 km/h) + rare command sequence (rarity=0.94) + impossible travel detected
SES_0070575,USR_0003,user,2026-03-23 17:33:28,normal,0.4010010134649268,0.8008926267478225,0.0011094002,impossible_travel,0.5859,0,17,0,0,0,18952.75390690728,1,0,0,0,0.2,0.06,3,7,0.479084876422828,13,0.935311524431262,2,Flagged due to geo-velocity (18953 km/h) + rare command sequence (rarity=0.94) + impossible travel detected
SES_0070697,USR_0003,user,2026-03-23 19:46:35,normal,0.3662704822422676,0.6434319236877786,0.08910904,impossible_travel,0.5937,0,19,0,0,0,3673.8142975373794,1,0,0,0,0.1,0.06,3,7,0.98900755400883,17,0.9356287682438263,2,Flagged due to geo-velocity (3674 km/h) + rare command sequence (rarity=0.94) + impossible travel detected
SES_0075850,USR_0003,user,2026-03-29 17:08:27,normal,0.3807066167727997,0.7607460959860961,0.00066713756,impossible_travel,0.6301,0,17,6,1,0,67260.52715630607,1,0,0,0,0.0,0.08,3,6,-0.6248097268724548,12,0.9355595669610616,2,Flagged due to geo-velocity (67261 km/h) + rare command sequence (rarity=0.94) + impossible travel detected
SES_0001684,USR_0004,user,2026-01-02 21:31:14,normal,0.4183164397080394,0.7971637826064533,0.039469097,impossible_travel,0.624,0,21,4,0,1,12119.83936891245,1,0,0,0,0.0,0.0,4,4,-0.0785871361870356,16,0.9354814301335624,2,Flagged due to geo-velocity (12120 km/h) + rare command sequence (rarity=0.94) + impossible travel detected
SES_0015995,USR_0004,user,2026-01-19 08:33:43,impossible_travel,0.3854748053186828,0.7707996635555566,0.00014994708,impossible_travel,0.8708,0,8,0,0,0,9458.52032848846,1,0,0,0,0.1,0.06,3,4,-4.510517088320786,5,0.9351430943557788,2,Flagged due to geo-velocity (9459 km/h) + command sequence length + new device fingerprint
SES_0020682,USR_0004,user,2026-01-24 15:47:08,normal,0.3970100216208518,0.7877580262933912,0.006262017,impossible_travel,0.428,0,15,5,1,0,6423.643639462581,1,1,0,0,0.0,0.02,3,4,0.8955969692988168,14,0.9354653774516308,2,Flagged due to geo-velocity (6424 km/h) + rare command sequence (rarity=0.94) + impossible travel detected
SES_0023215,USR_0004,user,2026-01-27 15:18:16,normal,0.369042215917274,0.7372299093790644,0.00085452246,impossible_travel,0.6212,0,15,1,0,0,12870.174531807088,1,0,0,0,0.1,0.02,2,4,1.0692757188142965,15,0.935406439270117,2,Flagged due to geo-velocity (12870 km/h) + rare command sequence (rarity=0.94) + impossible travel detected
SES_0027427,USR_0004,user,2026-02-01 16:06:16,normal,0.3698358354449867,0.7381535344175323,0.0015181365,impossible_travel,0.6399,0,16,6,1,0,10502.824719007238,1,0,0,0,0.0,0.0,3,5,0.0535852293062133,14,0.9355788181258774,2,Flagged due to geo-velocity (10503 km/h) + rare command sequence (rarity=0.94) + impossible travel detected
SES_0027428,USR_0004,user,2026-02-01 16:06:22,normal,0.3849848946335763,0.7681868853537441,0.0017829039,impossible_travel,0.644,0,16,6,1,0,41136.06348277835,1,0,0,0,0.0,0.0,3,5,-1.104792542773187,14,0.9354999882220064,2,Flagged due to geo-velocity (41136 km/h) + rare command sequence (rarity=0.94) + impossible travel detected
SES_0044676,USR_0004,user,2026-02-21 21:37:52,normal,0.3820266905131954,0.7451396947509087,0.018913686,impossible_travel,0.6142,0,21,5,1,1,1511.272823417747,1,0,0,0,0.1,0.1,2,6,0.087002076238262,16,0.935435235086684,2,Flagged due to geo-velocity (1511 km/h) + rare command sequence (rarity=0.94) + impossible travel detected
SES_0065454,USR_0004,user,2026-03-17 21:37:07,normal,0.3778524560862569,0.7037906486558494,0.051914264,impossible_travel,0.5694,0,21,1,0,1,4254.415239084853,1,0,0,0,0.0,0.02,5,6,0.569372867613446,17,0.9354988456715534,2,Flagged due to geo-velocity (4254 km/h) + impossible travel detected + rare command sequence (rarity=0.94)
SES_0069013,USR_0004,user,2026-03-21 21:58:50,normal,0.415304571151092,0.475502609728484,0.35510653,lateral_movement,0.4041,0,21,5,1,1,0.0,0,0,0,0,0.1,0.06,2,5,0.6458540377485221,19,0.9356338419099204,2,Flagged due to rare command sequence (rarity=0.94) + command sequence length + new device fingerprint
SES_0000162,USR_0005,user,2026-01-01 08:47:32,normal,0.4008340309057162,0.801151243324347,0.0005168185,lateral_movement,0.5334,0,8,3,0,0,0.0,0,0,0,1,0.3333333333333333,0.3333333333333333,2,2,1.149864787226958,8,0.9355777074817534,5,Flagged due to rare command sequence (rarity=0.94) + command sequence length + new device fingerprint
SES_0007142,USR_0005,user,2026-01-09 07:51:02,normal,0.4160038689557133,0.8315084654252317,0.0004992725,impossible_travel,0.5338,0,7,4,0,0,12448.505593430378,1,1,0,0,0.0,0.02,2,4,-0.3145108787898151,8,0.9352289393978842,5,Flagged due to geo-velocity (12449 km/h) + impossible travel detected + rare command sequence (rarity=0.94)
SES_0042870,USR_0005,user,2026-02-19 19:49:42,normal,0.3656164820947395,0.7310675114308139,0.00016545276,impossible_travel,0.6572,0,19,3,0,0,10953.191064687466,1,0,0,0,0.0,0.04,2,2,-1.1993170048482644,5,0.9352507080227146,5,Flagged due to geo-velocity (10953 km/h) + rare command sequence (rarity=0.94) + command sequence length
SES_0062101,USR_0005,user,2026-03-14 08:02:03,credential_stuffing,0.3606635286177997,0.7212440873517934,8.2969884e-05,credential_stuffing,0.7599,0,8,5,1,0,0.0,0,1,0,0,0.2,0.1,3,3,-4.820376116015698,1,0.9351208194838594,4,Flagged due to command sequence length + rare command sequence (rarity=0.94) + new device fingerprint
SES_0032967,USR_0006,user,2026-02-08 09:15:48,normal,0.3721967615134084,0.7441847118908542,0.00020881114,impossible_travel,0.5326,0,9,6,1,0,2715.8160066781147,1,0,0,0,0.0,0.04,4,7,-0.226548999282336,2,0.9362200988772886,3,Flagged due to geo-velocity (2716 km/h) + rare command sequence (rarity=0.94) + impossible travel detected
SES_0053750,USR_0006,user,2026-03-04 14:21:26,normal,0.3609262808955337,0.7216707481103841,0.00018181368,impossible_travel,0.6252,0,14,2,0,0,21987.02072520704,1,0,0,0,0.0,0.0,4,4,1.6715736406978008,8,0.9354252909474342,3,Flagged due to geo-velocity (21987 km/h) + rare command sequence (rarity=0.94) + impossible travel detected
SES_0057070,USR_0007,user,2026-03-08 11:17:33,normal,0.3636464260943601,0.7260790487670143,0.0012138034,impossible_travel,0.5835,0,11,6,1,0,967.0838247283752,1,0,0,0,0.2,0.12,4,4,1.2975235062501034,11,0.9356747984413376,4,Flagged due to geo-velocity (967 km/h) + rare command sequence (rarity=0.94) + impossible travel detected
SES_0007896,USR_0008,user,2026-01-09 21:58:47,normal,0.3766084870534099,0.7518956464670761,0.0013213276,impossible_travel,0.6152,0,21,4,0,1,12188.828811757308,1,0,0,0,0.0,0.02,3,7,0.5958777472009721,9,0.9353829429766494,2,Flagged due to geo-velocity (12189 km/h) + rare command sequence (rarity=0.94) + impossible travel detected
SES_0057592,USR_0008,user,2026-03-08 21:39:56,normal,0.3992947291297269,0.7974138040222952,0.0011756542,impossible_travel,0.5707,0,21,6,1,1,2022.1175364934213,1,0,0,0,0.3,0.08,4,6,0.4663010826784125,10,0.9355511295095768,2,Flagged due to geo-velocity (2022 km/h) + impossible travel detected + rare command sequence (rarity=0.94)
SES_0061947,USR_0008,user,2026-03-13 21:56:13,normal,0.3855168818341527,0.7704516709356487,0.00058209273,impossible_travel,0.4101,0,21,4,0,1,2294.682556238356,1,1,0,0,0.0,0.02,4,4,1.0701614317052432,10,0.9356580199663852,2,Flagged due to geo-velocity (2295 km/h) + rare command sequence (rarity=0.94) + impossible travel detected
SES_0008615,USR_0009,user,2026-01-10 19:43:14,normal,0.3660858491033695,0.7314978639140552,0.0006738343,impossible_travel,0.6358,0,19,5,1,0,7036.160124036907,1,0,0,0,0.1,0.04,4,6,0.3585547234578613,9,0.9356847626697576,0,Flagged due to geo-velocity (7036 km/h) + rare command sequence (rarity=0.94) + impossible travel detected
SES_0020867,USR_0009,user,2026-01-24 19:27:37,normal,0.3750885806621207,0.7497781515339699,0.0003990098,impossible_travel,0.5758,0,19,5,1,0,11334.981782948124,1,0,0,0,0.0,0.04,5,6,-0.9989481312515276,11,0.9354222008677996,0,Flagged due to geo-velocity (11335 km/h) + impossible travel detected + rare command sequence (rarity=0.94)
SES_0020988,USR_0009,user,2026-01-24 21:37:13,normal,0.3708628314817854,0.7362624753807799,0.0054631876,impossible_travel,0.6157,0,21,5,1,1,2964.6224780253733,1,0,0,0,0.0,0.02,4,6,-0.7878524975245405,16,0.9354514169132812,0,Flagged due to geo-velocity (2965 km/h) + impossible travel detected + rare command sequence (rarity=0.94)
SES_0020993,USR_0009,user,2026-01-24 21:43:39,normal,0.3689705897554341,0.7362464001334376,0.0016947794,impossible_travel,0.6227,0,21,5,1,1,5183.32239797309,1,0,0,0,0.0,0.02,4,6,0.3361377623135775,14,0.9356278930987983,0,Flagged due to geo-velocity (5183 km/h) + rare command sequence (rarity=0.94) + impossible travel detected
SES_0024377,USR_0009,user,2026-01-28 21:40:24,normal,0.3647200011723792,0.7276218520628523,0.0018181503,impossible_travel,0.6203,0,21,2,0,1,4814.4400559010855,1,0,0,0,0.0,0.0,4,5,-1.640373172550109,12,0.935673834161168,0,Flagged due to geo-velocity (4814 km/h) + rare command sequence (rarity=0.94) + impossible travel detected
SES_0039593,USR_0009,user,2026-02-15 21:21:13,normal,0.384411409507122,0.7683124769443425,0.00051034207,impossible_travel,0.6018,0,21,6,1,1,2502.9415878423333,1,0,0,0,0.0,0.0,4,4,-0.9243889654835884,10,0.9352264081624388,0,Flagged due to geo-velocity (2503 km/h) + impossible travel detected + rare command sequence (rarity=0.94)
SES_0062106,USR_0009,user,2026-03-14 08:02:34,credential_stuffing,0.3667166818283157,0.7333451422267261,8.822143e-05,credential_stuffing,0.9676,0,8,5,1,0,0.0,0,1,0,0,0.1,0.1,6,7,-5.085738701028023,1,0.9351208194838594,4,Flagged due to rare command sequence (rarity=0.94) + command sequence length + new device fingerprint
SES_0063059,USR_0009,user,2026-03-15 08:27:20,normal,0.4121899893975695,0.8139349074108284,0.010445071,impossible_travel,0.7717,0,8,6,1,0,7424.012103993885,1,0,0,0,0.1,0.08,5,6,0.920542951953554,17,0.9354846367196414,0,Flagged due to geo-velocity (7424 km/h) + impossible travel detected + rare command sequence (rarity=0.94)
SES_0000001,USR_0010,user,2026-01-01 06:00:40,normal,0.4050166156796811,0.8086602001827357,0.0013730312,lateral_movement,0.3379,0,6,3,0,1,0.0,0,1,0,1,0.0,0.0,1,1,0.0,6,0.9351977208273908,2,Flagged due to command sequence length + rare command sequence (rarity=0.94) + spoofed device
SES_0017712,USR_0010,user,2026-01-21 08:00:00,brute_force,0.3738091985349558,0.74710670027491,0.0005116968,brute_force,0.8974,0,8,2,0,0,0.0,0,1,0,1,0.1,0.06,3,4,-4.868952284682647,1,0.9351208194838594,4,Flagged due to weekend access + day of week + rare command sequence (rarity=0.94)
SES_0017713,USR_0010,user,2026-01-21 08:00:03,brute_force,0.4050924675605221,0.8095797631672506,0.00060517195,brute_force,0.9066,0,8,2,0,0,0.0,0,1,0,1,0.2,0.08,4,5,-4.486960408411059,1,0.9351208194838594,4,Flagged due to weekend access + rare command sequence (rarity=0.94) + day of week
SES_0017714,USR_0010,user,2026-01-21 08:00:06,brute_force,0.3719714966147278,0.743807064225865,0.000135929,brute_force,0.9528,0,8,2,0,0,0.0,0,1,0,0,0.3,0.1,4,5,-4.189947393361644,1,0.9351208194838594,4,Flagged due to rare command sequence (rarity=0.94) + command sequence length + weekend access
SES_0017715,USR_0010,user,2026-01-21 08:00:10,brute_force,0.3869105546740061,0.77346252154772,0.0003585878,brute_force,0.9778,0,8,2,0,0,0.0,0,1,0,0,0.4,0.12,4,5,-3.93623183448788,1,0.9351208194838594,4,Flagged due to rare command sequence (rarity=0.94) + command sequence length + high auth failure rate (40%)
SES_0017716,USR_0010,user,2026-01-21 08:00:12,brute_force,0.3886940120076095,0.7766343642602276,0.00075365975,brute_force,0.9934,0,8,2,0,0,0.0,0,1,0,0,0.5,0.14,4,5,-3.738159083677021,1,0.9351208194838594,4,Flagged due to rare command sequence (rarity=0.94) + command sequence length + high auth failure rate (50%)
SES_0017717,USR_0010,user,2026-01-21 08:00:21,brute_force,0.3945772726818492,0.7878377026242281,0.0013168427,brute_force,0.9951,0,8,2,0,0,0.0,0,1,0,0,0.6,0.16,4,5,-3.546692500524191,1,0.9351208194838594,4,Flagged due to rare command sequence (rarity=0.94) + command sequence length + high auth failure rate (60%)
SES_0017718,USR_0010,user,2026-01-21 08:00:23,brute_force,0.4051136608862648,0.8081789089689692,0.0020484128,brute_force,0.9951,0,8,2,0,0,0.0,0,1,0,0,0.7,0.18,4,5,-3.3980946450846727,1,0.9351208194838594,4,Flagged due to rare command sequence (rarity=0.94) + command sequence length + high auth failure rate (70%)
SES_0017719,USR_0010,user,2026-01-21 08:00:28,brute_force,0.4084017457678262,0.813852396189291,0.0029510953,brute_force,0.9955,0,8,2,0,0,0.0,0,1,0,0,0.8,0.2,3,5,-3.26136880886654,1,0.9351208194838594,4,Flagged due to rare command sequence (rarity=0.94) + command sequence length + high auth failure rate (80%)
SES_0017720,USR_0010,user,2026-01-21 08:00:28,brute_force,0.4100200492100334,0.8160078404757213,0.004032258,brute_force,0.9943,0,8,2,0,0,0.0,0,1,0,0,0.9,0.22,3,5,-3.144979068372421,1,0.9351208194838594,4,Flagged due to rare command sequence (rarity=0.94) + high auth failure rate (90%) + command sequence length
SES_0017721,USR_0010,user,2026-01-21 08:00:30,brute_force,0.4167610594774989,0.8281987727164145,0.0053233462,brute_force,0.9932,0,8,2,0,0,0.0,0,1,0,0,1.0,0.24,2,5,-3.031981821588445,1,0.9351208194838594,4,Flagged due to rare command sequence (rarity=0.94) + command sequence length + high auth failure rate (100%)
SES_0017722,USR_0010,user,2026-01-21 08:00:32,brute_force,0.4138152945289266,0.8223102603044117,0.0053203288,brute_force,0.9932,0,8,2,0,0,0.0,0,1,0,0,1.0,0.26,2,5,-2.9382530868361254,1,0.9351208194838594,4,Flagged due to rare command sequence (rarity=0.94) + command sequence length + high auth failure rate (100%)
SES_0017723,USR_0010,user,2026-01-21 08:00:40,brute_force,0.4162671988349252,0.8272173015370653,0.005317096,brute_force,0.9825,0,8,2,0,0,0.0,0,1,0,0,1.0,0.28,2,5,-2.8376982191173403,1,0.9351208194838594,4,Flagged due to rare command sequence (rarity=0.94) + command sequence length + high auth failure rate (100%)
SES_0017724,USR_0010,user,2026-01-21 08:00:40,brute_force,0.4162659308392398,0.8272173015370653,0.00531456,brute_force,0.9825,0,8,2,0,0,0.0,0,1,0,0,1.0,0.28,2,5,-2.758667756113544,1,0.9351208194838594,4,Flagged due to rare command sequence (rarity=0.94) + command sequence length + high auth failure rate (100%)
SES_0017725,USR_0010,user,2026-01-21 08:00:42,brute_force,0.4188763761326668,0.832440502735227,0.0053122495,brute_force,0.9955,0,8,2,0,0,0.0,0,1,0,0,1.0,0.3,2,5,-2.68550997029575,1,0.9351208194838594,4,Flagged due to rare command sequence (rarity=0.94) + command sequence length + high auth failure rate (100%)
SES_0017726,USR_0010,user,2026-01-21 08:00:55,brute_force,0.4205112148848556,0.8357121891023979,0.0053102407,brute_force,0.9955,0,8,2,0,0,0.0,0,1,0,0,1.0,0.32,2,5,-2.6227009821505463,1,0.9351208194838594,4,Flagged due to rare command sequence (rarity=0.94) + command sequence length + high auth failure rate (100%)
SES_0017728,USR_0010,user,2026-01-21 08:01:00,brute_force,0.42811824329031,0.8509286543134846,0.0053078323,brute_force,0.9955,0,8,2,0,0,0.0,0,1,0,0,1.0,0.34,2,5,-2.54697327292458,1,0.9351208194838594,4,Flagged due to rare command sequence (rarity=0.94) + command sequence length + high auth failure rate (100%)
SES_0017729,USR_0010,user,2026-01-21 08:01:05,brute_force,0.4281172793714453,0.8509286543134846,0.0053059044,brute_force,0.9955,0,8,2,0,0,0.0,0,1,0,0,1.0,0.36,2,5,-2.485246831839484,1,0.9351208194838594,4,Flagged due to rare command sequence (rarity=0.94) + command sequence length + high auth failure rate (100%)
SES_0017730,USR_0010,user,2026-01-21 08:01:12,brute_force,0.4315098107051722,0.8577152597167833,0.0053043617,brute_force,0.9955,0,8,2,0,0,0.0,0,1,0,0,1.0,0.38,2,5,-2.4365373278604,1,0.9351208194838594,4,Flagged due to rare command sequence (rarity=0.94) + command sequence length + high auth failure rate (100%)
SES_0017731,USR_0010,user,2026-01-21 08:01:21,brute_force,0.4285554116217783,0.8518082389791293,0.0053025843,brute_force,0.9955,0,8,2,0,0,0.0,0,1,0,0,1.0,0.4,2,5,-2.3799996762748736,1,0.9351208194838594,4,Flagged due to rare command sequence (rarity=0.94) + command sequence length + high auth failure rate (100%)
SES_0017732,USR_0010,user,2026-01-21 08:01:24,brute_force,0.431207541242425,0.8571137508492854,0.0053013316,brute_force,0.9955,0,8,2,0,0,0.0,0,1,0,0,1.0,0.42,2,5,-2.340466885961152,1,0.9351208194838594,4,Flagged due to rare command sequence (rarity=0.94) + command sequence length + high auth failure rate (100%)
SES_0017733,USR_0010,user,2026-01-21 08:01:38,brute_force,0.4269539869452824,0.8486080168871204,0.005299957,brute_force,0.9955,0,8,2,0,0,0.0,0,1,0,0,1.0,0.44,2,5,-2.296412313817634,1,0.9351208194838594,4,Flagged due to rare command sequence (rarity=0.94) + command sequence length + high auth failure rate (100%)
SES_0017734,USR_0010,user,2026-01-21 08:01:39,brute_force,0.4275047834808395,0.8497112467576595,0.00529832,brute_force,0.9955,0,8,2,0,0,0.0,0,1,0,0,1.0,0.46,2,5,-2.2441474805313915,1,0.9351208194838594,4,Flagged due to rare command sequence (rarity=0.94) + command sequence length + high auth failure rate (100%)
SES_0017735,USR_0010,user,2026-01-21 08:01:40,brute_force,0.4275041576320694,0.8497112467576595,0.0052970685,brute_force,0.9955,0,8,2,0,0,0.0,0,1,0,0,1.0,0.48,2,5,-2.203501970743035,1,0.9351208194838594,4,Flagged due to rare command sequence (rarity=0.94) + command sequence length + high auth failure rate (100%)
SES_0017736,USR_0010,user,2026-01-21 08:01:48,brute_force,0.4275035452874766,0.8497112467576595,0.005295844,brute_force,0.9955,0,8,2,0,0,0.0,0,1,0,0,1.0,0.5,2,5,-2.1646077307280094,1,0.9351208194838594,4,Flagged due to rare command sequence (rarity=0.94) + command sequence length + high auth failure rate (100%)
SES_0017737,USR_0010,user,2026-01-21 08:01:56,brute_force,0.4281628011434223,0.8510309463714949,0.005294656,brute_force,0.9955,0,8,2,0,0,0.0,0,1,0,0,1.0,0.52,2,5,-2.126525968759298,1,0.9351208194838594,4,Flagged due to rare command sequence (rarity=0.94) + command sequence length + high auth failure rate (100%)
SES_0017738,USR_0010,user,2026-01-21 08:01:57,brute_force,0.4385557213940045,0.8718176362388474,0.0052938065,brute_force,0.9955,0,8,2,0,0,0.0,0,1,0,0,1.0,0.54,2,4,-2.0988233532443563,1,0.9351208194838594,4,Flagged due to rare command sequence (rarity=0.94) + command sequence length + high auth failure rate (100%)
SES_0017739,USR_0010,user,2026-01-21 08:01:59,brute_force,0.4385550715636781,0.8718176362388474,0.005292507,brute_force,0.9955,0,8,2,0,0,0.0,0,1,0,0,1.0,0.56,2,4,-2.0571421588660885,1,0.9351208194838594,4,Flagged due to rare command sequence (rarity=0.94) + command sequence length + high auth failure rate (100%)
SES_0017741,USR_0010,user,2026-01-21 08:02:08,brute_force,0.4385547407113335,0.8718176362388474,0.005291845,brute_force,0.9955,0,8,2,0,0,0.0,0,1,0,0,1.0,0.58,2,4,-2.035378177493555,1,0.9351208194838594,4,Flagged due to rare command sequence (rarity=0.94) + command sequence length + high auth failure rate (100%)
SES_0017743,USR_0010,user,2026-01-21 08:02:30,brute_force,0.4385541372143051,0.8718176362388474,0.005290638,brute_force,0.9955,0,8,2,0,0,0.0,0,1,0,0,1.0,0.6,2,4,-1.996912684532719,1,0.9351208194838594,4,Flagged due to rare command sequence (rarity=0.94) + command sequence length + high auth failure rate (100%)
SES_0017744,USR_0010,user,2026-01-21 08:02:32,brute_force,0.438553760261493,0.8718176362388474,0.0052898843,brute_force,0.9955,0,8,2,0,0,0.0,0,1,0,0,1.0,0.62,2,4,-1.9720147539251829,1,0.9351208194838594,4,Flagged due to rare command sequence (rarity=0.94) + command sequence length + high auth failure rate (100%)
SES_0017745,USR_0010,user,2026-01-21 08:02:34,brute_force,0.4395545560462376,0.8738199672784608,0.005289145,brute_force,0.9955,0,8,2,0,0,0.0,0,1,0,0,1.0,0.64,2,4,-1.9481186426590813,1,0.9351208194838594,4,Flagged due to rare command sequence (rarity=0.94) + command sequence length + high auth failure rate (100%)
SES_0017746,USR_0010,user,2026-01-21 08:02:42,brute_force,0.4423991367985702,0.8795101485813451,0.005288125,brute_force,0.9955,0,8,2,0,0,0.0,0,1,0,0,1.0,0.66,2,4,-1.9140347509808584,1,0.9351208194838594,4,Flagged due to rare command sequence (rarity=0.94) + command sequence length + high auth failure rate (100%)
SES_0017747,USR_0010,user,2026-01-21 08:02:55,brute_force,0.4423987032679117,0.8795101485813451,0.005287258,brute_force,0.9955,0,8,2,0,0,0.0,0,1,0,0,1.0,0.68,2,4,-1.88671919786661,1,0.9351208194838594,4,Flagged due to rare command sequence (rarity=0.94) + command sequence length + high auth failure rate (100%)
SES_0017748,USR_0010,user,2026-01-21 08:03:05,brute_force,0.4423984252681232,0.8795101485813451,0.005286702,brute_force,0.9955,0,8,2,0,0,0.0,0,1,0,0,1.0,0.7,2,4,-1.8682957449090625,1,0.9351208194838594,4,Flagged due to rare command sequence (rarity=0.94) + command sequence length + high auth failure rate (100%)
SES_0017750,USR_0010,user,2026-01-21 08:03:24,brute_force,0.4423980951142705,0.8795101485813451,0.0052860416,brute_force,0.9955,0,8,2,0,0,0.0,0,1,0,0,1.0,0.72,2,4,-1.8467999678912763,1,0.9351208194838594,4,Flagged due to rare command sequence (rarity=0.94) + command sequence length + high auth failure rate (100%)
SES_0017751,USR_0010,user,2026-01-21 08:03:28,brute_force,0.4414432450062724,0.8776012944719082,0.0052851955,brute_force,0.9955,0,8,2,0,0,0.0,0,1,0,0,1.0,0.74,2,4,-1.819639679213684,1,0.9351208194838594,4,Flagged due to rare command sequence (rarity=0.94) + command sequence length + high auth failure rate (100%)
SES_0017752,USR_0010,user,2026-01-21 08:03:45,brute_force,0.4414429632811936,0.8776012944719082,0.005284632,brute_force,0.9955,0,8,2,0,0,0.0,0,1,0,0,1.0,0.76,2,4,-1.800997868876098,1,0.9351208194838594,4,Flagged due to rare command sequence (rarity=0.94) + command sequence length + high auth failure rate (100%)
SES_0017753,USR_0010,user,2026-01-21 08:03:48,brute_force,0.4414425933133009,0.8776012944719082,0.005283892,brute_force,0.9955,0,8,2,0,0,0.0,0,1,0,0,1.0,0.78,2,4,-1.7766660507219416,1,0.9351208194838594,4,Flagged due to rare command sequence (rarity=0.94) + command sequence length + high auth failure rate (100%)
SES_0017754,USR_0010,user,2026-01-21 08:05:10,brute_force,0.4414423376652541,0.8776012944719082,0.005283381,brute_force,0.9955,0,8,2,0,0,0.0,0,1,0,0,1.0,0.8,2,4,-1.7605347190283562,1,0.9351208194838594,4,Flagged due to rare command sequence (rarity=0.94) + command sequence length + high auth failure rate (100%)
SES_0017755,USR_0010,user,2026-01-21 08:05:24,brute_force,0.4397708061611172,0.8742588140059048,0.0052827983,brute_force,0.9955,0,8,2,0,0,0.0,0,1,0,0,1.0,0.82,2,4,-1.7411710888340777,1,0.9351208194838594,4,Flagged due to rare command sequence (rarity=0.94) + command sequence length + high auth failure rate (100%)
SES_0028449,USR_0010,user,2026-02-02 21:03:43,normal,0.3982873423543447,0.7963417067559978,0.00023297795,impossible_travel,0.3823,0,21,0,0,1,2388.537813706081,1,1,0,0,0.1,0.04,5,5,-0.0473214076224544,8,0.9354095611271664,2,Flagged due to geo-velocity (2389 km/h) + impossible travel detected + rare command sequence (rarity=0.94)
SES_0074445,USR_0010,user,2026-03-28 07:37:19,normal,0.3936772496871689,0.7868696699259414,0.00048482945,impossible_travel,0.8514,0,7,5,1,0,13023.053054999453,1,0,0,0,0.1,0.06,2,6,-0.2168513731620303,6,0.9354860405981236,2,Flagged due to geo-velocity (13023 km/h) + rare command sequence (rarity=0.94) + impossible travel detected
SES_0000002,USR_0012,user,2026-01-01 06:01:03,normal,0.3749115037173582,0.7447813425027933,0.005041665,device_spoofing,0.4386,0,6,3,0,1,0.0,0,1,0,1,0.0,0.0,1,1,0.0,15,0.9354557139867874,2,Flagged due to new device fingerprint + command sequence length + rare command sequence (rarity=0.94)
SES_0000934,USR_0012,user,2026-01-02 06:39:55,normal,0.3843785600992244,0.4259915505115593,0.34276557,lateral_movement,0.5746,0,6,4,0,1,0.0,0,0,0,0,0.1,0.0714285714285714,3,3,1.1047228871485737,19,0.9354157369610162,2,Flagged due to rare command sequence (rarity=0.94) + new device fingerprint + command sequence length
SES_0002603,USR_0012,user,2026-01-04 06:18:34,normal,0.3930217591699426,0.7593289177172313,0.0267146,impossible_travel,0.8329,0,6,6,1,1,3221.488068466465,1,0,0,0,0.0,0.0625,3,4,-0.3910480257253479,17,0.9355381542690584,2,Flagged due to geo-velocity (3221 km/h) + rare command sequence (rarity=0.94) + impossible travel detected
SES_0023680,USR_0012,user,2026-01-28 07:41:13,normal,0.3725807562541922,0.5563585698747556,0.18880294,impossible_travel,0.7975,0,7,2,0,0,1089.4730841299,1,0,0,0,0.0,0.0,4,5,1.5023177256147895,18,0.9355728258133944,2,Flagged due to geo-velocity (1089 km/h) + impossible travel detected + rare command sequence (rarity=0.94)
SES_0026893,USR_0012,user,2026-02-01 06:19:17,normal,0.3644945086226157,0.4676157655686719,0.26137325,lateral_movement,0.5315,0,6,6,1,1,0.0,0,0,0,0,0.1,0.02,3,5,0.0518612061398679,19,0.9355644898650856,2,Flagged due to rare command sequence (rarity=0.94) + command sequence length + new device fingerprint
SES_0028052,USR_0012,user,2026-02-02 13:45:10,normal,0.3780061416438643,0.3937615379912505,0.36225075,device_spoofing,0.3789,0,13,0,0,0,0.0,0,1,0,0,0.0,0.02,4,5,-0.4919386456207126,19,0.9355738535330488,2,Flagged due to new device fingerprint + command sequence length + rare command sequence (rarity=0.94)
SES_0033199,USR_0012,user,2026-02-08 13:44:28,normal,0.4433436155990186,0.6758502991349346,0.21083693,impossible_travel,0.6269,0,13,6,1,0,3205.821467598433,1,0,0,0,0.0,0.04,3,7,-1.5461332301326476,21,0.9355982759221584,2,Flagged due to geo-velocity (3206 km/h) + rare command sequence (rarity=0.94) + impossible travel detected
SES_0038810,USR_0012,user,2026-02-15 06:46:25,normal,0.394237376279682,0.6090760072609783,0.17939875,device_spoofing,0.4082,0,6,6,1,1,0.0,0,1,0,0,0.0,0.02,4,5,-0.8496227957502227,18,0.9355267814352924,2,Flagged due to new device fingerprint + command sequence length + rare command sequence (rarity=0.94)
SES_0058514,USR_0012,user,2026-03-10 06:30:40,normal,0.3607318139540507,0.7194877106507328,0.0019759173,device_spoofing,0.4259,0,6,1,0,1,0.0,0,1,0,1,0.0,0.02,4,5,-2.0381618840749542,12,0.9357300034810514,2,Flagged due to new device fingerprint + command sequence length + rare command sequence (rarity=0.94)
SES_0067268,USR_0012,user,2026-03-20 06:25:08,normal,0.3721246924520296,0.4161299579383458,0.32811943,lateral_movement,0.6463,0,6,4,0,1,0.0,0,0,0,0,0.1,0.02,4,4,1.2217502911494569,18,0.9354080946177415,2,Flagged due to rare command sequence (rarity=0.94) + new device fingerprint + command sequence length
SES_0000063,USR_0013,user,2026-01-01 07:13:44,normal,0.4881251551012197,0.9760202275424572,0.00023008266,device_spoofing,0.3299,0,7,3,0,0,0.0,0,1,0,1,1.0,1.0,1,1,0.0,9,0.9352331581236264,1,Flagged due to new device fingerprint + command sequence length + rare command sequence (rarity=0.94)
SES_0000075,USR_0013,user,2026-01-01 07:20:56,normal,0.4576135077245906,0.9131897626840324,0.0020372528,lateral_movement,0.4027,0,7,3,0,0,0.0,0,0,0,1,0.5,0.5,2,2,-512.75,5,0.9352249617421844,1,Flagged due to rare command sequence (rarity=0.94) + new device fingerprint + geo-velocity (0 km/h)
SES_0016460,USR_0013,user,2026-01-19 17:22:04,normal,0.376979716005756,0.7537207650457695,0.00023866697,impossible_travel,0.4604,0,17,0,0,0,3119.158163131657,1,1,0,0,0.1,0.04,4,4,2.1742239767502034,5,0.9356163630630552,1,Flagged due to geo-velocity (3119 km/h) + rare command sequence (rarity=0.94) + impossible travel detected
SES_0017704,USR_0013,user,2026-01-21 07:55:57,normal,0.388610850945479,0.7768879479526369,0.00033375394,impossible_travel,0.7366,0,7,2,0,0,15296.45460561368,1,0,0,0,0.2,0.08,4,4,0.3387757835592411,2,0.9354361390993432,1,Flagged due to geo-velocity (15296 km/h) + rare command sequence (rarity=0.94) + impossible travel detected
SES_0041434,USR_0013,user,2026-02-18 08:40:07,normal,0.3592749495170459,0.7183941841988188,0.00015571484,impossible_travel,0.7569,0,8,2,0,0,25911.983271361696,1,0,0,0,0.0,0.02,3,4,1.297493245924156,3,0.9356376736548052,1,Flagged due to geo-velocity (25912 km/h) + rare command sequence (rarity=0.94) + impossible travel detected
SES_0047302,USR_0013,user,2026-02-25 07:05:24,normal,0.3866215198875965,0.7731382647195322,0.000104775056,impossible_travel,0.6153,0,7,2,0,0,15829.703417048726,1,0,0,0,0.0,0.02,3,4,1.301138997174336,1,0.9362200988772886,1,Flagged due to geo-velocity (15830 km/h) + rare command sequence (rarity=0.94) + impossible travel detected
SES_0000191,USR_0014,user,2026-01-01 09:21:25,normal,0.3726227667459236,0.7400535619439457,0.0051919715,lateral_movement,0.3269,0,9,3,0,0,0.0,0,0,0,0,0.5,0.5,1,1,2635.85,11,0.9354395579108536,5,Flagged due to rare command sequence (rarity=0.94) + new device fingerprint + command sequence length
SES_0000222,USR_0014,user,2026-01-01 09:48:36,normal,0.403527337553451,0.8063492286410298,0.00070544647,lateral_movement,0.3728,0,9,3,0,0,0.0,0,0,0,1,0.3333333333333333,0.3333333333333333,2,2,0.0291738385924984,13,0.9355599749257486,5,Flagged due to rare command sequence (rarity=0.94) + new device fingerprint + command sequence length
SES_0000255,USR_0014,user,2026-01-01 10:31:26,normal,0.3592864429865862,0.6862941098043492,0.032278776,low_and_slow_exfiltration,0.3049,0,10,3,0,0,286.2405491806701,0,0,0,1,0.2,0.2,3,3,1.1574271861704448,17,0.9353982769220924,5,Flagged due to hour of day + new device fingerprint + anomalous session duration (z=1.2)
SES_0012063,USR_0014,user,2026-01-14 17:31:28,normal,0.388908446819917,0.7755577893600328,0.0022591043,impossible_travel,0.5634,0,17,2,0,0,49618.35113299331,1,0,0,0,0.0,0.1,4,7,-0.0426014500085961,14,0.9353885105466766,5,Flagged due to geo-velocity (49618 km/h) + impossible travel detected + rare command sequence (rarity=0.94)
SES_0000011,USR_0015,user,2026-01-01 06:12:09,normal,0.4300873410430738,0.8579908251779157,0.002183857,brute_force,0.7019,0,6,3,0,1,0.0,0,1,0,1,0.0,0.0,1,1,0.0,1,0.9350701947749516,3,Flagged due to rare command sequence (rarity=0.94) + command sequence length + weekend access
SES_0014034,USR_0015,user,2026-01-17 06:24:56,normal,0.428875011339025,0.8574768040667947,0.0002732186,impossible_travel,0.4445,0,6,5,1,1,1014.6739686054196,1,1,0,0,0.0,0.04,6,6,0.7864744751492304,4,0.9355858435956852,3,Flagged due to geo-velocity (1015 km/h) + impossible travel detected + rare command sequence (rarity=0.94)
SES_0014037,USR_0015,user,2026-01-17 06:27:39,normal,0.4227126421204216,0.8452847678332883,0.00014051641,impossible_travel,0.5365,0,6,5,1,1,4102.270830128659,1,0,0,0,0.0,0.04,6,6,0.2638378845319122,1,0.9358367975098428,3,Flagged due to geo-velocity (4102 km/h) + rare command sequence (rarity=0.94) + impossible travel detected
SES_0019771,USR_0015,user,2026-01-23 14:52:41,normal,0.3677618375515393,0.7352608580553094,0.00026281705,impossible_travel,0.4896,0,14,4,0,0,32426.393674138464,1,0,0,0,0.0,0.02,5,7,-2.3310588550459275,4,0.9355316028361408,3,Flagged due to geo-velocity (32426 km/h) + rare command sequence (rarity=0.94) + impossible travel detected
SES_0020178,USR_0015,user,2026-01-24 06:29:15,normal,0.3864118568452278,0.7726234670842006,0.0002002466,impossible_travel,0.6881,0,6,5,1,1,1754.9544226811763,1,0,0,0,0.1,0.04,5,7,-0.7614532120099924,3,0.9356285129931932,3,Flagged due to geo-velocity (1755 km/h) + rare command sequence (rarity=0.94) + impossible travel detected
SES_0020179,USR_0015,user,2026-01-24 06:30:57,normal,0.4689658492606744,0.9374894143328828,0.0004422842,low_and_slow_exfiltration,0.4426,0,6,5,1,1,16190.31482100968,1,0,0,0,0.1,0.04,5,7,0.8327433324539745,3,0.9350976767597872,3,Flagged due to command sequence length + rare command sequence (rarity=0.94) + new device fingerprint
SES_0028954,USR_0015,user,2026-02-03 14:37:27,normal,0.3631738196169611,0.7239905030085944,0.0023571362,lateral_movement,0.4219,0,14,1,0,0,89.43768231491245,0,1,0,1,0.0,0.06,6,9,-0.0117765142808203,5,0.9357126946520058,3,Flagged due to rare command sequence (rarity=0.94) + resource diversity spike (6 unique resources) + command sequence length
SES_0032803,USR_0015,user,2026-02-08 06:32:19,normal,0.3713650028071294,0.7425449923894224,0.00018501322,lateral_movement,0.5396,0,6,6,1,1,0.0,0,0,0,0,0.2,0.04,5,9,2.658887451006009,2,0.9360421891859836,3,Flagged due to rare command sequence (rarity=0.94) + new device fingerprint + geo-velocity (0 km/h)
SES_0038789,USR_0015,user,2026-02-15 06:19:21,normal,0.4240629264013665,0.847957295887719,0.00016855692,credential_stuffing,0.2841,0,6,6,1,1,1250.3967830428812,1,0,0,0,0.1,0.06,6,7,0.0407498841615895,1,0.9351208194838594,3,Flagged due to command sequence length + rare command sequence (rarity=0.94) + high auth failure rate (10%)
SES_0038801,USR_0015,user,2026-02-15 06:34:24,normal,0.4034716601312129,0.8064597359050003,0.00048358436,impossible_travel,0.6402,0,6,6,1,1,1304.4006308154972,1,0,0,0,0.0,0.06,6,7,0.1451328488632743,3,0.9358377617900124,3,Flagged due to geo-velocity (1304 km/h) + impossible travel detected + rare command sequence (rarity=0.94)
SES_0045547,USR_0015,user,2026-02-23 06:10:59,normal,0.3874573563403896,0.7748005860987314,0.00011412658,brute_force,0.3666,0,6,0,0,1,2712.393325556658,1,0,0,0,0.0,0.0,4,6,-1.6023952754408095,1,0.9351208194838594,3,Flagged due to rare command sequence (rarity=0.94) + command sequence length + day of week
SES_0057249,USR_0015,user,2026-03-08 14:43:18,normal,0.3582731980932495,0.7164482607695791,9.813542e-05,impossible_travel,0.4634,0,14,6,1,0,10115.029831786444,1,0,0,0,0.0,0.02,5,8,0.2601625394698547,3,0.9355301564158864,3,Flagged due to geo-velocity (10115 km/h) + rare command sequence (rarity=0.94) + impossible travel detected
SES_0044006,USR_0016,user,2026-02-21 09:18:36,normal,0.3984745462755353,0.796756743138243,0.00019234941,impossible_travel,0.4517,0,9,5,1,0,22828.79179374499,1,0,0,0,0.1,0.04,2,3,-0.0833388825440373,1,0.9356328522539566,2,Flagged due to geo-velocity (22829 km/h) + rare command sequence (rarity=0.94) + impossible travel detected
SES_0044279,USR_0016,user,2026-02-21 14:20:47,normal,0.3789290910463769,0.7577065482984509,0.0001516338,impossible_travel,0.712,0,14,5,1,0,17318.739986320405,1,0,0,0,0.1,0.04,2,3,1.6239452487646648,5,0.9355266850072756,2,Flagged due to geo-velocity (17319 km/h) + rare command sequence (rarity=0.94) + command sequence length
SES_0056349,USR_0016,user,2026-03-07 14:10:17,normal,0.3767217495434438,0.7533024726638077,0.00014102642,impossible_travel,0.5203,0,14,5,1,0,18335.30818850645,1,0,0,0,0.0,0.08,2,5,0.021781979753999,3,0.935569691902843,2,Flagged due to geo-velocity (18335 km/h) + rare command sequence (rarity=0.94) + impossible travel detected
SES_0000328,USR_0017,user,2026-01-01 11:42:06,normal,0.366620091267447,0.722824396588942,0.010415786,device_spoofing,0.3281,0,11,3,0,0,0.0,0,1,0,1,0.0,0.0,2,2,-221.63999999999987,16,0.935366258920797,5,Flagged due to new device fingerprint + command sequence length + rare command sequence (rarity=0.94)
SES_0000329,USR_0017,user,2026-01-01 11:42:13,normal,0.3918813321139952,0.7829926246043871,0.0007700396,lateral_movement,0.3712,0,11,3,0,0,0.0,0,0,0,1,0.3333333333333333,0.3333333333333333,3,3,1.073038687891552,13,0.9354172243729378,5,Flagged due to rare command sequence (rarity=0.94) + new device fingerprint + command sequence length
SES_0000591,USR_0017,user,2026-01-01 16:25:49,normal,0.3799519664735005,0.7574992664412471,0.0024046665,lateral_movement,0.4186,0,16,3,0,0,0.0,0,0,0,1,0.3333333333333333,0.3333333333333333,4,4,0.7542245071540293,15,0.9354134785153556,5,Flagged due to rare command sequence (rarity=0.94) + new device fingerprint + command sequence length
SES_0001228,USR_0017,user,2026-01-02 12:15:37,normal,0.3710553741560494,0.4745758962842058,0.26753485,lateral_movement,0.5112,0,12,4,0,0,0.0,0,0,0,0,0.2222222222222222,0.2222222222222222,5,5,-0.6703145549697446,19,0.9354226645527616,5,Flagged due to rare command sequence (rarity=0.94) + new device fingerprint + command sequence length
SES_0001448,USR_0017,user,2026-01-02 16:40:21,normal,0.3750666652726168,0.7437690799895991,0.0063642506,impossible_travel,0.5479,0,16,4,0,0,9683.164067137926,1,0,0,0,0.0,0.1333333333333333,4,5,0.967086099736025,16,0.9354090187195708,5,Flagged due to geo-velocity (9683 km/h) + impossible travel detected + rare command sequence (rarity=0.94)
SES_0032230,USR_0017,user,2026-02-07 11:58:14,normal,0.432814628712471,0.8647134282744702,0.00091582915,impossible_travel,0.5295,0,11,5,1,0,26048.27834047062,1,0,0,0,0.1,0.08,5,7,1.8008805281304712,14,0.9354455408309974,5,Flagged due to geo-velocity (26048 km/h) + impossible travel detected + rare command sequence (rarity=0.94)
SES_0032256,USR_0017,user,2026-02-07 12:26:36,normal,0.3845610393184878,0.7687830210494228,0.0003390576,impossible_travel,0.4674,0,12,5,1,0,918.2706818027244,1,0,0,1,0.1,0.08,5,8,-0.3006397085457785,9,0.9355002637306264,5,Flagged due to geo-velocity (918 km/h) + impossible travel detected + rare command sequence (rarity=0.94)
SES_0032998,USR_0017,user,2026-02-08 09:57:14,normal,0.467223638453601,0.9324631465488786,0.0019841304,impossible_travel,0.3057,0,9,6,1,0,995.4554686245344,1,1,0,1,0.0,0.06,6,9,0.0768876294352363,14,0.9354919295948744,5,Flagged due to geo-velocity (995 km/h) + impossible travel detected + rare command sequence (rarity=0.94)
SES_0033059,USR_0017,user,2026-02-08 11:04:34,normal,0.3752076014622893,0.530673605152934,0.2197416,lateral_movement,0.3804,0,11,6,1,0,419.2056801318025,0,0,0,0,0.0,0.04,6,9,0.3605232673342986,19,0.9354824245474874,5,Flagged due to rare command sequence (rarity=0.94) + resource diversity spike (6 unique resources) + command sequence length
SES_0037396,USR_0017,user,2026-02-13 12:23:09,normal,0.3776867646221081,0.7525689898449947,0.0028045394,impossible_travel,0.5659,0,12,4,0,0,15142.826161795036,1,0,0,0,0.1,0.08,4,7,1.0616560651072384,14,0.9355768551269604,5,Flagged due to geo-velocity (15143 km/h) + impossible travel detected + rare command sequence (rarity=0.94)
SES_0045743,USR_0017,user,2026-02-23 09:35:03,normal,0.3598202553774553,0.4981095070413028,0.221531,lateral_movement,0.586,0,9,0,0,0,0.0,0,0,0,1,0.1,0.06,5,7,-0.4388993256000277,18,0.9354956833998204,5,Flagged due to rare command sequence (rarity=0.94) + new device fingerprint + command sequence length
SES_0047569,USR_0017,user,2026-02-25 12:04:28,normal,0.4044422702990246,0.7340746391817475,0.0748099,impossible_travel,0.5457,0,12,2,0,0,23024.81143427101,1,0,0,0,0.0,0.04,5,6,1.0299003367476711,17,0.9354844665525526,5,Flagged due to geo-velocity (23025 km/h) + impossible travel detected + rare command sequence (rarity=0.94)
SES_0054322,USR_0017,user,2026-03-05 09:23:38,normal,0.4066996698952454,0.8115674379486939,0.0018319018,impossible_travel,0.517,0,9,3,0,0,18621.168232548272,1,0,0,0,0.0,0.0,5,8,-2.6710077073039447,15,0.935353114576734,5,Flagged due to geo-velocity (18621 km/h) + impossible travel detected + rare command sequence (rarity=0.94)
SES_0055604,USR_0017,user,2026-03-06 16:29:12,normal,0.4046386742787653,0.8070236836672264,0.002253665,impossible_travel,0.5823,0,16,4,0,0,30897.564819818497,1,0,0,0,0.2,0.04,4,7,-0.975445373885807,12,0.935750012294572,5,Flagged due to geo-velocity (30898 km/h) + rare command sequence (rarity=0.94) + impossible travel detected
SES_0064765,USR_0017,user,2026-03-17 09:02:01,normal,0.3607065566100962,0.7205941099525132,0.00081900327,impossible_travel,0.552,0,9,1,0,0,22068.920332106143,1,0,0,0,0.0,0.02,5,6,1.4956243288585522,11,0.9353615827098604,5,Flagged due to geo-velocity (22069 km/h) + impossible travel detected + rare command sequence (rarity=0.94)
SES_0015780,USR_0018,user,2026-01-18 21:42:28,normal,0.3707280719890172,0.7407128527536814,0.0007432912,impossible_travel,0.6259,0,21,6,1,1,2149.3085445263,1,0,0,0,0.1,0.08,2,4,0.1221610777915452,7,0.935303068435928,3,Flagged due to geo-velocity (2149 km/h) + rare command sequence (rarity=0.94) + impossible travel detected
SES_0015786,USR_0018,user,2026-01-18 21:48:54,normal,0.4371503962657403,0.8741697968890868,0.00013099564,impossible_travel,0.528,0,21,6,1,1,3663.8472080266974,1,0,0,0,0.2,0.1,2,4,1.5076835431179465,4,0.9357836415654897,3,Flagged due to geo-velocity (3664 km/h) + rare command sequence (rarity=0.94) + impossible travel detected
SES_0021726,USR_0018,user,2026-01-25 19:59:29,normal,0.4042885148851843,0.8060688369815591,0.0025081928,impossible_travel,0.7153,0,19,6,1,0,12679.021410938069,1,0,0,0,0.1,0.04,2,4,-0.0462917046767458,5,0.9358787436972238,3,Flagged due to geo-velocity (12679 km/h) + rare command sequence (rarity=0.94) + command sequence length
SES_0000042,USR_0019,user,2026-01-01 06:59:28,normal,0.4015997738221045,0.8006681157960258,0.0025314318,device_spoofing,0.2888,0,6,3,0,1,0.0,0,1,0,1,0.0,0.0,1,1,0.0,4,0.9353240415296185,5,Flagged due to new device fingerprint + rare command sequence (rarity=0.94) + geo-velocity (0 km/h)
SES_0015019,USR_0019,user,2026-01-18 08:50:52,normal,0.3966053227553873,0.7931438328585533,6.681265e-05,low_and_slow_exfiltration,0.6129,0,8,6,1,0,16622.986109800164,1,0,0,0,0.0,0.04,4,5,-0.1866702330501677,2,0.935128051585132,5,Flagged due to rare command sequence (rarity=0.94) + command sequence length + new device fingerprint
SES_0033515,USR_0019,user,2026-02-08 20:09:55,normal,0.3746334487848196,0.7478370205585338,0.001429877,impossible_travel,0.6166,0,20,6,1,0,13974.825045852973,1,0,0,0,0.0,0.0,4,5,0.3511739418687393,7,0.9355148656874814,5,Flagged due to geo-velocity (13975 km/h) + rare command sequence (rarity=0.94) + impossible travel detected
SES_0062124,USR_0019,user,2026-03-14 08:05:31,credential_stuffing,0.406609621725479,0.812615488446254,0.000603755,credential_stuffing,0.8648,0,8,5,1,0,0.0,0,1,0,1,0.2,0.06,4,5,-4.894596453555455,1,0.9351208194838594,4,Flagged due to rare command sequence (rarity=0.94) + command sequence length + new device fingerprint
SES_0075160,USR_0019,user,2026-03-28 20:09:52,normal,0.3760206441035575,0.7518247248439047,0.00021656336,impossible_travel,0.6098,0,20,5,1,0,10110.69855248495,1,0,0,0,0.0,0.04,3,6,-1.429518471593168,6,0.9354404783601066,5,Flagged due to geo-velocity (10111 km/h) + rare command sequence (rarity=0.94) + impossible travel detected
SES_0012268,USR_0020,user,2026-01-14 21:35:28,normal,0.3863101491378992,0.771835662091691,0.0007846362,impossible_travel,0.5776,0,21,2,0,1,1737.8032205019304,1,0,0,0,0.2,0.04,2,2,1.4792919671718197,10,0.9353804519195444,5,Flagged due to geo-velocity (1738 km/h) + rare command sequence (rarity=0.94) + impossible travel detected
SES_0012277,USR_0020,user,2026-01-14 21:41:08,normal,0.4104177050117082,0.8134463879860296,0.007389022,impossible_travel,0.5912,0,21,2,0,1,4262.729076172383,1,0,0,0,0.2,0.04,2,2,0.1010296101239462,16,0.9354513265120156,5,Flagged due to geo-velocity (4263 km/h) + rare command sequence (rarity=0.94) + impossible travel detected
SES_0014000,USR_0020,user,2026-01-16 21:56:52,normal,0.3790555760065628,0.7403194766094114,0.017791675,impossible_travel,0.5768,0,21,4,0,1,1672.77212158137,1,0,0,0,0.1,0.06,2,2,0.4944967219594296,16,0.9354068490891893,5,Flagged due to geo-velocity (1673 km/h) + rare command sequence (rarity=0.94) + impossible travel detected
SES_0015605,USR_0020,user,2026-01-18 18:19:57,normal,0.361045930019726,0.5931015525891576,0.1289903,device_spoofing,0.2859,0,18,6,1,0,0.0,0,1,0,0,0.0,0.06,2,2,0.0784853881133334,19,0.935441544143452,5,Flagged due to new device fingerprint + command sequence length + rare command sequence (rarity=0.94)
SES_0016139,USR_0020,user,2026-01-19 10:58:18,normal,0.3647794176511993,0.7288592599522445,0.00069957535,impossible_travel,0.5834,0,10,0,0,0,28317.46454055737,1,0,0,0,0.0,0.06,3,3,0.4439444265806457,13,0.935491214332111,5,Flagged due to geo-velocity (28317 km/h) + rare command sequence (rarity=0.94) + impossible travel detected
SES_0020990,USR_0020,user,2026-01-24 21:40:14,normal,0.3767248420162579,0.75078088326873,0.0026688008,impossible_travel,0.5871,0,21,5,1,1,2452.3754772800003,1,0,0,0,0.1,0.04,3,5,0.0519107920376335,15,0.9355069172637972,5,Flagged due to geo-velocity (2452 km/h) + rare command sequence (rarity=0.94) + impossible travel detected
SES_0034361,USR_0020,user,2026-02-09 19:19:01,normal,0.369354282194508,0.7379366037379796,0.00077196065,impossible_travel,0.5916,0,19,0,0,0,18989.691217893484,1,0,0,0,0.0,0.04,2,5,0.2754339248721238,12,0.9356138077206057,5,Flagged due to geo-velocity (18990 km/h) + rare command sequence (rarity=0.94) + impossible travel detected
SES_0050663,USR_0020,user,2026-02-28 21:28:54,normal,0.4123857419891466,0.823711710949465,0.001059773,impossible_travel,0.5814,0,21,5,1,1,6040.800800165061,1,0,0,0,0.0,0.1,2,3,-0.1552801852675146,13,0.9356019211131296,5,Flagged due to geo-velocity (6041 km/h) + rare command sequence (rarity=0.94) + impossible travel detected
SES_0072609,USR_0020,user,2026-03-25 21:04:26,normal,0.4125783010948078,0.8222676500405374,0.0028889521,impossible_travel,0.5922,0,21,2,0,1,42984.16688520375,1,0,0,0,0.0,0.04,3,5,-0.214140870689433,14,0.9354000819087128,5,Flagged due to geo-velocity (42984 km/h) + rare command sequence (rarity=0.94) + impossible travel detected
SES_0073356,USR_0020,user,2026-03-26 18:29:39,normal,0.4146602260702714,0.7232409631478518,0.10607949,impossible_travel,0.5961,0,18,3,0,0,14965.076016731657,1,0,0,0,0.0,0.04,2,5,0.7308568968139487,17,0.9355436846994432,5,Flagged due to geo-velocity (14965 km/h) + rare command sequence (rarity=0.94) + impossible travel detected
SES_0000000,USR_0021,user,2026-01-01 06:00:16,normal,0.4110016950317497,0.821312545571444,0.0006908445,device_spoofing,0.3992,0,6,3,0,1,0.0,0,1,0,1,0.0,0.0,1,1,0.0,10,0.9359040560516776,4,Flagged due to new device fingerprint + command sequence length + rare command sequence (rarity=0.94)
SES_0001471,USR_0021,user,2026-01-02 17:16:36,normal,0.4363809338210813,0.8711541907905994,0.0016076769,impossible_travel,0.5446,0,17,4,0,0,17016.73195767385,1,0,0,1,0.0,0.0,4,4,-0.6891418229436992,13,0.9355116867418672,4,Flagged due to geo-velocity (17017 km/h) + impossible travel detected + rare command sequence (rarity=0.94)
SES_0018532,USR_0021,user,2026-01-22 06:48:35,normal,0.3676331875242341,0.7347867737539675,0.0004796013,impossible_travel,0.767,0,6,3,0,1,2443.2327949649243,1,0,0,0,0.0,0.08,3,3,-1.7023755737702675,9,0.935695369751624,4,Flagged due to geo-velocity (2443 km/h) + rare command sequence (rarity=0.94) + impossible travel detected
SES_0026101,USR_0021,user,2026-01-31 07:16:05,normal,0.3754641682536044,0.748881833846249,0.0020465027,impossible_travel,0.752,0,7,5,1,0,2198.5427525437563,1,0,0,0,0.1,0.12,4,6,2.190477596912519,12,0.9356728698809982,4,Flagged due to geo-velocity (2199 km/h) + rare command sequence (rarity=0.94) + impossible travel detected
SES_0032793,USR_0021,user,2026-02-08 06:16:08,normal,0.3992670967131976,0.7978810339127913,0.0006531595,impossible_travel,0.808,0,6,6,1,1,7101.398762907695,1,0,0,0,0.0,0.0,3,7,0.9287610060615924,11,0.935539360908415,4,Flagged due to geo-velocity (7101 km/h) + rare command sequence (rarity=0.94) + impossible travel detected
SES_0032799,USR_0021,user,2026-02-08 06:24:32,normal,0.3786577967483304,0.7569909518221366,0.00032464167,impossible_travel,0.8058,0,6,6,1,1,4537.004765191026,1,0,0,0,0.0,0.0,3,7,0.7028180494379815,9,0.9354126749485476,4,Flagged due to geo-velocity (4537 km/h) + rare command sequence (rarity=0.94) + impossible travel detected
SES_0037070,USR_0021,user,2026-02-13 06:28:03,normal,0.3666158237342242,0.7329489034354191,0.00028274403,impossible_travel,0.794,0,6,4,0,1,3411.791662845471,1,0,0,0,0.1,0.1,4,4,0.2737474144674569,6,0.9354522907921852,4,Flagged due to geo-velocity (3412 km/h) + rare command sequence (rarity=0.94) + impossible travel detected
SES_0037076,USR_0021,user,2026-02-13 06:34:09,normal,0.3776680386075526,0.7549243143300545,0.00041176289,impossible_travel,0.7704,0,6,4,0,1,3861.862470385766,1,0,0,0,0.0,0.1,4,4,1.0930070291585596,12,0.9355100270673444,4,Flagged due to geo-velocity (3862 km/h) + impossible travel detected + rare command sequence (rarity=0.94)
SES_0040468,USR_0021,user,2026-02-17 06:59:35,normal,0.3769413650025856,0.7530270931058117,0.0008556369,impossible_travel,0.7539,0,6,1,0,1,3798.852568839716,1,0,0,0,0.0,0.08,3,5,1.3431917416898875,9,0.9352656222226722,4,Flagged due to geo-velocity (3799 km/h) + impossible travel detected + rare command sequence (rarity=0.94)
SES_0043864,USR_0021,user,2026-02-21 06:28:09,normal,0.3602879151943147,0.7198874289303102,0.00068840146,impossible_travel,0.8001,0,6,5,1,1,2277.204780563853,1,0,0,0,0.1,0.04,3,6,0.6441983352371675,8,0.9354258333550296,4,Flagged due to geo-velocity (2277 km/h) + rare command sequence (rarity=0.94) + impossible travel detected
SES_0056825,USR_0021,user,2026-03-08 07:46:39,normal,0.3857830832761849,0.7711815268074901,0.00038463974,impossible_travel,0.8476,0,7,6,1,0,29116.99149425075,1,0,0,0,0.0,0.04,3,5,0.4383174680942973,6,0.9357083071772336,4,Flagged due to geo-velocity (29117 km/h) + rare command sequence (rarity=0.94) + impossible travel detected
SES_0038105,USR_0022,user,2026-02-14 09:44:10,normal,0.3677533448753922,0.7352323532322975,0.00027433652,impossible_travel,0.6117,0,9,5,1,0,8663.725756856118,1,0,0,0,0.1,0.04,2,5,0.4917866092702298,9,0.935453174715674,5,Flagged due to geo-velocity (8664 km/h) + rare command sequence (rarity=0.94) + impossible travel detected
SES_0057277,USR_0022,user,2026-03-08 15:14:10,normal,0.42742936624792,0.854273603302344,0.0005851292,impossible_travel,0.602,0,15,6,1,0,31801.52138575205,1,0,0,0,0.2,0.1,3,5,-1.1652907408699218,9,0.9354499604484418,5,Flagged due to geo-velocity (31802 km/h) + rare command sequence (rarity=0.94) + impossible travel detected
SES_0057303,USR_0022,user,2026-03-08 15:48:44,normal,0.3775537167756866,0.7284962078718565,0.026611226,impossible_travel,0.5904,0,15,6,1,0,920.005440282123,1,0,0,0,0.2,0.1,3,5,0.4503483813473043,16,0.935673352021083,5,Flagged due to geo-velocity (920 km/h) + rare command sequence (rarity=0.94) + impossible travel detected
SES_0060247,USR_0022,user,2026-03-12 07:11:36,normal,0.3760704704550939,0.7515447158813302,0.000596225,impossible_travel,0.7688,0,7,3,0,0,34807.344286556705,1,0,0,0,0.0,0.04,3,7,-1.4813995879465,11,0.9354679603449424,5,Flagged due to geo-velocity (34807 km/h) + rare command sequence (rarity=0.94) + impossible travel detected
SES_0067778,USR_0022,user,2026-03-20 15:33:55,normal,0.3824639457308766,0.7617093985030586,0.003218493,impossible_travel,0.524,0,15,4,0,0,3925.22846478982,1,0,0,1,0.0,0.06,4,5,0.244393012999466,14,0.9353512135672568,5,Flagged due to geo-velocity (3925 km/h) + impossible travel detected + rare command sequence (rarity=0.94)
SES_0072809,USR_0022,user,2026-03-26 08:05:57,normal,0.3596754555496939,0.7184815073315227,0.00086940377,impossible_travel,0.758,0,8,3,0,0,17355.292758642765,1,0,0,0,0.1,0.06,3,7,-1.0153767147122768,12,0.9354371033795128,5,Flagged due to geo-velocity (17355 km/h) + rare command sequence (rarity=0.94) + impossible travel detected
SES_0032762,USR_0023,user,2026-02-07 21:45:01,normal,0.3753434518636999,0.7494128495558824,0.0012740542,lateral_movement,0.4441,0,21,5,1,1,0.0,0,0,0,1,0.4,0.14,4,7,0.3238047577039821,14,0.9354904831746196,2,Flagged due to rare command sequence (rarity=0.94) + new device fingerprint + command sequence length
SES_0002672,USR_0024,user,2026-01-04 07:27:33,normal,0.3974972722125297,0.7946560789840411,0.00033846544,impossible_travel,0.6292,0,7,6,1,0,2824.1967834544,1,0,0,0,0.1,0.0909090909090909,6,8,-0.3470200001684281,6,0.9353223540393214,4,Flagged due to geo-velocity (2824 km/h) + impossible travel detected + rare command sequence (rarity=0.94)
SES_0002690,USR_0024,user,2026-01-04 07:43:46,normal,0.3629406155599166,0.7254988111241024,0.00038242,impossible_travel,0.6702,0,7,6,1,0,2269.806664605694,1,0,0,0,0.1,0.0869565217391304,5,8,0.8865980624231647,7,0.9352516172011602,4,Flagged due to geo-velocity (2270 km/h) + impossible travel detected + rare command sequence (rarity=0.94)
SES_0026124,USR_0024,user,2026-01-31 07:34:00,normal,0.4023507224494352,0.804498414380265,0.00020303052,impossible_travel,0.6205,0,7,5,1,0,4451.675363512267,1,0,0,0,0.1,0.06,6,9,0.0523441525658462,6,0.935624414802472,4,Flagged due to geo-velocity (4452 km/h) + impossible travel detected + rare command sequence (rarity=0.94)
SES_0026452,USR_0024,user,2026-01-31 14:05:49,normal,0.4065543542308423,0.8128817911925106,0.00022691727,impossible_travel,0.4537,0,14,5,1,0,6868.813717681385,1,0,0,0,0.1,0.06,7,9,0.4671973955789171,11,0.9355443576329306,4,Flagged due to geo-velocity (6869 km/h) + impossible travel detected + rare command sequence (rarity=0.94)
SES_0041397,USR_0024,user,2026-02-18 08:03:27,normal,0.38209152821653,0.763931531671508,0.00025152476,impossible_travel,0.7791,0,8,2,0,0,23668.659771471208,1,0,0,0,0.1,0.04,3,5,1.7212293380311003,10,0.9352800703538812,4,Flagged due to geo-velocity (23669 km/h) + rare command sequence (rarity=0.94) + impossible travel detected
SES_0000039,USR_0025,user,2026-01-01 06:52:24,normal,0.3963701548342504,0.7909421903889449,0.0017981193,lateral_movement,0.2479,0,6,3,0,1,0.0,0,1,0,1,0.0,0.0,1,1,0.0,3,0.9353898536511986,4,Flagged due to rare command sequence (rarity=0.94) + new resource accessed + geo-velocity (0 km/h)
SES_0001736,USR_0025,user,2026-01-03 06:49:20,normal,0.3942790816963462,0.7876290541643831,0.0009291092,lateral_movement,0.3201,0,6,5,1,1,0.0,0,1,0,1,0.0,0.0,3,3,-2.125694777172575,6,0.935581745404964,4,Flagged due to rare command sequence (rarity=0.94) + command sequence length + geo-velocity (0 km/h)
SES_0015468,USR_0025,user,2026-01-18 16:06:47,normal,0.4223289905521885,0.8445052351217449,0.00015274598,low_and_slow_exfiltration,0.4302,0,16,6,1,0,8656.369308221849,1,0,0,0,0.2,0.04,3,6,-0.4676855675842823,1,0.9350701947749516,4,Flagged due to hour of day + new device fingerprint + rare command sequence (rarity=0.94)
SES_0015472,USR_0025,user,2026-01-18 16:10:54,normal,0.4055202965146081,0.8106918594366707,0.0003487336,impossible_travel,0.6289,0,16,6,1,0,12896.938888362916,1,0,0,0,0.2,0.04,3,6,-1.074759576699844,8,0.9353907576638576,4,Flagged due to geo-velocity (12897 km/h) + rare command sequence (rarity=0.94) + impossible travel detected
SES_0017499,USR_0025,user,2026-01-20 20:16:08,normal,0.3594725528453958,0.7187061357541741,0.00023896994,impossible_travel,0.5057,0,20,1,0,0,33916.83936674728,1,0,0,0,0.0,0.04,4,6,0.3237810590330019,4,0.9352509973067656,4,Flagged due to geo-velocity (33917 km/h) + rare command sequence (rarity=0.94) + impossible travel detected
SES_0021036,USR_0025,user,2026-01-25 06:37:50,normal,0.3664734273623455,0.7305723414171047,0.0023745133,lateral_movement,0.3662,0,6,6,1,1,0.0,0,0,0,1,0.0,0.0,4,6,1.8507736854191448,1,0.9358642794946788,4,Flagged due to rare command sequence (rarity=0.94) + new device fingerprint + geo-velocity (0 km/h)
SES_0024413,USR_0025,user,2026-01-29 06:20:01,normal,0.3692094947665543,0.7379340403806577,0.00048494915,impossible_travel,0.7244,0,6,3,0,1,6890.509277825264,1,0,0,0,0.0,0.04,3,5,1.288768851969387,2,0.935351523514454,4,Flagged due to geo-velocity (6891 km/h) + rare command sequence (rarity=0.94) + impossible travel detected
SES_0033052,USR_0025,user,2026-02-08 10:57:32,normal,0.3933510206156057,0.7864171231129432,0.00028491812,impossible_travel,0.5371,0,10,6,1,0,32083.173778047072,1,0,0,0,0.0,0.0,3,4,-1.153094559386056,2,0.9354223981069252,4,Flagged due to geo-velocity (32083 km/h) + rare command sequence (rarity=0.94) + impossible travel detected
SES_0074476,USR_0025,user,2026-03-28 08:00:03,brute_force,0.3644984769901851,0.7289139848823676,8.29691e-05,brute_force,0.6818,0,8,5,1,0,0.0,0,1,0,0,0.2,0.14,4,5,-4.812642300091592,1,0.9351208194838594,4,Flagged due to failed auth rate (last 50) + rare command sequence (rarity=0.94) + command sequence length
SES_0074477,USR_0025,user,2026-03-28 08:00:05,brute_force,0.3818436737843287,0.7635500985317326,0.00013724904,brute_force,0.9281,0,8,5,1,0,0.0,0,1,0,0,0.3,0.14,4,5,-4.720912674346744,1,0.9351208194838594,4,Flagged due to failed auth rate (last 50) + high auth failure rate (30%) + rare command sequence (rarity=0.94)
SES_0074478,USR_0025,user,2026-03-28 08:00:13,brute_force,0.3880682726075322,0.7757741585499902,0.00036238667,brute_force,0.9179,0,8,5,1,0,0.0,0,1,0,0,0.4,0.16,3,5,-4.630551711243862,1,0.9351208194838594,4,Flagged due to failed auth rate (last 50) + high auth failure rate (40%) + rare command sequence (rarity=0.94)
SES_0074479,USR_0025,user,2026-03-28 08:00:18,brute_force,0.3983956105944428,0.7960307426392487,0.00076047855,brute_force,0.9553,0,8,5,1,0,0.0,0,1,0,0,0.5,0.18,3,5,-4.544490854956822,1,0.9351208194838594,4,Flagged due to high auth failure rate (50%) + failed auth rate (last 50) + rare command sequence (rarity=0.94)
SES_0074480,USR_0025,user,2026-03-28 08:00:20,brute_force,0.4777990834863498,0.9539325440454512,0.0016656229,brute_force,0.9101,0,8,5,1,0,0.0,0,1,0,1,0.6,0.2,4,6,-4.474242931012518,1,0.9351208194838594,4,Flagged due to high auth failure rate (60%) + failed auth rate (last 50) + rare command sequence (rarity=0.94)
SES_0074481,USR_0025,user,2026-03-28 08:00:27,brute_force,0.418790061239657,0.835517386633048,0.0020627358,brute_force,0.9421,0,8,5,1,0,0.0,0,1,0,0,0.7,0.2,4,6,-4.3959300726689285,1,0.9351208194838594,4,Flagged due to high auth failure rate (70%) + failed auth rate (last 50) + rare command sequence (rarity=0.94)
SES_0074482,USR_0025,user,2026-03-28 08:00:30,brute_force,0.41502127227797,0.8270732225283015,0.002969322,brute_force,0.9491,0,8,5,1,0,0.0,0,1,0,0,0.8,0.22,3,6,-4.322016085984277,1,0.9351208194838594,4,Flagged due to high auth failure rate (80%) + failed auth rate (last 50) + rare command sequence (rarity=0.94)
SES_0074483,USR_0025,user,2026-03-28 08:00:40,brute_force,0.4221056661327622,0.8401567998791618,0.0040545324,brute_force,0.9522,0,8,5,1,0,0.0,0,1,0,0,0.9,0.24,3,6,-4.2623019097672055,1,0.9351208194838594,4,Flagged due to high auth failure rate (90%) + failed auth rate (last 50) + rare command sequence (rarity=0.94)
SES_0074484,USR_0025,user,2026-03-28 08:00:42,brute_force,0.4346644209178033,0.8639669779579823,0.005361864,brute_force,0.9362,0,8,5,1,0,0.0,0,1,0,0,1.0,0.26,2,6,-4.194531677957508,1,0.9351208194838594,4,Flagged due to high auth failure rate (100%) + failed auth rate (last 50) + rare command sequence (rarity=0.94)
SES_0074485,USR_0025,user,2026-03-28 08:00:42,brute_force,0.4346634076388421,0.8639669779579823,0.0053598373,brute_force,0.8801,0,8,5,1,0,0.0,0,1,0,0,1.0,0.28,2,6,-4.135240373339675,1,0.9351208194838594,4,Flagged due to high auth failure rate (100%) + rare command sequence (rarity=0.94) + failed auth rate (last 50)
SES_0074486,USR_0025,user,2026-03-28 08:00:48,brute_force,0.4394851599483304,0.8736123973761722,0.0053579225,brute_force,0.9647,0,8,5,1,0,0.0,0,1,0,0,1.0,0.3,2,6,-4.07773991529357,1,0.9351208194838594,4,Flagged due to high auth failure rate (100%) + failed auth rate (last 50) + rare command sequence (rarity=0.94)
SES_0074487,USR_0025,user,2026-03-28 08:00:55,brute_force,0.4394840831066035,0.8736123973761722,0.005355769,brute_force,0.9647,0,8,5,1,0,0.0,0,1,0,0,1.0,0.3,2,6,-4.014160854404705,1,0.9351208194838594,4,Flagged due to high auth failure rate (100%) + failed auth rate (last 50) + rare command sequence (rarity=0.94)
SES_0074488,USR_0025,user,2026-03-28 08:01:03,brute_force,0.439483234671738,0.8736123973761722,0.005354072,brute_force,0.9523,0,8,5,1,0,0.0,0,1,0,0,1.0,0.3,2,6,-3.9638987181563343,1,0.9351208194838594,4,Flagged due to high auth failure rate (100%) + failed auth rate (last 50) + rare command sequence (rarity=0.94)
SES_0074489,USR_0025,user,2026-03-28 08:01:20,brute_force,0.4411531424085523,0.8769537835253229,0.0053525013,brute_force,0.9001,0,8,5,1,0,0.0,0,1,0,0,1.0,0.32,2,6,-3.917322596195936,1,0.9351208194838594,4,Flagged due to high auth failure rate (100%) + failed auth rate (last 50) + rare command sequence (rarity=0.94)
SES_0074490,USR_0025,user,2026-03-28 08:01:52,brute_force,0.446291264780801,0.8872317698430349,0.0053507597,brute_force,0.9758,0,8,5,1,0,0.0,0,1,0,0,1.0,0.34,2,6,-3.8651610957243,1,0.9351208194838594,4,Flagged due to high auth failure rate (100%) + failed auth rate (last 50) + rare command sequence (rarity=0.94)
SES_0074491,USR_0025,user,2026-03-28 08:02:00,brute_force,0.4462903406759763,0.8872317698430349,0.0053489115,brute_force,0.9816,0,8,5,1,0,0.0,0,1,0,0,1.0,0.36,2,6,-3.80981371658522,1,0.9351208194838594,4,Flagged due to high auth failure rate (100%) + failed auth rate (last 50) + rare command sequence (rarity=0.94)
SES_0074646,USR_0025,user,2026-03-28 10:44:17,normal,0.3739362092343757,0.7426560537199756,0.0052163647,low_and_slow_exfiltration,0.4735,0,10,5,1,0,193.35401085952185,0,0,0,0,0.9,0.36,3,6,0.6675643739830318,2,0.935153363939586,4,Flagged due to hour of day + command sequence length + new device fingerprint
SES_0075152,USR_0025,user,2026-03-28 20:04:33,normal,0.4647910399972022,0.9293944329602232,0.00018764703,impossible_travel,0.4866,0,20,5,1,0,1244.0737337208025,1,0,0,0,0.5,0.36,5,6,0.8450727622916362,5,0.9357338123877216,4,Flagged due to geo-velocity (1244 km/h) + rare command sequence (rarity=0.94) + impossible travel detected
SES_0075167,USR_0025,user,2026-03-28 20:17:42,normal,0.499341115605234,0.9979792273708784,0.00070300384,impossible_travel,0.4716,0,20,5,1,0,3954.5461649832346,1,0,0,0,0.4,0.36,5,6,0.8671914812125858,6,0.9357864138709774,4,Flagged due to geo-velocity (3955 km/h) + impossible travel detected + rare command sequence (rarity=0.94)
SES_0014011,USR_0026,user,2026-01-17 04:00:00,edge_case,0.3749256710929265,0.747270288306741,0.0025810539,low_and_slow_exfiltration,0.6216,0,4,5,1,1,0.0,0,0,0,1,0.0,0.06,3,4,-3.5803464984270854,3,0.9351145516627564,1,Flagged due to command sequence length + rare command sequence (rarity=0.94) + new device fingerprint
SES_0016468,USR_0026,user,2026-01-19 17:24:43,normal,0.3649540313751458,0.7297805938227612,0.00012746893,impossible_travel,0.5211,0,17,0,0,0,14155.618617043736,1,0,0,0,0.1,0.04,2,3,-0.1335107930569377,2,0.935670459180574,1,Flagged due to geo-velocity (14156 km/h) + rare command sequence (rarity=0.94) + impossible travel detected
SES_0033528,USR_0026,user,2026-02-08 20:25:23,normal,0.4060099664206552,0.8119854720506804,3.446079e-05,low_and_slow_exfiltration,0.4709,0,20,6,1,0,12631.34303978075,1,0,0,0,0.0,0.04,2,3,-0.2190590709522197,1,0.9351208194838594,1,Flagged due to hour of day + new device fingerprint + rare command sequence (rarity=0.94)
SES_0033939,USR_0026,user,2026-02-09 11:25:05,normal,0.4288129349693269,0.8574393646622932,0.00018650528,low_and_slow_exfiltration,0.4881,0,11,0,0,0,25707.584727082005,1,0,0,0,0.1,0.04,2,2,-1.384741551438485,1,0.9350701947749516,1,Flagged due to hour of day + new device fingerprint + rare command sequence (rarity=0.94)
SES_0004865,USR_0027,user,2026-01-06 14:33:31,normal,0.3684494257869661,0.7368087331854615,9.011839e-05,low_and_slow_exfiltration,0.4279,0,14,1,0,0,7422.213788976932,1,0,0,0,0.0,0.0222222222222222,7,7,-0.177029333072408,1,0.9350701947749516,0,Flagged due to hour of day + rare command sequence (rarity=0.94) + new device fingerprint
SES_0010988,USR_0027,user,2026-01-13 14:04:27,normal,0.3787622279294177,0.7574189190031365,0.000105536856,impossible_travel,0.4194,0,14,1,0,0,14325.538620193644,1,0,0,0,0.0,0.02,5,5,-0.9246919372997002,1,0.9362200988772886,0,Flagged due to geo-velocity (14326 km/h) + rare command sequence (rarity=0.94) + impossible travel detected
SES_0015375,USR_0027,user,2026-01-18 14:40:45,normal,0.3748928417898786,0.7497199040262056,6.577955e-05,impossible_travel,0.4922,0,14,6,1,0,10697.687159315725,1,0,0,0,0.0,0.0,5,5,-1.150995941300231,3,0.935400460733065,0,Flagged due to geo-velocity (10698 km/h) + rare command sequence (rarity=0.94) + impossible travel detected
SES_0021794,USR_0027,user,2026-01-25 21:30:43,normal,0.3722301649031914,0.7439272139309412,0.0005331159,impossible_travel,0.5377,0,21,6,1,1,2214.7855687546166,1,0,0,0,0.0,0.02,4,7,-0.7393380094007401,4,0.9356867314084372,0,Flagged due to geo-velocity (2215 km/h) + rare command sequence (rarity=0.94) + impossible travel detected
SES_0021817,USR_0027,user,2026-01-25 21:50:22,normal,0.3623369016179896,0.7245034733301657,0.0001703299,impossible_travel,0.691,0,21,6,1,1,1390.1113832726176,1,0,0,0,0.0,0.02,4,7,-0.6536163089671109,5,0.9352805042799576,0,Flagged due to geo-velocity (1390 km/h) + rare command sequence (rarity=0.94) + impossible travel detected
SES_0054115,USR_0027,user,2026-03-04 21:34:34,normal,0.3962897769188195,0.7922483079510115,0.0003312459,impossible_travel,0.5056,0,21,2,0,1,26444.5001064276,1,0,0,0,0.0,0.04,5,6,-0.5922076049775131,4,0.9355467902488132,0,Flagged due to geo-velocity (26445 km/h) + rare command sequence (rarity=0.94) + impossible travel detected
SES_0057994,USR_0027,user,2026-03-09 13:25:27,normal,0.4031335687327707,0.8061247637242863,0.00014237374,low_and_slow_exfiltration,0.4777,0,13,0,0,0,42868.294851249775,1,0,0,0,0.0,0.08,4,6,-0.7783118992763196,1,0.9351208194838594,0,Flagged due to hour of day + rare command sequence (rarity=0.94) + new device fingerprint
SES_0009478,USR_0028,user,2026-01-11 19:07:30,normal,0.4134451070180382,0.8265795358846404,0.00031067815,impossible_travel,0.5208,0,19,6,1,0,31380.276321353635,1,0,0,0,0.1,0.08,4,5,-0.1648028915805116,3,0.9357871370811046,3,Flagged due to geo-velocity (31380 km/h) + rare command sequence (rarity=0.94) + impossible travel detected
SES_0026751,USR_0028,user,2026-01-31 19:17:30,normal,0.3720250352488723,0.7439884125995584,6.16579e-05,impossible_travel,0.4361,0,19,5,1,0,1026.630823257015,1,0,0,0,0.0,0.08,2,3,1.315238815817634,1,0.9362200988772886,3,Flagged due to geo-velocity (1027 km/h) + rare command sequence (rarity=0.94) + impossible travel detected
SES_0027329,USR_0028,user,2026-02-01 14:21:31,normal,0.3928849197986843,0.7854242204930316,0.0003456191,impossible_travel,0.5289,0,14,6,1,0,63969.95873923147,1,0,0,0,0.0,0.08,3,4,-0.9698759850828051,3,0.935391782211538,3,Flagged due to geo-velocity (63970 km/h) + rare command sequence (rarity=0.94) + impossible travel detected
SES_0034572,USR_0028,user,2026-02-10 07:40:58,normal,0.3723929601951517,0.7445757628674882,0.00021015752,impossible_travel,0.7524,0,7,1,0,0,9140.009658989968,1,0,0,0,0.0,0.0,2,2,-2.3210693759162075,2,0.9354231213170524,3,Flagged due to geo-velocity (9140 km/h) + rare command sequence (rarity=0.94) + impossible travel detected
SES_0052309,USR_0028,user,2026-03-02 19:12:20,normal,0.4080907573147518,0.8160250797072574,0.00015643492,impossible_travel,0.4413,0,19,0,0,0,46978.07764366876,1,0,0,0,0.0,0.0,3,6,-1.7301721913218846,1,0.9358642794946788,3,Flagged due to geo-velocity (46978 km/h) + rare command sequence (rarity=0.94) + impossible travel detected
SES_0052314,USR_0028,user,2026-03-02 19:18:12,normal,0.3587391690706684,0.7173985153274777,7.9822814e-05,impossible_travel,0.44,0,19,0,0,0,8007.626871079901,1,0,0,0,0.0,0.0,2,6,-0.226744104519779,1,0.9358367975098428,3,Flagged due to geo-velocity (8008 km/h) + rare command sequence (rarity=0.94) + impossible travel detected
SES_0061416,USR_0028,user,2026-03-13 11:57:42,normal,0.3995662871307868,0.7989238052388538,0.00020876902,impossible_travel,0.5237,0,11,4,0,0,14161.379776976451,1,0,0,0,0.0,0.12,2,4,-1.1150787955174364,2,0.9359264755656228,3,Flagged due to geo-velocity (14161 km/h) + rare command sequence (rarity=0.94) + impossible travel detected
SES_0069574,USR_0028,user,2026-03-22 15:42:26,normal,0.3677673391238323,0.7355076114070345,2.706684e-05,low_and_slow_exfiltration,0.4758,0,15,6,1,0,5653.46062683284,1,0,0,0,0.0,0.02,2,4,1.231586632390744,1,0.9351208194838594,3,Flagged due to hour of day + new device fingerprint + rare command sequence (rarity=0.94)
SES_0069591,USR_0028,user,2026-03-22 15:56:19,normal,0.4016859103367762,0.8033199312868842,5.1889387e-05,impossible_travel,0.5402,0,15,6,1,0,15058.499489056505,1,0,0,0,0.0,0.02,2,3,1.9447252622807645,3,0.9359057435419746,3,Flagged due to geo-velocity (15058 km/h) + rare command sequence (rarity=0.94) + impossible travel detected
SES_0077757,USR_0028,user,2026-03-31 19:56:22,normal,0.3653772652653948,0.7306535344110627,0.00010099612,impossible_travel,0.4318,0,19,1,0,0,2236.969683825172,1,0,0,0,0.2,0.06,2,3,-1.4563596411970057,1,0.9358367975098428,3,Flagged due to geo-velocity (2237 km/h) + rare command sequence (rarity=0.94) + impossible travel detected
SES_0077763,USR_0028,user,2026-03-31 19:57:42,normal,0.4175976130826352,0.8350116504659318,0.0001835757,impossible_travel,0.5102,0,19,1,0,0,22341.734717203904,1,0,0,0,0.2,0.06,2,3,-0.3389425283259964,3,0.9353218718992364,3,Flagged due to geo-velocity (22342 km/h) + rare command sequence (rarity=0.94) + impossible travel detected
SES_0022705,USR_0029,user,2026-01-26 22:00:00,edge_case,0.4249220004285578,0.8462092509453901,0.00363475,lateral_movement,0.494,0,22,0,0,1,0.0,0,0,0,1,0.3,0.06,6,8,-2.317850424157857,3,0.935561013381316,5,Flagged due to rare command sequence (rarity=0.94) + resource diversity spike (6 unique resources) + new device fingerprint
SES_0040435,USR_0029,user,2026-02-17 00:00:00,edge_case,0.367962651592931,0.7331948677269188,0.0027304355,lateral_movement,0.7323,0,0,1,0,1,0.0,0,0,0,1,0.1,0.04,4,8,-3.450671132598224,5,0.9359901180568212,5,Flagged due to rare command sequence (rarity=0.94) + new device fingerprint + geo-velocity (0 km/h)
SES_0049063,USR_0029,user,2026-02-27 07:49:45,normal,0.3995739611635489,0.7980611337258559,0.0010867886,impossible_travel,0.6648,0,7,4,0,0,17994.558778640556,1,0,0,0,0.1,0.06,5,8,0.7958735679366068,14,0.9356471098250368,5,Flagged due to geo-velocity (17995 km/h) + impossible travel detected + rare command sequence (rarity=0.94)
SES_0056465,USR_0029,user,2026-03-07 16:11:29,normal,0.476947734408163,0.3013522220702629,0.65254325,lateral_movement,0.4563,0,16,5,1,0,0.0,0,0,0,0,0.0,0.02,4,8,0.5854731953005062,20,0.9355224903885374,5,Flagged due to rare command sequence (rarity=0.94) + command sequence length + new device fingerprint
SES_0062133,USR_0029,user,2026-03-14 08:08:31,credential_stuffing,0.3842013610159674,0.7680440889751863,0.00035863306,credential_stuffing,0.6674,0,8,5,1,0,0.0,0,1,0,0,0.4,0.1,4,8,-3.9444952248968574,1,0.9351208194838594,4,Flagged due to rare command sequence (rarity=0.94) + command sequence length + new device fingerprint
SES_0000007,USR_0030,user,2026-01-01 06:09:46,normal,0.4283602745683192,0.7961832481327056,0.0605373,device_spoofing,0.3911,0,6,3,0,1,0.0,0,1,0,1,0.0,0.0,1,1,0.0,17,0.9355532991399584,5,Flagged due to new device fingerprint + command sequence length + rare command sequence (rarity=0.94)
SES_0000632,USR_0030,user,2026-01-01 17:07:23,normal,0.3808652432341826,0.5446418914356733,0.2170886,lateral_movement,0.4933,0,17,3,0,0,0.0,0,0,0,1,0.0,0.0,4,4,3.680818100912045,21,0.9354392385713168,5,Flagged due to rare command sequence (rarity=0.94) + new device fingerprint + command sequence length
SES_0004417,USR_0030,user,2026-01-06 06:47:00,normal,0.389651710916454,0.7785107693479473,0.0007926525,impossible_travel,0.5134,0,6,1,0,1,1707.9538874189234,1,1,0,0,0.0,0.027027027027027,3,5,0.0049273607556182,13,0.9354214523706048,5,Flagged due to geo-velocity (1708 km/h) + rare command sequence (rarity=0.94) + impossible travel detected
SES_0008793,USR_0030,user,2026-01-11 06:55:01,normal,0.4066007306733883,0.8065924764480008,0.006608985,impossible_travel,0.787,0,6,6,1,1,974.5383892843804,1,0,0,0,0.1,0.06,3,4,1.1627466033467322,16,0.9356804033198238,5,Flagged due to geo-velocity (975 km/h) + rare command sequence (rarity=0.94) + impossible travel detected
SES_0049894,USR_0030,user,2026-02-28 06:40:54,normal,0.3625767869077275,0.7245112353388456,0.0006423385,impossible_travel,0.7719,0,6,5,1,1,973.1144257852054,1,0,0,0,0.1,0.04,3,4,-0.7301105086896793,13,0.9353598126151434,5,Flagged due to geo-velocity (973 km/h) + rare command sequence (rarity=0.94) + impossible travel detected
SES_0062684,USR_0030,user,2026-03-14 17:36:54,normal,0.3867664183901876,0.7724338263165712,0.0010990105,impossible_travel,0.5374,0,17,5,1,0,18607.94909913916,1,0,0,0,0.0,0.02,5,7,-0.3208763380423374,12,0.9356113970201814,5,Flagged due to geo-velocity (18608 km/h) + impossible travel detected + rare command sequence (rarity=0.94)
SES_0069034,USR_0030,user,2026-03-22 06:24:51,normal,0.3636147131371892,0.5170118013716533,0.21021762,lateral_movement,0.5411,0,6,6,1,1,0.0,0,0,0,0,0.0,0.04,4,4,1.1524309832787274,18,0.9354361390993432,5,Flagged due to rare command sequence (rarity=0.94) + command sequence length + new device fingerprint
SES_0074231,USR_0030,user,2026-03-27 19:48:22,normal,0.3712301662554119,0.4033404213169763,0.3391199,device_spoofing,0.3403,0,19,4,0,0,0.0,0,1,0,0,0.0,0.04,3,7,0.5556924588121868,18,0.9353857554604776,5,Flagged due to new device fingerprint + command sequence length + rare command sequence (rarity=0.94)
SES_0075142,USR_0030,user,2026-03-28 19:49:15,normal,0.3777237916466446,0.7541825078862984,0.0012650754,impossible_travel,0.5978,0,19,5,1,0,10129.394181657945,1,0,0,0,0.0,0.04,3,5,0.9922245825381684,13,0.9355364984123868,5,Flagged due to geo-velocity (10129 km/h) + rare command sequence (rarity=0.94) + impossible travel detected
SES_0015937,USR_0031,user,2026-01-19 08:00:03,brute_force,0.3772897246502196,0.7544426869232153,0.00013676238,brute_force,0.9689,0,8,0,0,0,0.0,0,1,0,0,0.3,0.06,4,5,-4.526826803657181,1,0.9351208194838594,4,Flagged due to rare command sequence (rarity=0.94) + command sequence length + high auth failure rate (30%)
SES_0015938,USR_0031,user,2026-01-19 08:00:03,brute_force,0.4577498687162324,0.914514776614733,0.0009849608,brute_force,0.9203,0,8,0,0,0,0.0,0,1,0,1,0.4,0.08,5,6,-4.222431345760993,1,0.9351208194838594,4,Flagged due to rare command sequence (rarity=0.94) + command sequence length + weekend access
SES_0015939,USR_0031,user,2026-01-19 08:00:15,brute_force,0.4093348960607046,0.8179141418972452,0.0007556502,brute_force,0.9472,0,8,0,0,0,0.0,0,1,0,0,0.5,0.1,5,6,-3.9749927310584408,1,0.9351208194838594,4,Flagged due to high auth failure rate (50%) + rare command sequence (rarity=0.94) + command sequence length
SES_0015940,USR_0031,user,2026-01-19 08:00:16,brute_force,0.4168280474879954,0.8323368498899394,0.0013192451,brute_force,0.9885,0,8,0,0,0,0.0,0,1,0,0,0.6,0.12,5,6,-3.757806242225049,1,0.9351208194838594,4,Flagged due to rare command sequence (rarity=0.94) + high auth failure rate (60%) + command sequence length
SES_0015941,USR_0031,user,2026-01-19 08:00:18,brute_force,0.4116423216244798,0.8219674399712376,0.0013172033,brute_force,0.9942,0,8,0,0,0,0.0,0,1,0,0,0.6,0.14,4,6,-3.578997587824556,1,0.9351208194838594,4,Flagged due to rare command sequence (rarity=0.94) + high auth failure rate (60%) + command sequence length
SES_0015942,USR_0031,user,2026-01-19 08:00:18,brute_force,0.4207610434928555,0.8394735435641594,0.0020485434,brute_force,0.9942,0,8,0,0,0,0.0,0,1,0,0,0.7,0.16,4,6,-3.407793388670097,1,0.9351208194838594,4,Flagged due to rare command sequence (rarity=0.94) + high auth failure rate (70%) + command sequence length
SES_0015943,USR_0031,user,2026-01-19 08:00:24,brute_force,0.4292739869459651,0.8555967176595941,0.0029512562,brute_force,0.9915,0,8,0,0,0,0.0,0,1,0,0,0.8,0.18,4,6,-3.2713381026760584,1,0.9351208194838594,4,Flagged due to rare command sequence (rarity=0.94) + high auth failure rate (80%) + command sequence length
SES_0015944,USR_0031,user,2026-01-19 08:00:36,brute_force,0.4324450268508497,0.8608576243940003,0.0040324293,brute_force,0.9934,0,8,0,0,0,0.0,0,1,0,0,0.9,0.2,3,6,-3.1537863769526098,1,0.9351208194838594,4,Flagged due to rare command sequence (rarity=0.94) + high auth failure rate (90%) + command sequence length
SES_0015945,USR_0031,user,2026-01-19 08:00:45,brute_force,0.4362269342084318,0.8671302218267499,0.0053236466,brute_force,0.9946,0,8,0,0,0,0.0,0,1,0,0,1.0,0.22,2,6,-3.0410928233363403,1,0.9351208194838594,4,Flagged due to rare command sequence (rarity=0.94) + command sequence length + high auth failure rate (100%)
SES_0015946,USR_0031,user,2026-01-19 08:00:48,brute_force,0.4388776178708441,0.8724346024457649,0.0053206333,brute_force,0.9946,0,8,0,0,0,0.0,0,1,0,0,1.0,0.24,2,6,-2.947663662993717,1,0.9351208194838594,4,Flagged due to rare command sequence (rarity=0.94) + command sequence length + high auth failure rate (100%)
SES_0015947,USR_0031,user,2026-01-19 08:00:48,brute_force,0.4388761899205066,0.8724346024457649,0.0053177774,brute_force,0.9946,0,8,0,0,0,0.0,0,1,0,0,1.0,0.26,2,6,-2.8587614797543246,1,0.9351208194838594,4,Flagged due to rare command sequence (rarity=0.94) + command sequence length + high auth failure rate (100%)
SES_0015948,USR_0031,user,2026-01-19 08:00:52,brute_force,0.4388747556837417,0.8724346024457649,0.005314909,brute_force,0.9893,0,8,0,0,0,0.0,0,1,0,0,1.0,0.28,2,6,-2.769478083805874,1,0.9351208194838594,4,Flagged due to rare command sequence (rarity=0.94) + command sequence length + high auth failure rate (100%)
SES_0015949,USR_0031,user,2026-01-19 08:00:56,brute_force,0.4437171757789167,0.8821216047014718,0.005312747,brute_force,0.9946,0,8,0,0,0,0.0,0,1,0,0,1.0,0.3,2,6,-2.70125231196709,1,0.9351208194838594,4,Flagged due to rare command sequence (rarity=0.94) + command sequence length + high auth failure rate (100%)
SES_0015951,USR_0031,user,2026-01-19 08:01:24,brute_force,0.4450581166834043,0.8848057836175772,0.0053104497,brute_force,0.9946,0,8,0,0,0,0.0,0,1,0,0,1.0,0.32,2,6,-2.628827218086424,1,0.9351208194838594,4,Flagged due to rare command sequence (rarity=0.94) + command sequence length + high auth failure rate (100%)
SES_0015953,USR_0031,user,2026-01-19 08:01:28,brute_force,0.4502164259803333,0.8951245884911793,0.0053082635,brute_force,0.9946,0,8,0,0,0,0.0,0,1,0,0,1.0,0.34,2,6,-2.560484902688955,1,0.9351208194838594,4,Flagged due to rare command sequence (rarity=0.94) + command sequence length + high auth failure rate (100%)
SES_0015954,USR_0031,user,2026-01-19 08:01:28,brute_force,0.450215632959161,0.8951245884911793,0.0053066774,brute_force,0.9946,0,8,0,0,0,0.0,0,1,0,0,1.0,0.36,2,6,-2.509925196531144,1,0.9351208194838594,4,Flagged due to rare command sequence (rarity=0.94) + command sequence length + high auth failure rate (100%)
SES_0015955,USR_0031,user,2026-01-19 08:01:30,brute_force,0.4530123440293657,0.9007200451057528,0.005304643,brute_force,0.9946,0,8,0,0,0,0.0,0,1,0,0,1.0,0.38,2,6,-2.445414202739669,1,0.9351208194838594,4,Flagged due to rare command sequence (rarity=0.94) + command sequence length + high auth failure rate (100%)
SES_0015956,USR_0031,user,2026-01-19 08:01:40,brute_force,0.4486444172662595,0.891985740368982,0.005303094,brute_force,0.9946,0,8,0,0,0,0.0,0,1,0,0,1.0,0.4,2,6,-2.396125598636317,1,0.9351208194838594,4,Flagged due to rare command sequence (rarity=0.94) + command sequence length + high auth failure rate (100%)
SES_0015958,USR_0031,user,2026-01-19 08:01:59,brute_force,0.4513509118531227,0.8974004562147618,0.0053013675,brute_force,0.9946,0,8,0,0,0,0.0,0,1,0,0,1.0,0.42,2,6,-2.341409222854308,1,0.9351208194838594,4,Flagged due to rare command sequence (rarity=0.94) + command sequence length + high auth failure rate (100%)
SES_0015959,USR_0031,user,2026-01-19 08:02:00,brute_force,0.4470097828083389,0.8887196477287815,0.005299918,brute_force,0.9946,0,8,0,0,0,0.0,0,1,0,0,1.0,0.44,2,6,-2.295023789927124,1,0.9351208194838594,4,Flagged due to rare command sequence (rarity=0.94) + command sequence length + high auth failure rate (100%)
SES_0015960,USR_0031,user,2026-01-19 08:02:24,brute_force,0.448018928032504,0.8907391409802169,0.005298715,brute_force,0.9946,0,8,0,0,0,0.0,0,1,0,0,1.0,0.46,2,6,-2.2568544306027394,1,0.9351208194838594,4,Flagged due to rare command sequence (rarity=0.94) + command sequence length + high auth failure rate (100%)
SES_0015961,USR_0031,user,2026-01-19 08:02:48,brute_force,0.4480182137080893,0.8907391409802169,0.0052972864,brute_force,0.9946,0,8,0,0,0,0.0,0,1,0,0,1.0,0.48,2,6,-2.210747711681932,1,0.9351208194838594,4,Flagged due to rare command sequence (rarity=0.94) + command sequence length + high auth failure rate (100%)
SES_0015963,USR_0031,user,2026-01-19 08:03:10,brute_force,0.4480177121908829,0.8907391409802169,0.0052962834,brute_force,0.9929,0,8,0,0,0,0.0,0,1,0,0,1.0,0.5,2,6,-2.178580960125929,1,0.9351208194838594,4,Flagged due to rare command sequence (rarity=0.94) + command sequence length + high auth failure rate (100%)
SES_0015964,USR_0031,user,2026-01-19 08:03:27,brute_force,0.4486909246094265,0.8920866088985878,0.0052952403,brute_force,0.9929,0,8,0,0,0,0.0,0,1,0,0,1.0,0.52,2,6,-2.1446379808604883,1,0.9351208194838594,4,Flagged due to rare command sequence (rarity=0.94) + command sequence length + high auth failure rate (100%)
SES_0054838,USR_0031,user,2026-03-05 18:23:01,normal,0.3663792446245326,0.7323707015756757,0.00038778767,impossible_travel,0.4126,0,18,3,0,0,7024.571963733685,1,1,0,0,0.1,0.06,4,5,-0.2579139838360439,9,0.9354649067910716,2,Flagged due to geo-velocity (7025 km/h) + impossible travel detected + rare command sequence (rarity=0.94)
SES_0066493,USR_0031,user,2026-03-19 07:43:47,normal,0.3694010792116996,0.7384461799561304,0.00035597847,impossible_travel,0.5758,0,7,3,0,0,2912.513751108532,1,1,0,0,0.1,0.02,4,6,-1.163147447507027,6,0.9358850115183266,2,Flagged due to geo-velocity (2913 km/h) + rare command sequence (rarity=0.94) + impossible travel detected
SES_0018191,USR_0032,user,2026-01-21 16:22:20,normal,0.4112509328974268,0.8214061910956814,0.0010956747,impossible_travel,0.4083,0,16,2,0,0,11234.408552303978,1,1,0,0,0.0,0.02,2,2,-0.9957322513136496,11,0.935529104473883,5,Flagged due to geo-velocity (11234 km/h) + rare command sequence (rarity=0.94) + impossible travel detected
SES_0059922,USR_0032,user,2026-03-11 16:25:00,normal,0.3853482121125308,0.7702186103423083,0.00047781388,impossible_travel,0.5961,0,16,2,0,0,28304.8156885952,1,0,0,0,0.0,0.04,2,5,3.087623809062901,9,0.9356026381419736,5,Flagged due to geo-velocity (28305 km/h) + rare command sequence (rarity=0.94) + impossible travel detected
SES_0000105,USR_0033,user,2026-01-01 07:47:22,normal,0.4741062885926946,0.9478271234063717,0.00038545378,brute_force,0.3258,0,7,3,0,0,0.0,0,1,0,1,1.0,1.0,1,1,0.0,7,0.935507426954744,2,Flagged due to high auth failure rate (100%) + failed auth rate (last 50) + new device fingerprint
SES_0000361,USR_0033,user,2026-01-01 12:14:25,normal,0.4243644042397607,0.8476535685110352,0.00107524,lateral_movement,0.3719,0,12,3,0,0,0.0,0,0,0,1,0.5,0.5,2,2,-373.6400000000003,11,0.9355344956766498,2,Flagged due to rare command sequence (rarity=0.94) + new device fingerprint + command sequence length
SES_0002976,USR_0033,user,2026-01-04 12:20:20,normal,0.3670037980706684,0.7336950215843082,0.00031257456,impossible_travel,0.6158,0,12,6,1,0,4900.523800797732,1,0,0,0,0.1,0.1153846153846153,2,3,-0.7213899019415183,7,0.9352181429038416,2,Flagged due to geo-velocity (4901 km/h) + rare command sequence (rarity=0.94) + impossible travel detected
SES_0008256,USR_0033,user,2026-01-10 12:51:40,normal,0.3946108836828393,0.7875776503064925,0.0016441171,impossible_travel,0.6305,0,12,5,1,0,37422.6280931617,1,0,0,0,0.1,0.08,2,4,0.1077879782212116,7,0.9354522563536076,2,Flagged due to geo-velocity (37423 km/h) + rare command sequence (rarity=0.94) + impossible travel detected
SES_0034511,USR_0033,user,2026-02-10 06:44:53,normal,0.3681526701188969,0.7358927813338761,0.0004125589,impossible_travel,0.8371,0,6,1,0,1,6595.131964186958,1,0,0,0,0.1,0.04,2,3,0.743447074378358,7,0.9353840679701806,2,Flagged due to geo-velocity (6595 km/h) + rare command sequence (rarity=0.94) + impossible travel detected
SES_0077484,USR_0033,user,2026-03-31 14:40:19,normal,0.3656509834625558,0.7312518336599351,5.0133265e-05,impossible_travel,0.4638,0,14,1,0,0,2192.2273993266413,1,1,0,0,0.0,0.02,2,2,-1.991912742304016,5,0.9352544687153764,2,Flagged due to geo-velocity (2192 km/h) + rare command sequence (rarity=0.94) + command sequence length
SES_0000020,USR_0034,user,2026-01-01 06:32:31,normal,0.3806211873818058,0.7602753646064287,0.00096701016,device_spoofing,0.4278,0,6,3,0,1,0.0,0,1,0,1,0.0,0.0,1,1,0.0,9,0.9355566741205524,1,Flagged due to new device fingerprint + command sequence length + rare command sequence (rarity=0.94)
SES_0000026,USR_0034,user,2026-01-01 06:40:26,normal,0.3826074043213672,0.7642125130015059,0.0010022956,impossible_travel,0.6008,0,6,3,0,1,693.6168770394595,0,0,0,1,0.0,0.0,2,2,-408.52,10,0.9355885917941686,1,Flagged due to geo-velocity (694 km/h) + rare command sequence (rarity=0.94) + new device fingerprint
SES_0016732,USR_0034,user,2026-01-20 06:07:07,normal,0.4122538858181452,0.8235642924499009,0.0009434792,impossible_travel,0.8146,0,6,1,0,1,54585.04580325588,1,0,0,0,0.0,0.04,4,4,0.3770542436802948,13,0.9355089051644546,1,Flagged due to geo-velocity (54585 km/h) + rare command sequence (rarity=0.94) + impossible travel detected
SES_0016735,USR_0034,user,2026-01-20 06:10:59,normal,0.3918273748198538,0.7832189321186422,0.00043581752,impossible_travel,0.8143,0,6,1,0,1,14116.82219049721,1,0,0,0,0.0,0.04,4,4,0.7368441381044833,10,0.9354870530923018,1,Flagged due to geo-velocity (14117 km/h) + rare command sequence (rarity=0.94) + impossible travel detected
SES_0023613,USR_0034,user,2026-01-28 06:42:58,normal,0.379647188037047,0.7590111681551112,0.00028320792,impossible_travel,0.8077,0,6,2,0,1,2136.3716507671056,1,0,0,0,0.2,0.1,3,5,1.2277970098223536,8,0.9355910868691076,1,Flagged due to geo-velocity (2136 km/h) + rare command sequence (rarity=0.94) + impossible travel detected
SES_0023614,USR_0034,user,2026-01-28 06:43:12,normal,0.450560409703896,0.8997533474120286,0.001367472,impossible_travel,0.8,0,6,2,0,1,29980.415499098384,1,0,0,0,0.2,0.1,3,5,0.1977844187343072,10,0.935370471619788,1,Flagged due to geo-velocity (29980 km/h) + rare command sequence (rarity=0.94) + impossible travel detected
SES_0031811,USR_0034,user,2026-02-06 20:09:06,normal,0.3661533903787915,0.7312238459691548,0.0010829348,impossible_travel,0.6215,0,20,4,0,0,27411.781198327768,1,0,0,0,0.0,0.04,2,4,-0.1853545529823246,9,0.9353355325349736,1,Flagged due to geo-velocity (27412 km/h) + rare command sequence (rarity=0.94) + impossible travel detected
SES_0033230,USR_0034,user,2026-02-08 14:21:53,normal,0.3796271132790149,0.7588978186055348,0.00035640795,impossible_travel,0.4158,0,14,6,1,0,1852.594043181825,1,1,0,0,0.0,0.02,2,4,-1.0505358905857145,8,0.9352157408130618,1,Flagged due to geo-velocity (1853 km/h) + rare command sequence (rarity=0.94) + impossible travel detected
SES_0038727,USR_0034,user,2026-02-14 20:48:40,normal,0.3692040428329493,0.7377943752885332,0.0006137104,impossible_travel,0.5745,0,20,5,1,0,1918.313813382244,1,0,0,1,0.0,0.06,3,3,0.2243772756088388,8,0.9357373561173452,1,Flagged due to geo-velocity (1918 km/h) + rare command sequence (rarity=0.94) + impossible travel detected
SES_0062069,USR_0034,user,2026-03-14 08:00:00,brute_force,0.3770239885608896,0.7535363079172089,0.0005116692,credential_stuffing,0.7733,0,8,5,1,0,0.0,0,1,0,1,0.1,0.04,3,4,-4.880139887691901,1,0.9351208194838594,4,Flagged due to rare command sequence (rarity=0.94) + command sequence length + new device fingerprint
SES_0062074,USR_0034,user,2026-03-14 08:00:10,brute_force,0.360803601970509,0.7214701014273276,0.00013710251,brute_force,0.65,0,8,5,1,0,0.0,0,1,0,0,0.3,0.08,4,5,-4.662646753802965,1,0.9351208194838594,4,Flagged due to high auth failure rate (30%) + rare command sequence (rarity=0.94) + command sequence length
SES_0062075,USR_0034,user,2026-03-14 08:00:12,brute_force,0.3763932650773537,0.7524245255356158,0.00036200462,brute_force,0.619,0,8,5,1,0,0.0,0,1,0,0,0.4,0.1,4,5,-4.562149371352783,1,0.9351208194838594,4,Flagged due to high auth failure rate (40%) + rare command sequence (rarity=0.94) + command sequence length
SES_0062076,USR_0034,user,2026-03-14 08:00:13,brute_force,0.3857244402625858,0.7706890057636013,0.00075987476,brute_force,0.9132,0,8,5,1,0,0.0,0,1,0,0,0.5,0.12,4,5,-4.473614456428107,1,0.9351208194838594,4,Flagged due to high auth failure rate (50%) + rare command sequence (rarity=0.94) + command sequence length
SES_0062078,USR_0034,user,2026-03-14 08:00:15,brute_force,0.3913972705855974,0.7814681323518994,0.0013264088,brute_force,0.9423,0,8,5,1,0,0.0,0,1,0,0,0.6,0.14,4,4,-4.384344576632282,1,0.9351208194838594,4,Flagged due to high auth failure rate (60%) + failed auth rate (last 50) + rare command sequence (rarity=0.94)
SES_0062079,USR_0034,user,2026-03-14 08:00:18,brute_force,0.4020374678728333,0.8020137007257294,0.002061235,brute_force,0.9336,0,8,5,1,0,0.0,0,1,0,0,0.7,0.16,4,4,-4.291947100973845,1,0.9351208194838594,4,Flagged due to high auth failure rate (70%) + failed auth rate (last 50) + rare command sequence (rarity=0.94)
SES_0062080,USR_0034,user,2026-03-14 08:00:21,brute_force,0.4067898467871642,0.8106122134699117,0.00296748,brute_force,0.9444,0,8,5,1,0,0.0,0,1,0,0,0.8,0.18,3,4,-4.21516446626527,1,0.9351208194838594,4,Flagged due to high auth failure rate (80%) + failed auth rate (last 50) + rare command sequence (rarity=0.94)
SES_0062082,USR_0034,user,2026-03-14 08:00:24,brute_force,0.4136563622273293,0.8232606041937643,0.0040521203,brute_force,0.9351,0,8,5,1,0,0.0,0,1,0,0,0.9,0.2,3,4,-4.141805228245695,1,0.9351208194838594,4,Flagged due to high auth failure rate (90%) + failed auth rate (last 50) + rare command sequence (rarity=0.94)
SES_0062083,USR_0034,user,2026-03-14 08:00:32,brute_force,0.4226190458424277,0.8398808285407497,0.005357263,brute_force,0.7571,0,8,5,1,0,0.0,0,1,0,0,1.0,0.22,2,4,-4.05877748983041,1,0.9351208194838594,4,Flagged due to high auth failure rate (100%) + failed auth rate (last 50) + rare command sequence (rarity=0.94)
SES_0062084,USR_0034,user,2026-03-14 08:00:36,brute_force,0.4285428491778768,0.8517302880779101,0.0053554103,brute_force,0.7297,0,8,5,1,0,0.0,0,1,0,0,1.0,0.24,2,4,-4.00393008801063,1,0.9351208194838594,4,Flagged due to high auth failure rate (100%) + failed auth rate (last 50) + rare command sequence (rarity=0.94)
SES_0062085,USR_0034,user,2026-03-14 08:00:36,brute_force,0.4310429261053281,0.8567325099345897,0.0053533423,brute_force,0.6203,0,8,5,1,0,0.0,0,1,0,0,1.0,0.26,2,4,-3.9424890159431056,1,0.9351208194838594,4,Flagged due to high auth failure rate (100%) + rare command sequence (rarity=0.94) + command sequence length
SES_0062086,USR_0034,user,2026-03-14 08:00:38,credential_stuffing,0.4323668215903269,0.8593823097673808,0.0053513334,credential_stuffing,0.5689,0,8,5,1,0,0.0,0,1,0,0,1.0,0.28,2,4,-3.8821911709233854,1,0.9351208194838594,4,Flagged due to rare command sequence (rarity=0.94) + command sequence length + anomalous session duration (z=-3.9)
SES_0062089,USR_0034,user,2026-03-14 08:00:48,brute_force,0.4361965419412019,0.8670441369832282,0.005348947,brute_force,0.9587,0,8,5,1,0,0.0,0,1,0,0,1.0,0.3,2,4,-3.810782164781148,1,0.9351208194838594,4,Flagged due to failed auth rate (last 50) + high auth failure rate (100%) + rare command sequence (rarity=0.94)
SES_0062090,USR_0034,user,2026-03-14 08:00:50,brute_force,0.4401968307647977,0.8750462508470067,0.0053474107,brute_force,0.9772,0,8,5,1,0,0.0,0,1,0,0,1.0,0.32,2,4,-3.7649626565600993,1,0.9351208194838594,4,Flagged due to failed auth rate (last 50) + high auth failure rate (100%) + rare command sequence (rarity=0.94)
SES_0062091,USR_0034,user,2026-03-14 08:01:00,brute_force,0.4453299458635553,0.885314320872268,0.005345571,brute_force,0.9772,0,8,5,1,0,0.0,0,1,0,0,1.0,0.34,2,4,-3.709800250201414,1,0.9351208194838594,4,Flagged due to failed auth rate (last 50) + high auth failure rate (100%) + rare command sequence (rarity=0.94)
SES_0062092,USR_0034,user,2026-03-14 08:01:06,brute_force,0.44467841633908,0.885314320872268,0.004042512,brute_force,0.9781,0,8,5,1,0,0.0,0,1,0,0,0.9,0.34,2,4,-3.661060192528661,1,0.9351208194838594,4,Flagged due to high auth failure rate (90%) + failed auth rate (last 50) + rare command sequence (rarity=0.94)
SES_0062093,USR_0034,user,2026-03-14 08:01:10,brute_force,0.4446779422958895,0.885314320872268,0.0040415637,brute_force,0.9781,0,8,5,1,0,0.0,0,1,0,0,0.9,0.34,2,4,-3.6130742576042207,1,0.9351208194838594,4,Flagged due to high auth failure rate (90%) + failed auth rate (last 50) + rare command sequence (rarity=0.94)
SES_0062094,USR_0034,user,2026-03-14 08:01:16,brute_force,0.4446773527686998,0.885314320872268,0.0040403847,brute_force,0.9781,0,8,5,1,0,0.0,0,1,0,0,0.9,0.36,2,4,-3.553963686563139,1,0.9351208194838594,4,Flagged due to high auth failure rate (90%) + failed auth rate (last 50) + rare command sequence (rarity=0.94)
SES_0062095,USR_0034,user,2026-03-14 08:01:25,brute_force,0.4477523958382842,0.8914651231984967,0.0040396685,brute_force,0.9781,0,8,5,1,0,0.0,0,1,0,0,0.9,0.38,2,4,-3.518253080462731,1,0.9351208194838594,4,Flagged due to high auth failure rate (90%) + failed auth rate (last 50) + rare command sequence (rarity=0.94)
SES_0062096,USR_0034,user,2026-03-14 08:01:38,brute_force,0.4477519159743276,0.8914651231984967,0.0040387088,brute_force,0.9781,0,8,5,1,0,0.0,0,1,0,0,0.9,0.4,2,4,-3.4700383613859502,1,0.9351208194838594,4,Flagged due to high auth failure rate (90%) + failed auth rate (last 50) + rare command sequence (rarity=0.94)
SES_0062097,USR_0034,user,2026-03-14 08:01:39,brute_force,0.4504582289969875,0.8968784239870219,0.004038034,brute_force,0.9781,0,8,5,1,0,0.0,0,1,0,0,0.9,0.42,2,4,-3.4362534827687283,1,0.9351208194838594,4,Flagged due to high auth failure rate (90%) + failed auth rate (last 50) + rare command sequence (rarity=0.94)
SES_0062098,USR_0034,user,2026-03-14 08:01:52,brute_force,0.4504576795166685,0.8968784239870219,0.004036935,brute_force,0.9781,0,8,5,1,0,0.0,0,1,0,0,0.9,0.44,2,4,-3.380902438664672,1,0.9351208194838594,4,Flagged due to high auth failure rate (90%) + failed auth rate (last 50) + rare command sequence (rarity=0.94)
SES_0062100,USR_0034,user,2026-03-14 08:02:00,brute_force,0.4551186197344187,0.9062010392360336,0.0040362,brute_force,0.9781,0,8,5,1,0,0.0,0,1,0,0,0.9,0.46,2,4,-3.343464562879714,1,0.9351208194838594,4,Flagged due to high auth failure rate (90%) + failed auth rate (last 50) + rare command sequence (rarity=0.94)
SES_0062102,USR_0034,user,2026-03-14 08:02:08,brute_force,0.4551183033175739,0.9062010392360336,0.0040355674,brute_force,0.9781,0,8,5,1,0,0.0,0,1,0,0,0.9,0.48,2,4,-3.311939036526909,1,0.9351208194838594,4,Flagged due to high auth failure rate (90%) + failed auth rate (last 50) + rare command sequence (rarity=0.94)
SES_0062104,USR_0034,user,2026-03-14 08:02:24,brute_force,0.455117975957689,0.9062010392360336,0.0040349127,brute_force,0.9749,0,8,5,1,0,0.0,0,1,0,0,0.9,0.5,2,4,-3.2796001860828627,1,0.9351208194838594,4,Flagged due to high auth failure rate (90%) + failed auth rate (last 50) + rare command sequence (rarity=0.94)
SES_0062105,USR_0034,user,2026-03-14 08:02:30,brute_force,0.4561049514772833,0.9068798907746556,0.005330012,brute_force,0.9745,0,8,5,1,0,0.0,0,1,0,0,1.0,0.52,2,4,-3.237264974538084,1,0.9351208194838594,4,Flagged due to failed auth rate (last 50) + high auth failure rate (100%) + rare command sequence (rarity=0.94)
SES_0062108,USR_0034,user,2026-03-14 08:02:41,brute_force,0.4571234351189441,0.908917823839487,0.0053290464,brute_force,0.9776,0,8,5,1,0,0.0,0,1,0,0,1.0,0.54,2,4,-3.2074190157974813,1,0.9351208194838594,4,Flagged due to failed auth rate (last 50) + high auth failure rate (100%) + rare command sequence (rarity=0.94)
SES_0062109,USR_0034,user,2026-03-14 08:02:42,brute_force,0.4571227508296824,0.908917823839487,0.005327678,brute_force,0.9808,0,8,5,1,0,0.0,0,1,0,0,1.0,0.56,2,4,-3.165345834090382,1,0.9351208194838594,4,Flagged due to failed auth rate (last 50) + high auth failure rate (100%) + rare command sequence (rarity=0.94)
SES_0062112,USR_0034,user,2026-03-14 08:02:48,brute_force,0.4571222646792985,0.908917823839487,0.0053267055,brute_force,0.9808,0,8,5,1,0,0.0,0,1,0,0,1.0,0.58,2,4,-3.135459877051644,1,0.9351208194838594,4,Flagged due to failed auth rate (last 50) + high auth failure rate (100%) + rare command sequence (rarity=0.94)
SES_0062113,USR_0034,user,2026-03-14 08:02:56,brute_force,0.4571217445356406,0.908917823839487,0.005325665,brute_force,0.9808,0,8,5,1,0,0.0,0,1,0,0,1.0,0.6,2,4,-3.1033309715726856,1,0.9351208194838594,4,Flagged due to failed auth rate (last 50) + high auth failure rate (100%) + rare command sequence (rarity=0.94)
SES_0062115,USR_0034,user,2026-03-14 08:03:54,brute_force,0.4547956147153949,0.9042664489554416,0.0053247805,brute_force,0.9808,0,8,5,1,0,0.0,0,1,0,0,1.0,0.62,2,4,-3.0758826035029614,1,0.9351208194838594,4,Flagged due to failed auth rate (last 50) + high auth failure rate (100%) + rare command sequence (rarity=0.94)
SES_0062117,USR_0034,user,2026-03-14 08:04:21,brute_force,0.4547952538278972,0.9042664489554416,0.0053240587,brute_force,0.9808,0,8,5,1,0,0.0,0,1,0,0,1.0,0.64,2,4,-3.053488443413075,1,0.9351208194838594,4,Flagged due to failed auth rate (last 50) + high auth failure rate (100%) + rare command sequence (rarity=0.94)
SES_0062119,USR_0034,user,2026-03-14 08:05:00,brute_force,0.4583640308927312,0.91140492928541,0.0053231325,brute_force,0.9808,0,8,5,1,0,0.0,0,1,0,0,1.0,0.66,2,4,-3.0250673679154967,1,0.9351208194838594,4,Flagged due to failed auth rate (last 50) + high auth failure rate (100%) + rare command sequence (rarity=0.94)
SES_0062121,USR_0034,user,2026-03-14 08:05:10,brute_force,0.4583634297240093,0.91140492928541,0.00532193,brute_force,0.9808,0,8,5,1,0,0.0,0,1,0,0,1.0,0.68,2,4,-2.9883087164659097,1,0.9351208194838594,4,Flagged due to failed auth rate (last 50) + high auth failure rate (100%) + rare command sequence (rarity=0.94)
SES_0062522,USR_0034,user,2026-03-14 14:39:52,normal,0.3872771819358002,0.7741850596334804,0.00036930424,brute_force,0.3085,0,14,5,1,0,0.0,0,1,0,0,0.8,0.68,3,4,0.89435966408188,8,0.935351704316986,1,Flagged due to high auth failure rate (80%) + failed auth rate (last 50) + new device fingerprint
SES_0065973,USR_0034,user,2026-03-18 14:12:40,normal,0.3971053964067846,0.793751175431421,0.00045961738,impossible_travel,0.5811,0,14,2,0,0,9695.922452107725,1,0,0,0,0.0,0.42,2,5,-0.0750774780975285,10,0.9354510372279644,1,Flagged due to geo-velocity (9696 km/h) + rare command sequence (rarity=0.94) + impossible travel detected
SES_0076006,USR_0034,user,2026-03-29 20:04:34,normal,0.3851130893126371,0.7694822341363429,0.0007439445,impossible_travel,0.6381,0,20,6,1,0,16461.90829815347,1,0,0,0,0.0,0.04,2,2,1.0341618906829706,10,0.9354157445737544,1,Flagged due to geo-velocity (16462 km/h) + rare command sequence (rarity=0.94) + impossible travel detected
SES_0055961,USR_0035,user,2026-03-07 07:16:23,normal,0.389190696050594,0.7782241004058288,0.0001572917,impossible_travel,0.6888,0,7,5,1,0,2296.836208643751,1,0,0,0,0.2,0.06,6,7,1.5394972936223488,8,0.9355570959931266,0,Flagged due to geo-velocity (2297 km/h) + impossible travel detected + rare command sequence (rarity=0.94)
SES_0000008,USR_0036,user,2026-01-01 06:11:07,normal,0.378576528602951,0.7558677638335541,0.0012852934,device_spoofing,0.3881,0,6,3,0,1,0.0,0,1,0,1,0.0,0.0,1,1,0.0,8,0.935424567737307,2,Flagged due to new device fingerprint + rare command sequence (rarity=0.94) + command sequence length
SES_0006171,USR_0036,user,2026-01-08 06:41:22,normal,0.4128360712740063,0.8242225039196118,0.0014496386,impossible_travel,0.6923,0,6,3,0,1,3785.62576282688,1,0,0,1,0.0,0.02,5,6,-0.7223907302094923,9,0.9355690490493964,2,Flagged due to geo-velocity (3786 km/h) + impossible travel detected + rare command sequence (rarity=0.94)
SES_0050614,USR_0036,user,2026-02-28 20:38:32,normal,0.3698917941826259,0.7394862968698802,0.0002972915,impossible_travel,0.6981,0,20,5,1,0,12055.242517047163,1,0,0,0,0.0,0.04,4,7,0.3402558078912402,5,0.9357766264272552,2,Flagged due to geo-velocity (12055 km/h) + rare command sequence (rarity=0.94) + impossible travel detected
SES_0062838,USR_0037,user,2026-03-14 20:37:29,normal,0.5495408434849662,0.6325443305932845,0.46653736,impossible_travel,0.5505,0,20,5,1,0,1298.2779017161797,1,0,0,0,0.0,0.04,5,7,-0.9910678736548,20,0.9355219841414484,2,Flagged due to geo-velocity (1298 km/h) + impossible travel detected + rare command sequence (rarity=0.94)
SES_0000106,USR_0038,user,2026-01-01 07:47:34,normal,0.4457322241165501,0.8895723665384229,0.0018920817,lateral_movement,0.4761,0,7,3,0,0,0.0,0,0,0,1,0.5,0.5,2,2,-962.77,11,0.9354914975472656,4,Flagged due to rare command sequence (rarity=0.94) + new device fingerprint + command sequence length
SES_0000419,USR_0038,user,2026-01-01 13:09:19,normal,0.3986458404674015,0.7959504820145307,0.0013411989,device_spoofing,0.2988,0,13,3,0,0,0.0,0,1,0,1,0.25,0.25,3,3,0.4456224497477838,13,0.935503898325112,4,Flagged due to new device fingerprint + command sequence length + rare command sequence (rarity=0.94)
SES_0000966,USR_0038,user,2026-01-02 07:08:44,normal,0.3791440417156083,0.7567100846868927,0.0015779987,lateral_movement,0.5593,0,7,4,0,0,0.0,0,0,0,1,0.3333333333333333,0.3333333333333333,4,4,0.7055901278819817,15,0.935480881699216,4,Flagged due to rare command sequence (rarity=0.94) + new device fingerprint + command sequence length
SES_0014523,USR_0038,user,2026-01-17 15:31:49,normal,0.3794995824606889,0.7564732295061993,0.0025259354,impossible_travel,0.5958,0,15,5,1,0,26174.086224607214,1,0,0,0,0.0,0.02,4,5,-0.1020215426847258,15,0.9355626526576044,4,Flagged due to geo-velocity (26174 km/h) + rare command sequence (rarity=0.94) + impossible travel detected
SES_0000174,USR_0039,user,2026-01-01 09:02:46,normal,0.4722239076693525,0.9430249246438932,0.0014228907,brute_force,0.3061,0,9,3,0,0,0.0,0,1,0,1,1.0,1.0,1,1,0.0,13,0.9354003123822696,3,Flagged due to high auth failure rate (100%) + failed auth rate (last 50) + new device fingerprint
SES_0000387,USR_0039,user,2026-01-01 12:41:40,normal,0.4373431342576538,0.8724578478218804,0.0022284207,lateral_movement,0.3674,0,12,3,0,0,0.0,0,0,0,1,0.5,0.5,2,2,693.54,14,0.935581814282119,3,Flagged due to rare command sequence (rarity=0.94) + new device fingerprint + command sequence length
SES_0000403,USR_0039,user,2026-01-01 12:51:28,normal,0.3975251889331807,0.7944012501063907,0.00064912776,device_spoofing,0.3307,0,12,3,0,0,0.0,0,1,0,1,0.25,0.25,3,3,0.4408790318399502,10,0.9352494062444856,3,Flagged due to new device fingerprint + command sequence length + rare command sequence (rarity=0.94)
SES_0000898,USR_0039,user,2026-01-01 21:49:41,normal,0.441269907700196,0.6951126522763075,0.18742716,lateral_movement,0.5736,0,21,3,0,1,0.0,0,0,0,1,0.125,0.125,5,5,-3.556254080758212,18,0.9354802549171056,3,Flagged due to rare command sequence (rarity=0.94) + new device fingerprint + command sequence length
SES_0002542,USR_0039,user,2026-01-03 21:10:01,normal,0.3587252526065638,0.541926806883202,0.1755237,lateral_movement,0.5314,0,21,5,1,1,0.0,0,0,0,0,0.1,0.1,5,5,-0.1472536872268126,18,0.9353524877946238,3,Flagged due to rare command sequence (rarity=0.94) + new device fingerprint + command sequence length
SES_0004199,USR_0039,user,2026-01-05 18:25:27,normal,0.3785962952987264,0.7561498305037564,0.0010427601,impossible_travel,0.4771,0,18,0,0,0,1799.588021311675,1,0,0,1,0.0,0.0526315789473684,6,6,0.6463024582858998,13,0.9353769471320046,3,Flagged due to geo-velocity (1800 km/h) + impossible travel detected + rare command sequence (rarity=0.94)
SES_0016680,USR_0039,user,2026-01-19 21:32:55,normal,0.4096289079552201,0.8133803229610737,0.005877493,impossible_travel,0.4841,0,21,0,0,1,6948.474372750274,1,0,0,0,0.0,0.0,6,8,-0.9770482135201494,15,0.9355258171551228,3,Flagged due to geo-velocity (6948 km/h) + impossible travel detected + rare command sequence (rarity=0.94)
SES_0019274,USR_0039,user,2026-01-22 21:09:10,normal,0.415676014562398,0.8284777364587036,0.0028742927,impossible_travel,0.5292,0,21,3,0,1,17987.114164755796,1,0,0,0,0.0,0.0,5,9,-0.0003298930606465,14,0.9355028810625156,3,Flagged due to geo-velocity (17987 km/h) + impossible travel detected + rare command sequence (rarity=0.94)
SES_0031875,USR_0039,user,2026-02-06 21:42:15,normal,0.3591589537106627,0.717564680905954,0.0007532265,impossible_travel,0.5277,0,21,4,0,1,3342.7694880255285,1,0,0,0,0.0,0.02,6,6,-0.4460572974918561,14,0.9354304567340574,3,Flagged due to geo-velocity (3343 km/h) + impossible travel detected + rare command sequence (rarity=0.94)
SES_0035695,USR_0039,user,2026-02-11 12:40:02,normal,0.3992857660100515,0.7980768225488625,0.0004947095,impossible_travel,0.3902,0,12,2,0,0,24095.335163126623,1,1,0,0,0.0,0.0,5,6,0.8890284724016256,12,0.9355821070100276,3,Flagged due to geo-velocity (24095 km/h) + impossible travel detected + rare command sequence (rarity=0.94)
SES_0059328,USR_0039,user,2026-03-10 21:24:20,normal,0.4051123506120532,0.8093085983230053,0.0009161029,impossible_travel,0.5642,0,21,1,0,1,21943.63280178804,1,0,0,0,0.0,0.08,5,6,0.9565441485353938,9,0.9354845138211884,3,Flagged due to geo-velocity (21944 km/h) + impossible travel detected + rare command sequence (rarity=0.94)
SES_0062389,USR_0039,user,2026-03-14 12:20:58,normal,0.4490097324720275,0.8608101590317988,0.037209306,impossible_travel,0.5199,0,12,5,1,0,43313.16835656899,1,0,0,0,0.0,0.04,6,7,1.608552421591693,18,0.9354387105131288,3,Flagged due to geo-velocity (43313 km/h) + impossible travel detected + rare command sequence (rarity=0.94)
SES_0068110,USR_0039,user,2026-03-20 21:29:31,normal,0.3614753940462267,0.705580163624723,0.017370624,impossible_travel,0.6119,0,21,4,0,1,3281.728106860631,1,0,0,0,0.0,0.06,4,5,-0.0169086116346105,17,0.93546345091709,3,Flagged due to geo-velocity (3282 km/h) + impossible travel detected + rare command sequence (rarity=0.94)
SES_0001274,USR_0040,user,2026-01-02 13:06:31,normal,0.3617129943227301,0.723066907302411,0.00035908134,impossible_travel,0.6268,0,13,4,0,0,14042.905481849488,1,0,0,0,0.0,0.0,2,2,1.4565101929934638,9,0.9354776031466392,0,Flagged due to geo-velocity (14043 km/h) + rare command sequence (rarity=0.94) + impossible travel detected
SES_0002529,USR_0040,user,2026-01-03 20:57:27,normal,0.3800620495430588,0.7593320910181707,0.00079200807,impossible_travel,0.598,0,20,5,1,0,9869.384585160658,1,0,0,0,0.0,0.0,4,4,0.9447154065389164,11,0.9352258821914372,0,Flagged due to geo-velocity (9869 km/h) + impossible travel detected + rare command sequence (rarity=0.94)
SES_0051121,USR_0040,user,2026-03-01 13:38:46,normal,0.3629017496272377,0.725512346455439,0.0002911528,impossible_travel,0.6341,0,13,6,1,0,10391.887176511204,1,0,0,0,0.0,0.04,3,4,-0.7625883983881552,11,0.9353106950154516,0,Flagged due to geo-velocity (10392 km/h) + rare command sequence (rarity=0.94) + impossible travel detected
SES_0005240,USR_0041,user,2026-01-06 21:37:48,normal,0.4330353402490327,0.864797992227519,0.0012726883,impossible_travel,0.4517,0,21,1,0,1,2077.24829729147,1,0,0,1,0.0,0.0227272727272727,7,8,-1.344184215541259,14,0.935372806555342,0,Flagged due to geo-velocity (2077 km/h) + impossible travel detected + rare command sequence (rarity=0.94)
SES_0020989,USR_0041,user,2026-01-24 21:37:20,normal,0.3757056402254179,0.5100050185299069,0.24140626,lateral_movement,0.5606,0,21,5,1,1,0.0,0,0,0,0,0.1,0.06,5,6,0.7846618336128816,19,0.9355422606695952,0,Flagged due to rare command sequence (rarity=0.94) + new device fingerprint + command sequence length
SES_0029493,USR_0041,user,2026-02-04 08:27:20,normal,0.3926718110167432,0.7666077513145305,0.01873587,impossible_travel,0.7518,0,8,2,0,0,23812.975537756967,1,0,0,0,0.0,0.04,5,7,-1.4072517464762837,17,0.9355326238386734,0,Flagged due to geo-velocity (23813 km/h) + impossible travel detected + rare command sequence (rarity=0.94)
SES_0029499,USR_0041,user,2026-02-04 08:35:51,impossible_travel,0.3941284425387775,0.7870284724642824,0.0012284126,impossible_travel,0.9854,0,8,2,0,0,108021.57348462287,1,0,0,0,0.0,0.04,4,7,-4.089384283143492,5,0.935623016596226,0,Flagged due to geo-velocity (108022 km/h) + rare command sequence (rarity=0.94) + command sequence length
SES_0029514,USR_0041,user,2026-02-04 09:07:25,normal,0.4106403464471982,0.7360269252251956,0.08525377,impossible_travel,0.6269,0,9,2,0,0,29144.15208587239,1,0,0,0,0.0,0.04,4,7,-0.7977971020754381,17,0.9356411904413062,0,Flagged due to geo-velocity (29144 km/h) + impossible travel detected + rare command sequence (rarity=0.94)
SES_0039606,USR_0041,user,2026-02-15 21:44:15,normal,0.4019139524921995,0.5528699093312466,0.250958,lateral_movement,0.5266,0,21,6,1,1,0.0,0,0,0,0,0.1,0.08,5,7,1.0325039316140647,18,0.9354624960906476,0,Flagged due to rare command sequence (rarity=0.94) + new device fingerprint + command sequence length
SES_0043739,USR_0041,user,2026-02-20 20:05:13,normal,0.4059905528670473,0.4985643266928043,0.31341678,lateral_movement,0.4158,0,20,4,0,0,846.3641891478537,0,0,0,0,0.0,0.02,7,9,1.0455290311880283,18,0.9354343712523652,0,Flagged due to resource diversity spike (7 unique resources) + rare command sequence (rarity=0.94) + new device fingerprint
SES_0043753,USR_0041,user,2026-02-20 20:19:30,normal,0.3585402181537911,0.7158711277978674,0.0012093085,impossible_travel,0.4838,0,20,4,0,0,4086.645291358015,1,0,0,0,0.0,0.02,8,9,0.4645143431033736,14,0.9354948224353832,0,Flagged due to geo-velocity (4087 km/h) + impossible travel detected + rare command sequence (rarity=0.94)
SES_0069229,USR_0041,user,2026-03-22 09:23:45,normal,0.363499561514808,0.7206244351418879,0.006374688,impossible_travel,0.5988,0,9,6,1,0,3382.113315074065,1,0,0,0,0.1,0.04,5,6,-0.9872787640762194,16,0.9354350542841522,0,Flagged due to geo-velocity (3382 km/h) + impossible travel detected + rare command sequence (rarity=0.94)
SES_0069751,USR_0041,user,2026-03-22 18:26:17,normal,0.3878417184212731,0.6102458874899004,0.16543755,impossible_travel,0.6339,0,18,6,1,0,1315.2326844729423,1,0,0,0,0.0,0.04,4,6,-1.6914450455944705,17,0.9354842113019196,0,Flagged due to geo-velocity (1315 km/h) + rare command sequence (rarity=0.94) + impossible travel detected
SES_0021165,USR_0042,user,2026-01-25 08:50:19,impossible_travel,0.3764331482397581,0.7522723952751053,0.0005939012,impossible_travel,0.9764,0,8,6,1,0,12111.681876062425,1,0,0,0,0.1,0.02,3,6,-0.6293977221240378,5,0.9355885917941686,3,Flagged due to geo-velocity (12112 km/h) + rare command sequence (rarity=0.94) + command sequence length
SES_0000028,USR_0043,user,2026-01-01 06:42:42,normal,0.4210594409621011,0.8397458552402757,0.0023730267,brute_force,0.3755,0,6,3,0,1,0.0,0,1,0,1,0.0,0.0,1,1,0.0,1,0.9358642794946788,1,Flagged due to command sequence length + weekend access + new device fingerprint
SES_0008649,USR_0043,user,2026-01-10 20:17:42,normal,0.4142833960798783,0.8285220465629324,4.4745597e-05,impossible_travel,0.5244,0,20,5,1,0,24798.940251721444,1,0,0,0,0.2,0.06,3,4,0.739865091174887,3,0.9353700859077204,1,Flagged due to geo-velocity (24799 km/h) + rare command sequence (rarity=0.94) + impossible travel detected
SES_0008651,USR_0043,user,2026-01-10 20:19:53,normal,0.3960460757210812,0.7919758159230386,0.00011633552,impossible_travel,0.5243,0,20,5,1,0,11358.293245063256,1,0,0,0,0.2,0.06,3,4,0.1064485238333746,2,0.935467237134815,1,Flagged due to geo-velocity (11358 km/h) + rare command sequence (rarity=0.94) + impossible travel detected
SES_0024972,USR_0043,user,2026-01-29 17:19:32,normal,0.4113740445343168,0.8219289653110962,0.00081912376,impossible_travel,0.4932,0,17,3,0,0,8393.24156300214,1,0,0,1,0.1,0.04,4,5,1.2942736550485645,3,0.9356776912818464,1,Flagged due to geo-velocity (8393 km/h) + rare command sequence (rarity=0.94) + impossible travel detected
SES_0076020,USR_0043,user,2026-03-29 20:18:13,normal,0.3840862306586796,0.7681117694880832,6.069183e-05,low_and_slow_exfiltration,0.3949,0,20,6,1,0,3307.246783645878,1,0,0,0,0.0,0.02,3,9,0.8960137211978931,1,0.9351526407294588,1,Flagged due to hour of day + new device fingerprint + anomalous session duration (z=0.9)
SES_0000013,USR_0044,user,2026-01-01 06:12:54,normal,0.3863437895613092,0.7584486851368702,0.014238894,device_spoofing,0.4386,0,6,3,0,1,0.0,0,1,0,1,0.0,0.0,1,1,0.0,16,0.9354613610525312,2,Flagged due to new device fingerprint + command sequence length + rare command sequence (rarity=0.94)
SES_0000030,USR_0044,user,2026-01-01 06:44:29,normal,0.4690967955190333,0.9339048529102688,0.004288738,lateral_movement,0.5101,0,6,3,0,1,0.0,0,0,0,1,0.5,0.5,2,2,-119.95000000000029,15,0.9354291962821214,2,Flagged due to rare command sequence (rarity=0.94) + new device fingerprint + command sequence length
SES_0000251,USR_0044,user,2026-01-01 10:28:34,normal,0.3962334985224504,0.7855271015938319,0.0069398955,lateral_movement,0.3792,0,10,3,0,0,0.0,0,0,0,1,0.3333333333333333,0.3333333333333333,3,3,-9.30946310894209,16,0.9355462478412178,2,Flagged due to rare command sequence (rarity=0.94) + new device fingerprint + command sequence length
SES_0009109,USR_0044,user,2026-01-11 12:08:37,normal,0.415282861946631,0.8270544724772046,0.0035112514,impossible_travel,0.4005,0,12,6,1,0,3884.735149957968,1,1,0,0,0.1,0.04,5,6,1.3518115552690846,13,0.9355796684938292,2,Flagged due to geo-velocity (3885 km/h) + impossible travel detected + rare command sequence (rarity=0.94)
SES_0009615,USR_0044,user,2026-01-11 21:50:33,normal,0.3701993292144037,0.4542746078115893,0.28612405,lateral_movement,0.4265,0,21,6,1,1,0.0,0,0,0,0,0.1,0.04,4,6,-0.6179542193255422,20,0.9356497030499218,2,Flagged due to rare command sequence (rarity=0.94) + command sequence length + new device fingerprint
SES_0014803,USR_0044,user,2026-01-17 21:13:12,normal,0.4075916359265576,0.408772428719189,0.40641084,lateral_movement,0.4503,0,21,5,1,1,0.0,0,0,0,0,0.0,0.04,4,6,-0.1738369339823474,18,0.935662584225855,2,Flagged due to rare command sequence (rarity=0.94) + command sequence length + new device fingerprint
SES_0020195,USR_0044,user,2026-01-24 06:59:43,normal,0.4245757618335288,0.8468776425576263,0.002273881,impossible_travel,0.8176,0,6,5,1,1,11710.17934103527,1,0,0,0,0.0,0.0,4,6,-1.6414911547381192,15,0.9354959244698628,2,Flagged due to geo-velocity (11710 km/h) + rare command sequence (rarity=0.94) + impossible travel detected
SES_0056731,USR_0044,user,2026-03-07 21:53:28,normal,0.3706827477865945,0.5420457604037783,0.19931974,lateral_movement,0.5693,0,21,5,1,1,0.0,0,0,0,0,0.1,0.06,5,9,0.2783127705729762,19,0.935614505554939,2,Flagged due to rare command sequence (rarity=0.94) + new device fingerprint + command sequence length
SES_0070299,USR_0044,user,2026-03-23 12:36:57,normal,0.3647659696852163,0.7268666361885758,0.0026653032,impossible_travel,0.5791,0,12,0,0,0,22123.91158344968,1,0,0,0,0.0,0.0,4,8,-0.6644078709633536,15,0.9356415307754836,2,Flagged due to geo-velocity (22124 km/h) + impossible travel detected + rare command sequence (rarity=0.94)
SES_0020844,USR_0045,user,2026-01-24 18:54:22,normal,0.3940271778913082,0.7873841590030786,0.0006701968,impossible_travel,0.4126,0,18,5,1,0,3071.025052249622,1,1,0,0,0.1,0.06,3,5,1.1891046644299077,10,0.9354413462122592,0,Flagged due to geo-velocity (3071 km/h) + rare command sequence (rarity=0.94) + impossible travel detected
SES_0027691,USR_0045,user,2026-02-01 21:56:15,normal,0.3681916829903006,0.7354644899501188,0.00091887603,impossible_travel,0.6311,0,21,6,1,1,1789.1257893513837,1,0,0,0,0.0,0.0,3,3,-1.5499534750507766,12,0.935514969003214,0,Flagged due to geo-velocity (1789 km/h) + rare command sequence (rarity=0.94) + impossible travel detected
SES_0053276,USR_0045,user,2026-03-03 21:11:14,normal,0.3912318292790816,0.7818711607404569,0.0005924978,impossible_travel,0.4198,0,21,1,0,1,1296.2327528463616,1,1,0,0,0.0,0.0,3,3,1.3435430877963133,7,0.9353669175585914,0,Flagged due to geo-velocity (1296 km/h) + rare command sequence (rarity=0.94) + impossible travel detected
SES_0057424,USR_0045,user,2026-03-08 18:22:35,normal,0.3878495377470697,0.7752940943545579,0.00040498114,impossible_travel,0.6472,0,18,6,1,0,10820.826892617211,1,0,0,0,0.1,0.04,3,3,0.5762126528593573,9,0.9354272998644544,0,Flagged due to geo-velocity (10821 km/h) + rare command sequence (rarity=0.94) + impossible travel detected
SES_0066398,USR_0045,user,2026-03-19 06:31:17,normal,0.388700980368054,0.7767130473996187,0.00068891334,impossible_travel,0.7701,0,6,3,0,1,4587.837520088847,1,0,0,0,0.0,0.04,4,9,1.207586441593044,10,0.9356390718610512,0,Flagged due to geo-velocity (4588 km/h) + impossible travel detected + rare command sequence (rarity=0.94)
SES_0000439,USR_0046,user,2026-01-01 13:32:59,normal,0.3825929466440606,0.7643101952348432,0.00087569805,brute_force,0.3761,0,13,3,0,0,0.0,0,1,0,1,0.0,0.0,2,2,5.224077388553274,1,0.9356603342387924,5,Flagged due to command sequence length + weekend access + new device fingerprint
SES_0003769,USR_0046,user,2026-01-05 11:03:49,normal,0.3986952427644767,0.7968265532372558,0.0005639323,brute_force,0.449,0,11,0,0,0,0.0,0,1,0,1,0.2,0.0666666666666666,4,5,2.08724048665208,1,0.9352119439598936,5,Flagged due to command sequence length + weekend access + day of week
SES_0008706,USR_0046,user,2026-01-10 21:20:08,normal,0.3991606807678188,0.797959413727223,0.0003619478,impossible_travel,0.4975,0,21,5,1,1,2806.53017859622,1,0,0,0,0.0,0.04,3,5,2.424875935971691,3,0.9357191553291426,5,Flagged due to geo-velocity (2807 km/h) + rare command sequence (rarity=0.94) + impossible travel detected
SES_0008754,USR_0046,user,2026-01-10 21:58:41,normal,0.416490416136158,0.8328701318732251,0.0001107004,impossible_travel,0.5078,0,21,5,1,1,4262.74021941314,1,0,0,0,0.0,0.04,3,5,0.6827509982911231,3,0.9359645646323248,5,Flagged due to geo-velocity (4263 km/h) + rare command sequence (rarity=0.94) + impossible travel detected
SES_0019643,USR_0046,user,2026-01-23 12:26:23,normal,0.370381904892499,0.740661457055698,0.00010235273,low_and_slow_exfiltration,0.4396,0,12,4,0,0,967.3224883030816,1,1,0,0,0.0,0.0,2,5,0.3052385053549992,2,0.9350955071294056,5,Flagged due to hour of day + command sequence length + rare command sequence (rarity=0.94)
SES_0031292,USR_0046,user,2026-02-06 10:44:15,normal,0.3598961190358178,0.7195574901985986,0.00023474787,impossible_travel,0.4178,0,10,4,0,0,1483.920239349863,1,0,0,0,0.1,0.1,2,4,0.2782776995038912,1,0.9362200988772886,5,Flagged due to geo-velocity (1484 km/h) + rare command sequence (rarity=0.94) + impossible travel detected
SES_0035296,USR_0046,user,2026-02-10 21:11:47,normal,0.3593507850968983,0.7184939734733675,0.00020759672,brute_force,0.3864,0,21,1,0,1,0.0,0,1,0,0,0.1,0.06,2,2,0.8717094574640987,1,0.9358367975098428,5,Flagged due to command sequence length + weekend access + new device fingerprint
SES_0045017,USR_0046,user,2026-02-22 11:56:07,normal,0.3906740120568744,0.781289142251689,5.8881862e-05,impossible_travel,0.3675,0,11,6,1,0,4731.966643770909,1,1,0,0,0.0,0.0,2,3,0.4631288556273374,4,0.9353533315397722,5,Flagged due to geo-velocity (4732 km/h) + rare command sequence (rarity=0.94) + impossible travel detected
SES_0073510,USR_0046,user,2026-03-26 21:59:21,normal,0.3884723177633385,0.7767686159675283,0.00017601956,low_and_slow_exfiltration,0.4606,0,21,3,0,1,3006.6359225950546,1,0,0,0,0.1,0.04,2,4,-1.5162897292752295,1,0.9351208194838594,5,Flagged due to hour of day + new device fingerprint + rare command sequence (rarity=0.94)
SES_0000176,USR_0047,user,2026-01-01 09:05:27,normal,0.3840684388715541,0.7674277157658246,0.000709162,low_and_slow_exfiltration,0.3114,0,9,3,0,0,0.0,0,0,0,1,0.25,0.25,2,2,-1.226300838733253,1,0.9356328522539566,0,Flagged due to hour of day + new device fingerprint + anomalous session duration (z=-1.2)
SES_0003570,USR_0047,user,2026-01-05 07:32:08,normal,0.4101598663134543,0.8202168115943872,0.00010292103,impossible_travel,0.5278,0,7,0,0,0,34025.38939389385,1,0,0,0,0.0,0.025,2,4,1.218827438040874,1,0.9351526407294588,0,Flagged due to geo-velocity (34025 km/h) + impossible travel detected + new device fingerprint
SES_0008927,USR_0047,user,2026-01-11 09:01:49,normal,0.4138927792788217,0.8274151634206464,0.00037039514,impossible_travel,0.5547,0,9,6,1,0,41691.86042754695,1,0,0,0,0.1,0.02,2,4,0.6617399419866055,2,0.9354231213170524,0,Flagged due to geo-velocity (41692 km/h) + rare command sequence (rarity=0.94) + impossible travel detected
SES_0034289,USR_0047,user,2026-02-09 17:56:03,normal,0.3935365984128759,0.7868574939609447,0.00021570286,impossible_travel,0.5256,0,17,0,0,0,20795.37405153059,1,0,0,0,0.1,0.04,2,3,1.4472478854911466,3,0.9355407634977528,0,Flagged due to geo-velocity (20795 km/h) + rare command sequence (rarity=0.94) + impossible travel detected
SES_0051301,USR_0047,user,2026-03-01 16:34:54,normal,0.3672369423979148,0.7343151663142862,0.00015871848,impossible_travel,0.5889,0,16,6,1,0,4869.366840492696,1,0,0,0,0.1,0.06,5,5,1.7906180407934378,6,0.9353230772494486,0,Flagged due to geo-velocity (4869 km/h) + impossible travel detected + rare command sequence (rarity=0.94)
SES_0059076,USR_0047,user,2026-03-10 16:35:50,normal,0.4063212301325876,0.8125418306354334,0.00010062963,low_and_slow_exfiltration,0.4818,0,16,1,0,0,20905.108535441563,1,0,0,0,0.0,0.0,3,4,0.8334073975803821,1,0.9350701947749516,0,Flagged due to hour of day + rare command sequence (rarity=0.94) + new device fingerprint
SES_0076725,USR_0047,user,2026-03-30 16:45:26,normal,0.4140274109927807,0.8280015376450233,5.328434e-05,low_and_slow_exfiltration,0.4014,0,16,0,0,0,12765.23124691176,1,0,0,0,0.0,0.02,2,9,1.3628075895082374,1,0.9351526407294588,0,Flagged due to hour of day + new device fingerprint + anomalous session duration (z=1.4)
SES_0000096,USR_0048,user,2026-01-01 07:40:57,normal,0.485386146145856,0.9700846560313032,0.00068763626,brute_force,0.3258,0,7,3,0,0,0.0,0,1,0,1,1.0,1.0,1,1,0.0,7,0.9356309925707724,1,Flagged due to high auth failure rate (100%) + failed auth rate (last 50) + new device fingerprint
SES_0000121,USR_0048,user,2026-01-01 07:58:18,normal,0.4396273825889789,0.8789994496424888,0.00025531554,lateral_movement,0.4968,0,7,3,0,0,0.0,0,0,0,1,0.5,0.5,2,2,67.32999999999993,12,0.9353053586013308,1,Flagged due to rare command sequence (rarity=0.94) + new device fingerprint + command sequence length
SES_0000170,USR_0048,user,2026-01-01 08:59:09,normal,0.3803028502433469,0.758978490890358,0.0016272096,lateral_movement,0.528,0,8,3,0,0,0.0,0,0,0,1,0.3333333333333333,0.3333333333333333,3,3,11.827786576202673,9,0.9354354962458966,1,Flagged due to rare command sequence (rarity=0.94) + new device fingerprint + command sequence length
SES_0000891,USR_0048,user,2026-01-01 21:43:52,normal,0.3618895422944045,0.7205932482233627,0.0031858364,lateral_movement,0.5018,0,21,3,0,1,89.2253776683694,0,0,0,1,0.1666666666666666,0.1666666666666666,4,4,-3.154996470436409,13,0.935671794337732,1,Flagged due to rare command sequence (rarity=0.94) + new device fingerprint + command sequence length
SES_0008916,USR_0048,user,2026-01-11 08:47:28,normal,0.3757407915534447,0.7502104281425467,0.001271155,impossible_travel,0.8307,0,8,6,1,0,15622.922694164105,1,0,0,0,0.1,0.06,3,4,0.7705684166742466,11,0.935576836342282,1,Flagged due to geo-velocity (15623 km/h) + rare command sequence (rarity=0.94) + impossible travel detected
SES_0012719,USR_0048,user,2026-01-15 13:26:34,normal,0.3728522636963172,0.7452028352139752,0.0005016922,impossible_travel,0.6175,0,13,3,0,0,25159.01917147004,1,0,0,0,0.1,0.04,3,4,-0.9596670051173946,10,0.9353094326850476,1,Flagged due to geo-velocity (25159 km/h) + rare command sequence (rarity=0.94) + impossible travel detected
SES_0014848,USR_0048,user,2026-01-17 21:49:26,normal,0.3626800875127166,0.7246552221023179,0.0007049529,impossible_travel,0.6223,0,21,5,1,1,7379.44352931346,1,0,0,0,0.0,0.04,4,5,0.1409793389059898,12,0.9354613309187758,1,Flagged due to geo-velocity (7379 km/h) + rare command sequence (rarity=0.94) + impossible travel detected
SES_0028465,USR_0048,user,2026-02-02 21:22:10,normal,0.3666260186129167,0.7322765934770762,0.00097544375,impossible_travel,0.5965,0,21,0,0,1,1880.470250333226,1,0,0,0,0.2,0.08,3,4,-0.024865016697359,9,0.9355870489458972,1,Flagged due to geo-velocity (1880 km/h) + rare command sequence (rarity=0.94) + impossible travel detected
SES_0002262,USR_0049,user,2026-01-03 15:50:14,normal,0.3646196058117624,0.7286495580067538,0.0005896536,impossible_travel,0.5962,0,15,5,1,0,13350.539447681,1,0,0,0,0.0,0.0,4,4,-0.7879842536351314,10,0.93560508098507,4,Flagged due to geo-velocity (13351 km/h) + rare command sequence (rarity=0.94) + impossible travel detected
SES_0033895,USR_0049,user,2026-02-09 10:38:35,normal,0.3818606534023755,0.763305532946202,0.00041577386,impossible_travel,0.4744,0,10,0,0,0,16701.54456368358,1,0,0,0,0.0,0.08,6,8,-0.2800398532752768,11,0.9353782822891624,4,Flagged due to geo-velocity (16702 km/h) + impossible travel detected + rare command sequence (rarity=0.94)
SES_0035559,USR_0049,user,2026-02-11 10:02:20,normal,0.3718056371815139,0.7429035185082089,0.00070775585,impossible_travel,0.5792,0,10,2,0,0,20485.664835545995,1,0,0,0,0.1,0.08,4,7,0.1353684339552776,13,0.9355873456474878,4,Flagged due to geo-velocity (20486 km/h) + impossible travel detected + rare command sequence (rarity=0.94)
SES_0001913,USR_0050,user,2026-01-03 09:15:20,normal,0.3902403684506653,0.7785778778254044,0.0019028591,impossible_travel,0.3786,0,9,5,1,0,1697.2229503900044,1,1,0,0,0.0,0.0,5,5,2.486917470588867,14,0.9354429579376856,1,Flagged due to geo-velocity (1697 km/h) + impossible travel detected + rare command sequence (rarity=0.94)
SES_0001916,USR_0050,user,2026-01-03 09:17:31,normal,0.3662514036147447,0.731320153521106,0.0011826537,impossible_travel,0.622,0,9,5,1,0,11004.382585070422,1,0,0,0,0.0,0.0,4,5,0.5143472737779854,14,0.9354323164172418,1,Flagged due to geo-velocity (11004 km/h) + rare command sequence (rarity=0.94) + impossible travel detected
SES_0006830,USR_0050,user,2026-01-08 17:51:03,normal,0.4343990850893277,0.8633276651943959,0.005470505,impossible_travel,0.484,0,17,3,0,0,10818.742306521155,1,0,0,1,0.0,0.0204081632653061,6,7,-0.955350913479589,15,0.935656091406046,1,Flagged due to geo-velocity (10819 km/h) + impossible travel detected + rare command sequence (rarity=0.94)
SES_0033309,USR_0050,user,2026-02-08 16:13:23,normal,0.424623726099796,0.3809972073437113,0.46825024,lateral_movement,0.5749,0,16,6,1,0,0.0,0,0,0,0,0.0,0.02,6,7,1.3090280442826778,20,0.9354082955094436,1,Flagged due to rare command sequence (rarity=0.94) + new device fingerprint + resource diversity spike (6 unique resources)
SES_0035949,USR_0050,user,2026-02-11 18:10:38,normal,0.3586943007260502,0.5379954887926461,0.17939311,impossible_travel,0.595,0,18,2,0,0,1031.014130428798,1,0,0,0,0.1,0.06,4,7,-1.1994108962104202,18,0.9354250498773916,1,Flagged due to geo-velocity (1031 km/h) + impossible travel detected + rare command sequence (rarity=0.94)
SES_0044865,USR_0050,user,2026-02-22 09:03:19,normal,0.4208883141657334,0.832315206811949,0.0094614215,impossible_travel,0.5572,0,9,6,1,0,25834.27687693328,1,0,0,0,0.0,0.02,5,8,0.9310743867199958,17,0.9353442488714092,1,Flagged due to geo-velocity (25834 km/h) + impossible travel detected + rare command sequence (rarity=0.94)
SES_0047089,USR_0050,user,2026-02-24 18:36:39,normal,0.3588951712259382,0.7151616784314275,0.002628664,impossible_travel,0.5159,0,18,1,0,0,8001.729985445942,1,0,0,0,0.0,0.0,6,7,0.3975874127384189,16,0.9354111883499528,1,Flagged due to geo-velocity (8002 km/h) + impossible travel detected + rare command sequence (rarity=0.94)
SES_0052219,USR_0050,user,2026-03-02 17:35:14,normal,0.3733084297959761,0.2050271822581204,0.5415897,lateral_movement,0.448,0,17,0,0,0,0.0,0,0,0,0,0.1,0.04,3,5,-0.75363524948037,19,0.9355950930725756,1,Flagged due to rare command sequence (rarity=0.94) + command sequence length + new device fingerprint
SES_0061689,USR_0050,user,2026-03-13 16:57:00,normal,0.3834451225389249,0.7552841860407009,0.011606059,impossible_travel,0.4958,0,16,4,0,0,17038.812367830084,1,0,0,0,0.0,0.06,6,8,0.3417970961526094,16,0.9355632432792084,1,Flagged due to geo-velocity (17039 km/h) + impossible travel detected + rare command sequence (rarity=0.94)
SES_0070159,USR_0050,user,2026-03-23 10:04:19,normal,0.3705216666439329,0.7375974418572643,0.0034458914,impossible_travel,0.3847,0,10,0,0,0,4381.103504611847,1,1,0,0,0.0,0.0,5,6,1.3011245291405271,14,0.9356081597938976,1,Flagged due to geo-velocity (4381 km/h) + impossible travel detected + rare command sequence (rarity=0.94)
SES_0073720,USR_0050,user,2026-03-27 09:32:03,normal,0.3598394373781032,0.7153267135610774,0.004352161,impossible_travel,0.3462,0,9,4,0,0,1308.3855243192515,1,1,0,0,0.0,0.06,6,7,-1.6755733777545914,16,0.935536303701968,1,Flagged due to geo-velocity (1308 km/h) + impossible travel detected + rare command sequence (rarity=0.94)
SES_0000003,USR_0051,user,2026-01-01 06:03:59,normal,0.3859979347413197,0.7715070566220723,0.00048881286,device_spoofing,0.3911,0,6,3,0,1,0.0,0,1,0,1,0.0,0.0,1,1,0.0,10,0.9353996893089294,5,Flagged due to new device fingerprint + command sequence length + rare command sequence (rarity=0.94)
SES_0020104,USR_0052,user,2026-01-23 21:16:12,normal,0.3816497103859766,0.7629512522593799,0.0003481685,impossible_travel,0.5343,0,21,4,0,1,9580.795769749937,1,0,0,0,0.0,0.04,3,4,-1.0099775364454942,4,0.9357391641426632,2,Flagged due to geo-velocity (9581 km/h) + rare command sequence (rarity=0.94) + impossible travel detected
SES_0034062,USR_0052,user,2026-02-09 13:48:01,normal,0.3601943211686959,0.7201271702358356,0.0002614721,impossible_travel,0.5218,0,13,0,0,0,21350.54114550853,1,0,0,0,0.1,0.02,3,6,1.0826606999854562,2,0.9355250939449956,2,Flagged due to geo-velocity (21351 km/h) + rare command sequence (rarity=0.94) + impossible travel detected
SES_0032937,USR_0053,user,2026-02-08 08:43:40,normal,0.3585621697654809,0.71593569427521,0.0011886453,impossible_travel,0.7991,0,8,6,1,0,12992.047129868391,1,0,0,0,0.0,0.02,5,6,1.4555230911664123,8,0.935548959879195,2,Flagged due to geo-velocity (12992 km/h) + impossible travel detected + rare command sequence (rarity=0.94)
SES_0050734,USR_0053,user,2026-03-01 06:39:40,normal,0.4529586911150404,0.9055917246863546,0.00032565754,impossible_travel,0.7374,0,6,6,1,1,12949.96088860802,1,0,0,0,0.0,0.06,5,9,-2.311191820650356,6,0.9353182558486004,2,Flagged due to geo-velocity (12950 km/h) + impossible travel detected + rare command sequence (rarity=0.94)
SES_0054274,USR_0053,user,2026-03-05 08:16:30,impossible_travel,0.3935583046073083,0.7864097760094308,0.0007068332,impossible_travel,0.9657,0,8,3,0,0,76775.53614615092,1,0,0,0,0.0,0.02,4,7,-4.034584721123528,5,0.9352544687153764,2,Flagged due to geo-velocity (76776 km/h) + rare command sequence (rarity=0.94) + command sequence length
SES_0065500,USR_0053,user,2026-03-18 06:29:42,normal,0.3694140484640057,0.7385343607565684,0.00029373617,impossible_travel,0.5547,0,6,2,0,1,1969.716004956316,1,1,0,0,0.0,0.0,4,7,-1.1217008506031028,6,0.935531120696056,2,Flagged due to geo-velocity (1970 km/h) + impossible travel detected + rare command sequence (rarity=0.94)
SES_0000685,USR_0054,user,2026-01-01 17:52:57,normal,0.3730118872636466,0.7426766088775364,0.0033471656,impossible_travel,0.6146,0,17,3,0,0,26466.768021906668,1,0,0,0,0.0,0.0,4,4,0.8172432665225106,15,0.9354230248890356,1,Flagged due to geo-velocity (26467 km/h) + rare command sequence (rarity=0.94) + impossible travel detected
SES_0000876,USR_0054,user,2026-01-01 21:26:36,normal,0.450865311453216,0.7125762661883687,0.18915436,impossible_travel,0.6047,0,21,3,0,1,1699.1982717669805,1,0,0,0,0.1,0.0833333333333333,4,4,-0.5464724331059571,17,0.9354989307550976,1,Flagged due to geo-velocity (1699 km/h) + rare command sequence (rarity=0.94) + impossible travel detected
SES_0008733,USR_0054,user,2026-01-10 21:42:37,normal,0.3909612570169748,0.780852044765352,0.0010704693,lateral_movement,0.3575,0,21,5,1,1,0.0,0,1,0,0,0.1,0.04,6,13,0.1699576333878739,13,0.935633631095632,1,Flagged due to rare command sequence (rarity=0.94) + resource diversity spike (6 unique resources) + spoofed device
SES_0011389,USR_0054,user,2026-01-13 21:55:13,normal,0.3692018753180436,0.4399215709943637,0.29848218,lateral_movement,0.6255,0,21,1,0,1,0.0,0,0,0,0,0.1,0.08,5,8,-0.6404813562180536,19,0.9355328970016316,1,Flagged due to rare command sequence (rarity=0.94) + new device fingerprint + command sequence length
SES_0061519,USR_0054,user,2026-03-13 13:51:29,normal,0.3653826947711862,0.7293989333867072,0.0013664562,impossible_travel,0.3767,0,13,4,0,0,6708.735336473432,1,1,0,0,0.0,0.02,5,7,-0.6963201109497403,14,0.9356345053056762,1,Flagged due to geo-velocity (6709 km/h) + impossible travel detected + rare command sequence (rarity=0.94)
SES_0066335,USR_0054,user,2026-03-18 21:09:54,normal,0.3764071446968244,0.7484771830279384,0.0043371064,impossible_travel,0.6188,0,21,2,0,1,13025.2105251945,1,0,0,0,0.0,0.02,4,6,0.058905203900418,15,0.9355467420348048,1,Flagged due to geo-velocity (13025 km/h) + impossible travel detected + rare command sequence (rarity=0.94)
SES_0072660,USR_0054,user,2026-03-25 21:48:01,normal,0.3647239479569434,0.72606717587592,0.00338072,impossible_travel,0.6206,0,21,2,0,1,5468.291935947267,1,0,0,0,0.0,0.04,4,5,1.6560415078031796,15,0.9354872459483358,1,Flagged due to geo-velocity (5468 km/h) + impossible travel detected + rare command sequence (rarity=0.94)
SES_0002805,USR_0055,user,2026-01-04 09:33:34,normal,0.391522159698269,0.782498794462697,0.00054552493,impossible_travel,0.54,0,9,6,1,0,24253.431146927505,1,0,0,0,0.0,0.0,6,7,-0.4202531745833084,7,0.935545653775756,1,Flagged due to geo-velocity (24253 km/h) + impossible travel detected + rare command sequence (rarity=0.94)
SES_0013327,USR_0055,user,2026-01-16 09:15:25,normal,0.3783530838989056,0.7557049066231324,0.0010012612,impossible_travel,0.5813,0,9,4,0,0,41801.24136865173,1,0,0,0,0.1,0.04,5,5,-1.0057946194325933,11,0.9353815696079228,1,Flagged due to geo-velocity (41801 km/h) + impossible travel detected + rare command sequence (rarity=0.94)
SES_0010754,USR_0056,user,2026-01-13 09:48:57,normal,0.3637135446873116,0.7259202763877054,0.001506813,impossible_travel,0.4962,0,9,1,0,0,13742.74788914001,1,0,0,0,0.0,0.02,6,8,0.9250085065299152,13,0.9353800624987064,2,Flagged due to geo-velocity (13743 km/h) + impossible travel detected + rare command sequence (rarity=0.94)
SES_0019543,USR_0056,user,2026-01-23 10:37:35,normal,0.3618971261209894,0.7233543767156252,0.00043987553,impossible_travel,0.508,0,10,4,0,0,2731.709760341816,1,0,0,0,0.3,0.12,5,5,0.2665236177377234,12,0.93540395624868,2,Flagged due to geo-velocity (2732 km/h) + impossible travel detected + rare command sequence (rarity=0.94)
SES_0038543,USR_0056,user,2026-02-14 17:39:39,normal,0.3922634063105836,0.7836630873016625,0.0008637253,impossible_travel,0.6127,0,17,5,1,0,30537.339692174104,1,0,0,0,0.0,0.0,4,7,1.63143175233992,12,0.9353616484562356,2,Flagged due to geo-velocity (30537 km/h) + rare command sequence (rarity=0.94) + impossible travel detected
SES_0038546,USR_0056,user,2026-02-14 17:40:33,normal,0.3800626450432321,0.7592254796260681,0.00089981046,impossible_travel,0.5728,0,17,5,1,0,30537.339692174104,1,0,0,0,0.0,0.0,5,6,0.0394435830314465,12,0.9355897007163636,2,Flagged due to geo-velocity (30537 km/h) + impossible travel detected + rare command sequence (rarity=0.94)
SES_0040182,USR_0056,user,2026-02-16 17:11:55,normal,0.3637854971753122,0.7266791589800577,0.00089183537,impossible_travel,0.5264,0,17,0,0,0,13752.128203202412,1,0,0,0,0.1,0.02,6,6,-0.5364627982037253,11,0.9354296959545728,2,Flagged due to geo-velocity (13752 km/h) + impossible travel detected + rare command sequence (rarity=0.94)
SES_0057510,USR_0056,user,2026-03-08 19:44:23,normal,0.3856192478449955,0.770829007007356,0.00040948868,impossible_travel,0.6399,0,19,6,1,0,9847.159242279828,1,0,0,0,0.2,0.04,4,5,0.391724260374918,9,0.935508299398707,2,Flagged due to geo-velocity (9847 km/h) + rare command sequence (rarity=0.94) + impossible travel detected
SES_0034687,USR_0057,user,2026-02-10 09:47:54,normal,0.4697518078692754,0.9388357303270202,0.0006678854,impossible_travel,0.3314,0,9,1,0,0,41734.04290818537,1,1,0,1,0.0,0.02,4,5,-1.2719968096062264,3,0.9353522467245812,2,Flagged due to geo-velocity (41734 km/h) + rare command sequence (rarity=0.94) + impossible travel detected
SES_0000035,USR_0058,user,2026-01-01 06:48:35,normal,0.3800251241065702,0.7594613231234534,0.0005889251,device_spoofing,0.4371,0,6,3,0,1,0.0,0,1,0,1,0.0,0.0,1,1,0.0,11,0.9353251592179967,2,Flagged due to new device fingerprint + command sequence length + rare command sequence (rarity=0.94)
SES_0020969,USR_0058,user,2026-01-24 21:22:57,normal,0.4003982679431754,0.8003651990163995,0.00043133687,impossible_travel,0.5246,0,21,5,1,1,989.707655920999,1,0,0,0,0.3,0.06,5,6,0.1998828616105017,6,0.9357169856987608,2,Flagged due to geo-velocity (990 km/h) + impossible travel detected + rare command sequence (rarity=0.94)
SES_0021044,USR_0058,user,2026-01-25 06:48:05,normal,0.363518304217085,0.7264926505087684,0.0005439579,impossible_travel,0.7567,0,6,6,1,1,1179.6672892033062,1,0,0,0,0.1,0.06,5,6,1.0377515325992055,9,0.9355330492563954,2,Flagged due to geo-velocity (1180 km/h) + impossible travel detected + rare command sequence (rarity=0.94)
SES_0032826,USR_0058,user,2026-02-08 06:59:08,normal,0.411208663448497,0.8221100992665931,0.00030722763,impossible_travel,0.8536,0,6,6,1,1,2148.8868205734093,1,0,0,0,0.0,0.06,3,11,-2.0233086460878336,5,0.935249550886511,2,Flagged due to geo-velocity (2149 km/h) + command sequence length + rare command sequence (rarity=0.94)
SES_0041215,USR_0058,user,2026-02-17 21:02:59,normal,0.3933463232472563,0.7860203029582326,0.00067234354,impossible_travel,0.5706,0,21,1,0,1,26540.44880108413,1,0,0,0,0.0,0.02,5,6,-0.5442774409672183,9,0.9354480318881024,2,Flagged due to geo-velocity (26540 km/h) + impossible travel detected + rare command sequence (rarity=0.94)
SES_0049885,USR_0058,user,2026-02-28 06:26:52,normal,0.4222271197254179,0.8437190215126361,0.00073521794,impossible_travel,0.8232,0,6,5,1,1,8556.48271082741,1,0,0,0,0.0,0.1,4,6,1.6972536166689167,8,0.9355355804918408,2,Flagged due to geo-velocity (8556 km/h) + impossible travel detected + rare command sequence (rarity=0.94)
SES_0049895,USR_0058,user,2026-02-28 06:43:14,normal,0.4097680653191692,0.8187014393583051,0.0008346913,impossible_travel,0.5388,0,6,5,1,1,1028.172056901868,1,1,0,0,0.0,0.1,4,6,1.2481032557456444,10,0.93549283877332,2,Flagged due to geo-velocity (1028 km/h) + impossible travel detected + rare command sequence (rarity=0.94)
SES_0056770,USR_0058,user,2026-03-08 06:35:41,normal,0.4726867870535506,0.9440571562835556,0.0013164178,impossible_travel,0.7847,0,6,6,1,1,16095.405252356744,1,0,0,0,0.1,0.14,4,5,1.353503468145223,7,0.935833698037869,2,Flagged due to geo-velocity (16095 km/h) + rare command sequence (rarity=0.94) + impossible travel detected
SES_0058610,USR_0058,user,2026-03-10 07:45:55,normal,0.3888770540585049,0.7767370803496347,0.0010170278,impossible_travel,0.7336,0,7,1,0,0,14474.462833711332,1,0,0,0,0.1,0.12,5,5,-1.3305723501583906,12,0.93557837042437,2,Flagged due to geo-velocity (14474 km/h) + impossible travel detected + rare command sequence (rarity=0.94)
SES_0000077,USR_0059,user,2026-01-01 07:23:32,normal,0.4621832109073572,0.923613819634714,0.0007526022,lateral_movement,0.3721,0,7,3,0,0,0.0,0,0,0,1,0.5,0.5,2,2,-184.5900000000001,3,0.9351921762164154,1,Flagged due to rare command sequence (rarity=0.94) + new device fingerprint + geo-velocity (0 km/h)
SES_0014914,USR_0059,user,2026-01-18 07:12:36,normal,0.440999601898631,0.880352010579612,0.0016471932,impossible_travel,0.7118,0,7,6,1,0,24752.406065892963,1,0,0,1,0.0,0.04,4,6,0.161621665983022,2,0.935351523514454,1,Flagged due to geo-velocity (24752 km/h) + rare command sequence (rarity=0.94) + impossible travel detected
SES_0014920,USR_0059,user,2026-01-18 07:16:24,normal,0.3631712950612849,0.7263154674607929,2.7122662e-05,low_and_slow_exfiltration,0.2886,0,7,6,1,0,6459.860002611383,1,0,0,0,0.0,0.04,4,6,-0.3146472251991046,1,0.9351208194838594,1,Flagged due to rare command sequence (rarity=0.94) + new device fingerprint + anomalous session duration (z=-0.3)
SES_0076534,USR_0059,user,2026-03-30 13:34:44,normal,0.3950760315739406,0.7900644895910697,8.757356e-05,impossible_travel,0.4249,0,13,0,0,0,26107.358691194084,1,0,0,0,0.1,0.02,3,4,0.6770760461982995,1,0.9352119439598936,1,Flagged due to geo-velocity (26107 km/h) + rare command sequence (rarity=0.94) + impossible travel detected
SES_0001819,USR_0060,user,2026-01-03 07:40:25,normal,0.4022312724203004,0.802765820395973,0.0016967244,impossible_travel,0.5132,0,7,5,1,0,2957.798484185863,1,1,0,0,0.0,0.0,3,4,-1.601652251662238,14,0.9352797190803908,5,Flagged due to geo-velocity (2958 km/h) + rare command sequence (rarity=0.94) + impossible travel detected
SES_0003926,USR_0060,user,2026-01-05 13:45:01,normal,0.5067087081879323,0.968006153714646,0.045411263,impossible_travel,0.3635,0,13,0,0,0,11387.021790793442,1,1,0,1,0.0,0.0,4,5,-1.0701433391355937,17,0.9354391170233964,5,Flagged due to geo-velocity (11387 km/h) + impossible travel detected + rare command sequence (rarity=0.94)
SES_0030846,USR_0060,user,2026-02-05 18:20:59,normal,0.4383275349140138,0.8756859388165118,0.000969131,impossible_travel,0.5057,0,18,3,0,0,15843.02362633868,1,0,0,0,0.3,0.1,3,4,0.0880147248745769,14,0.9352091544351172,5,Flagged due to geo-velocity (15843 km/h) + impossible travel detected + rare command sequence (rarity=0.94)
SES_0030852,USR_0060,user,2026-02-05 18:28:07,normal,0.359897421452135,0.7191781946698431,0.00061664823,impossible_travel,0.5155,0,18,3,0,0,2220.9846205147683,1,0,0,0,0.3,0.1,3,4,-1.030459952082292,13,0.9355259284182192,5,Flagged due to geo-velocity (2221 km/h) + rare command sequence (rarity=0.94) + impossible travel detected
SES_0035755,USR_0060,user,2026-02-11 14:00:00,normal,0.3808340243208928,0.7075563369608966,0.05411171,impossible_travel,0.585,0,14,2,0,0,6736.004445020269,1,0,0,0,0.1,0.08,2,5,-1.547910519623738,16,0.935427460577816,5,Flagged due to geo-velocity (6736 km/h) + rare command sequence (rarity=0.94) + impossible travel detected
SES_0050801,USR_0060,user,2026-03-01 07:42:39,normal,0.3799022174205195,0.7575778583991402,0.0022265764,impossible_travel,0.5285,0,7,6,1,0,2075.675251142421,1,1,0,0,0.0,0.0,4,6,-1.0363973362404488,14,0.9355151756346788,5,Flagged due to geo-velocity (2076 km/h) + impossible travel detected + rare command sequence (rarity=0.94)
SES_0066004,USR_0060,user,2026-03-18 14:42:46,normal,0.3671100041308474,0.4575643044786596,0.2766557,device_spoofing,0.3332,0,14,2,0,0,0.0,0,1,0,0,0.1,0.08,3,3,-0.531292504254995,18,0.9354422462070844,5,Flagged due to new device fingerprint + command sequence length + rare command sequence (rarity=0.94)
SES_0077682,USR_0060,user,2026-03-31 18:24:20,normal,0.4262080020009955,0.6075250757335585,0.24489093,impossible_travel,0.5754,0,18,1,0,0,3282.001684905254,1,0,0,0,0.0,0.02,4,5,0.479966274893715,19,0.9354145189229072,5,Flagged due to geo-velocity (3282 km/h) + impossible travel detected + rare command sequence (rarity=0.94)
SES_0000054,USR_0061,user,2026-01-01 07:07:09,normal,0.3653053901005966,0.7287901593533272,0.0018206208,device_spoofing,0.3186,0,7,3,0,0,0.0,0,1,0,1,0.0,0.0,1,1,0.0,4,0.9359402165580404,3,Flagged due to new device fingerprint + rare command sequence (rarity=0.94) + geo-velocity (0 km/h)
SES_0005258,USR_0061,user,2026-01-06 21:59:42,normal,0.3893133163100548,0.7784674356133858,0.000159197,impossible_travel,0.3799,0,21,1,0,1,2361.305758761863,1,0,0,0,0.1,0.027027027027027,6,6,-0.7364242326250751,1,0.9351859083953123,3,Flagged due to geo-velocity (2361 km/h) + impossible travel detected + rare command sequence (rarity=0.94)
SES_0011053,USR_0061,user,2026-01-13 15:14:04,normal,0.4186809121591596,0.8366672277604412,0.00069459656,impossible_travel,0.4673,0,15,1,0,0,5908.00233555821,1,0,0,1,0.0,0.0,7,7,1.5165187608662614,6,0.9355147279331716,3,Flagged due to geo-velocity (5908 km/h) + impossible travel detected + rare command sequence (rarity=0.94)
SES_0022704,USR_0061,user,2026-01-26 21:58:37,normal,0.3907072359932535,0.7794094380929963,0.002005034,lateral_movement,0.4015,0,21,0,0,1,0.0,0,0,0,1,0.1,0.1,5,7,-0.422449851882806,1,0.9362200988772886,3,Flagged due to rare command sequence (rarity=0.94) + new device fingerprint + geo-velocity (0 km/h)
SES_0072659,USR_0061,user,2026-03-25 21:47:43,normal,0.4032724917754534,0.806387610961451,0.00015737259,impossible_travel,0.5169,0,21,2,0,1,5902.005000019252,1,0,0,0,0.2,0.1,4,6,-1.5088659691793878,2,0.9355113529525776,3,Flagged due to geo-velocity (5902 km/h) + rare command sequence (rarity=0.94) + impossible travel detected
SES_0000037,USR_0062,user,2026-01-01 06:49:37,normal,0.4030368655222062,0.8033232220915266,0.002750509,lateral_movement,0.2547,0,6,3,0,1,0.0,0,1,0,1,0.0,0.0,1,1,0.0,3,0.9353426039228846,5,Flagged due to rare command sequence (rarity=0.94) + new resource accessed + geo-velocity (0 km/h)
SES_0032239,USR_0062,user,2026-02-07 12:06:08,normal,0.3626754116427175,0.7244733446598097,0.0008774786,impossible_travel,0.5884,0,12,5,1,0,6325.996420639018,1,0,0,0,0.0,0.0,4,4,3.048782809559378,9,0.93538599653052,5,Flagged due to geo-velocity (6326 km/h) + rare command sequence (rarity=0.94) + impossible travel detected
SES_0071803,USR_0062,user,2026-03-25 06:58:14,normal,0.4150210684867906,0.8294692836593567,0.0005728533,impossible_travel,0.7183,0,6,2,0,1,24031.09760839672,1,0,0,0,0.0,0.0,3,7,-0.7155181086232528,4,0.9354737460259605,5,Flagged due to geo-velocity (24031 km/h) + rare command sequence (rarity=0.94) + impossible travel detected
SES_0002322,USR_0063,user,2026-01-03 16:42:35,normal,0.3636696766493349,0.7270593208404204,0.00028003246,impossible_travel,0.699,0,16,5,1,0,20685.289239557183,1,0,0,0,0.0,0.0,4,4,1.1093561932066247,5,0.9354705639014004,0,Flagged due to geo-velocity (20685 km/h) + rare command sequence (rarity=0.94) + command sequence length
SES_0003068,USR_0063,user,2026-01-04 14:03:49,normal,0.3956235312394597,0.791186198562332,6.0863917e-05,impossible_travel,0.5338,0,14,6,1,0,13423.3176606425,1,0,0,0,0.0,0.0,4,4,-2.2841343224784625,4,0.9353168094283458,0,Flagged due to geo-velocity (13423 km/h) + rare command sequence (rarity=0.94) + impossible travel detected
SES_0013102,USR_0063,user,2026-01-15 20:43:13,normal,0.3999004452600583,0.7993601191778614,0.00044077134,impossible_travel,0.5375,0,20,3,0,0,11798.132495576248,1,0,0,0,0.2,0.12,5,8,-0.1761366673382499,6,0.9356075398995028,0,Flagged due to geo-velocity (11798 km/h) + impossible travel detected + rare command sequence (rarity=0.94)
SES_0013107,USR_0063,user,2026-01-15 20:53:14,normal,0.4159208178201279,0.8313715632890927,0.00047007235,impossible_travel,0.5009,0,20,3,0,0,2139.76113480501,1,0,0,0,0.2,0.12,6,8,2.042452251480951,7,0.9359175904126308,0,Flagged due to geo-velocity (2140 km/h) + impossible travel detected + rare command sequence (rarity=0.94)
SES_0000012,USR_0064,user,2026-01-01 06:12:19,normal,0.3733186069925092,0.7456371244141385,0.0010000896,device_spoofing,0.4453,0,6,3,0,1,0.0,0,1,0,1,0.0,0.0,1,1,0.0,12,0.9354647058993696,3,Flagged due to new device fingerprint + command sequence length + rare command sequence (rarity=0.94)
SES_0002619,USR_0064,user,2026-01-04 06:37:39,normal,0.3688016431177786,0.7362461671707791,0.0013571191,impossible_travel,0.8313,0,6,6,1,1,2045.4081103198887,1,0,0,0,0.0,0.0,2,2,0.5338387366559787,14,0.9355399714104704,3,Flagged due to geo-velocity (2045 km/h) + rare command sequence (rarity=0.94) + impossible travel detected
SES_0002627,USR_0064,user,2026-01-04 06:54:04,normal,0.3675497809878977,0.7344172243005519,0.0006823377,impossible_travel,0.8305,0,6,6,1,1,1974.8051907758525,1,0,0,0,0.0,0.0,2,2,0.8972740853964233,11,0.9354770333447208,3,Flagged due to geo-velocity (1975 km/h) + rare command sequence (rarity=0.94) + impossible travel detected
SES_0008882,USR_0064,user,2026-01-11 08:02:58,normal,0.456568027691082,0.9112838773673492,0.001852178,impossible_travel,0.5718,0,8,6,1,0,28234.79286143817,1,1,0,0,0.1,0.06,2,3,0.3898965891777682,14,0.9355303630473512,3,Flagged due to geo-velocity (28235 km/h) + rare command sequence (rarity=0.94) + impossible travel detected
SES_0025190,USR_0064,user,2026-01-30 06:03:49,normal,0.4096459677772844,0.8184738188477728,0.0008181167,impossible_travel,0.8042,0,6,4,0,1,11890.122811562016,1,0,0,0,0.0,0.06,2,4,0.7847695174470353,9,0.9352736578907528,3,Flagged due to geo-velocity (11890 km/h) + rare command sequence (rarity=0.94) + impossible travel detected
SES_0031482,USR_0064,user,2026-02-06 14:11:15,normal,0.3909253086304052,0.781056635545705,0.0007939817,impossible_travel,0.4211,0,14,4,0,0,10235.710897774456,1,1,0,0,0.0,0.0,2,3,0.6135266025369568,10,0.935371339471941,3,Flagged due to geo-velocity (10236 km/h) + rare command sequence (rarity=0.94) + impossible travel detected
SES_0000061,USR_0065,user,2026-01-01 07:12:44,normal,0.4079974693201377,0.8148559560443996,0.0011389826,lateral_movement,0.2868,0,7,3,0,0,0.0,0,1,0,1,0.0,0.0,1,1,0.0,2,0.9362200988772886,0,Flagged due to rare command sequence (rarity=0.94) + geo-velocity (0 km/h) + new resource accessed
SES_0012335,USR_0065,user,2026-01-15 06:58:24,normal,0.4007171860855261,0.8013392060651587,9.5166106e-05,impossible_travel,0.6693,0,6,3,0,1,8856.05663176101,1,0,0,0,0.0,0.04,6,9,0.5344409173580048,6,0.9354368623094704,0,Flagged due to geo-velocity (8856 km/h) + impossible travel detected + rare command sequence (rarity=0.94)
SES_0015843,USR_0065,user,2026-01-19 07:02:08,normal,0.3698017525037865,0.7385606615605063,0.0010428434,impossible_travel,0.6547,0,7,0,0,0,983.641913295106,1,0,0,1,0.1,0.06,5,8,-0.1086169367469862,9,0.935637352228082,0,Flagged due to geo-velocity (984 km/h) + impossible travel detected + rare command sequence (rarity=0.94)
SES_0027774,USR_0065,user,2026-02-02 07:36:11,normal,0.4035483481729129,0.8070482873625506,4.8408983e-05,impossible_travel,0.5087,0,7,0,0,0,12844.029556038004,1,0,0,0,0.1,0.02,5,9,0.6571837872495649,3,0.9351343194062348,0,Flagged due to geo-velocity (12844 km/h) + impossible travel detected + new device fingerprint
SES_0068102,USR_0065,user,2026-03-20 21:22:34,normal,0.4087604538089539,0.8171575189370549,0.00036338868,impossible_travel,0.4281,0,21,4,0,1,2378.3953216543987,1,1,0,0,0.1,0.06,5,5,-0.2410555030576056,5,0.9356059488372228,0,Flagged due to geo-velocity (2378 km/h) + rare command sequence (rarity=0.94) + impossible travel detected
SES_0000024,USR_0066,user,2026-01-01 06:33:20,normal,0.3819850994639887,0.7631612750152771,0.0008089239,device_spoofing,0.3822,0,6,3,0,1,0.0,0,1,0,1,0.0,0.0,1,1,0.0,7,0.935540281357668,1,Flagged due to new device fingerprint + rare command sequence (rarity=0.94) + command sequence length
SES_0046380,USR_0066,user,2026-02-24 06:25:54,normal,0.4510663806564637,0.901085075454134,0.0010476859,impossible_travel,0.744,0,6,1,0,1,4410.097044385087,1,0,0,0,0.4,0.12,2,2,1.2760101933653487,7,0.9357006273744538,1,Flagged due to geo-velocity (4410 km/h) + rare command sequence (rarity=0.94) + impossible travel detected
SES_0051565,USR_0066,user,2026-03-01 21:40:38,normal,0.455349261697324,0.9095044559788668,0.0011940674,impossible_travel,0.645,0,21,6,1,1,35826.409283390414,1,0,0,0,0.0,0.12,2,3,-1.0303519847070242,6,0.9355822275450488,1,Flagged due to geo-velocity (35826 km/h) + rare command sequence (rarity=0.94) + impossible travel detected
SES_0056846,USR_0066,user,2026-03-08 08:00:03,brute_force,0.3758943596513259,0.7516517852564839,0.00013693405,brute_force,0.6984,0,8,6,1,0,0.0,0,1,0,0,0.3,0.1,4,6,-4.595465307475269,1,0.9351208194838594,4,Flagged due to high auth failure rate (30%) + rare command sequence (rarity=0.94) + command sequence length
SES_0056847,USR_0066,user,2026-03-08 08:00:03,brute_force,0.3927845213177602,0.7852073250966124,0.00036171754,brute_force,0.8842,0,8,6,1,0,0.0,0,1,0,0,0.4,0.12,4,6,-4.509795586252767,1,0.9351208194838594,4,Flagged due to high auth failure rate (40%) + rare command sequence (rarity=0.94) + command sequence length
SES_0056848,USR_0066,user,2026-03-08 08:00:20,brute_force,0.3956043515338197,0.790449317890705,0.0007593852,brute_force,0.9719,0,8,6,1,0,0.0,0,1,0,0,0.5,0.14,4,6,-4.415852102176567,1,0.9351208194838594,4,Flagged due to high auth failure rate (50%) + failed auth rate (last 50) + rare command sequence (rarity=0.94)
SES_0056849,USR_0066,user,2026-03-08 08:00:20,brute_force,0.4018522111176275,0.8023786289037661,0.0013257933,brute_force,0.9567,0,8,6,1,0,0.0,0,1,0,0,0.6,0.16,4,6,-4.33007497768995,1,0.9351208194838594,4,Flagged due to high auth failure rate (60%) + failed auth rate (last 50) + rare command sequence (rarity=0.94)
SES_0056850,USR_0066,user,2026-03-08 08:00:21,brute_force,0.4049536791309744,0.8078469870436997,0.0020603712,brute_force,0.9738,0,8,6,1,0,0.0,0,1,0,0,0.7,0.18,3,6,-4.23176823982393,1,0.9351208194838594,4,Flagged due to high auth failure rate (70%) + failed auth rate (last 50) + rare command sequence (rarity=0.94)
SES_0056851,USR_0066,user,2026-03-08 08:00:22,brute_force,0.4132268132299325,0.8234871880397481,0.0029664384,brute_force,0.9771,0,8,6,1,0,0.0,0,1,0,0,0.8,0.2,3,6,-4.154801330969916,1,0.9351208194838594,4,Flagged due to high auth failure rate (80%) + failed auth rate (last 50) + rare command sequence (rarity=0.94)
SES_0056852,USR_0066,user,2026-03-08 08:00:30,brute_force,0.4252415551452327,0.8464323674556591,0.004050743,brute_force,0.9826,0,8,6,1,0,0.0,0,1,0,0,0.9,0.22,2,6,-4.073102722387034,1,0.9351208194838594,4,Flagged due to high auth failure rate (90%) + failed auth rate (last 50) + rare command sequence (rarity=0.94)
SES_0056853,USR_0066,user,2026-03-08 08:00:30,brute_force,0.4315075953659501,0.8576594153756075,0.0053557754,brute_force,0.9849,0,8,6,1,0,0.0,0,1,0,0,1.0,0.24,2,6,-4.014261406543165,1,0.9351208194838594,4,Flagged due to high auth failure rate (100%) + failed auth rate (last 50) + rare command sequence (rarity=0.94)
SES_0056854,USR_0066,user,2026-03-08 08:00:36,brute_force,0.4340150036434411,0.8626768321832178,0.005353175,brute_force,0.9482,0,8,6,1,0,0.0,0,1,0,0,1.0,0.26,2,6,-3.93733775914142,1,0.9351208194838594,4,Flagged due to high auth failure rate (100%) + failed auth rate (last 50) + rare command sequence (rarity=0.94)
SES_0056855,USR_0066,user,2026-03-08 08:00:44,brute_force,0.4340139018888353,0.8626768321832178,0.0053509716,brute_force,0.8876,0,8,6,1,0,0.0,0,1,0,0,1.0,0.28,2,6,-3.871289127467141,1,0.9351208194838594,4,Flagged due to high auth failure rate (100%) + rare command sequence (rarity=0.94) + command sequence length
SES_0056856,USR_0066,user,2026-03-08 08:00:46,brute_force,0.4388324379435437,0.8723159159493957,0.00534896,brute_force,0.989,0,8,6,1,0,0.0,0,1,0,0,1.0,0.3,2,6,-3.811421987916628,1,0.9351208194838594,4,Flagged due to high auth failure rate (100%) + failed auth rate (last 50) + rare command sequence (rarity=0.94)
SES_0056857,USR_0066,user,2026-03-08 08:00:54,brute_force,0.4405012813374706,0.8756551072888688,0.0053474554,brute_force,0.989,0,8,6,1,0,0.0,0,1,0,0,1.0,0.32,2,6,-3.766469290026816,1,0.9351208194838594,4,Flagged due to high auth failure rate (100%) + failed auth rate (last 50) + rare command sequence (rarity=0.94)
SES_0056858,USR_0066,user,2026-03-08 08:00:56,brute_force,0.4456359210289226,0.8859263424491796,0.0053454996,brute_force,0.989,0,8,6,1,0,0.0,0,1,0,0,1.0,0.34,2,6,-3.70782768612958,1,0.9351208194838594,4,Flagged due to high auth failure rate (100%) + failed auth rate (last 50) + rare command sequence (rarity=0.94)
SES_0056860,USR_0066,user,2026-03-08 08:01:12,brute_force,0.445634989706348,0.8859263424491796,0.005343637,brute_force,0.989,0,8,6,1,0,0.0,0,1,0,0,1.0,0.36,2,6,-3.6510554158837607,1,0.9351208194838594,4,Flagged due to high auth failure rate (100%) + failed auth rate (last 50) + rare command sequence (rarity=0.94)
SES_0056861,USR_0066,user,2026-03-08 08:01:20,brute_force,0.4487103514278491,0.8920790407617013,0.005341662,brute_force,0.989,0,8,6,1,0,0.0,0,1,0,0,1.0,0.38,2,6,-3.5918135367337887,1,0.9351208194838594,4,Flagged due to high auth failure rate (100%) + failed auth rate (last 50) + rare command sequence (rarity=0.94)
SES_0056862,USR_0066,user,2026-03-08 08:01:27,brute_force,0.4487096454853376,0.8920790407617013,0.00534025,brute_force,0.989,0,8,6,1,0,0.0,0,1,0,0,1.0,0.38,2,6,-3.549270526775105,1,0.9351208194838594,4,Flagged due to high auth failure rate (100%) + failed auth rate (last 50) + rare command sequence (rarity=0.94)
SES_0056864,USR_0066,user,2026-03-08 08:01:36,brute_force,0.4487088634072055,0.8920790407617013,0.005338686,brute_force,0.989,0,8,6,1,0,0.0,0,1,0,0,1.0,0.4,2,6,-3.502003039843491,1,0.9351208194838594,4,Flagged due to high auth failure rate (100%) + failed auth rate (last 50) + rare command sequence (rarity=0.94)
SES_0056865,USR_0066,user,2026-03-08 08:01:45,brute_force,0.4468040518227097,0.888270790827846,0.005337313,brute_force,0.9863,0,8,6,1,0,0.0,0,1,0,0,1.0,0.42,2,5,-3.4602720145280297,1,0.9351208194838594,4,Flagged due to high auth failure rate (100%) + failed auth rate (last 50) + rare command sequence (rarity=0.94)
SES_0056866,USR_0066,user,2026-03-08 08:02:00,brute_force,0.4510282935613994,0.8967209879387625,0.005335599,brute_force,0.9889,0,8,6,1,0,0.0,0,1,0,0,1.0,0.42,2,4,-3.407898829893316,1,0.9351208194838594,4,Flagged due to high auth failure rate (100%) + failed auth rate (last 50) + rare command sequence (rarity=0.94)
SES_0056867,USR_0066,user,2026-03-08 08:02:06,brute_force,0.451027501238719,0.8967209879387625,0.0053340145,brute_force,0.9889,0,8,6,1,0,0.0,0,1,0,0,1.0,0.44,2,4,-3.359452788919495,1,0.9351208194838594,4,Flagged due to high auth failure rate (100%) + failed auth rate (last 50) + rare command sequence (rarity=0.94)
SES_0056868,USR_0066,user,2026-03-08 08:02:10,brute_force,0.4556878788705029,0.9060428682400004,0.0053328895,brute_force,0.9889,0,8,6,1,0,0.0,0,1,0,0,1.0,0.46,2,4,-3.324992204325157,1,0.9351208194838594,4,Flagged due to high auth failure rate (100%) + failed auth rate (last 50) + rare command sequence (rarity=0.94)
SES_0056869,USR_0066,user,2026-03-08 08:02:13,brute_force,0.4556874460383363,0.9060428682400004,0.005332024,brute_force,0.9889,0,8,6,1,0,0.0,0,1,0,0,1.0,0.48,2,4,-3.298609274491251,1,0.9351208194838594,4,Flagged due to high auth failure rate (100%) + failed auth rate (last 50) + rare command sequence (rarity=0.94)
SES_0056871,USR_0066,user,2026-03-08 08:02:16,brute_force,0.4556867866619535,0.9060428682400004,0.005330705,brute_force,0.9829,0,8,6,1,0,0.0,0,1,0,0,1.0,0.5,2,4,-3.258531929053472,1,0.9351208194838594,4,Flagged due to high auth failure rate (100%) + failed auth rate (last 50) + rare command sequence (rarity=0.94)
SES_0056872,USR_0066,user,2026-03-08 08:02:24,brute_force,0.4550075497502684,0.9046859609012008,0.0053291386,brute_force,0.9861,0,8,6,1,0,0.0,0,1,0,0,1.0,0.52,2,4,-3.210020050076652,1,0.9351208194838594,4,Flagged due to high auth failure rate (100%) + failed auth rate (last 50) + rare command sequence (rarity=0.94)
SES_0056873,USR_0066,user,2026-03-08 08:02:55,brute_force,0.4567039971474831,0.9080799513966392,0.005328043,brute_force,0.9892,0,8,6,1,0,0.0,0,1,0,0,1.0,0.54,2,4,-3.176255829086527,1,0.9351208194838594,4,Flagged due to high auth failure rate (100%) + failed auth rate (last 50) + rare command sequence (rarity=0.94)
SES_0056875,USR_0066,user,2026-03-08 08:03:20,brute_force,0.4567034814276074,0.9080799513966392,0.0053270115,brute_force,0.9892,0,8,6,1,0,0.0,0,1,0,0,1.0,0.56,2,4,-3.145020623889613,1,0.9351208194838594,4,Flagged due to high auth failure rate (100%) + failed auth rate (last 50) + rare command sequence (rarity=0.94)
SES_0056877,USR_0066,user,2026-03-08 08:03:30,brute_force,0.4567029752537881,0.9080799513966392,0.005325999,brute_force,0.9892,0,8,6,1,0,0.0,0,1,0,0,1.0,0.58,2,4,-3.113567993198117,1,0.9351208194838594,4,Flagged due to high auth failure rate (100%) + failed auth rate (last 50) + rare command sequence (rarity=0.94)
SES_0056878,USR_0066,user,2026-03-08 08:03:36,brute_force,0.4543777878740173,0.9034305163415752,0.0053250594,brute_force,0.9892,0,8,6,1,0,0.0,0,1,0,0,1.0,0.6,2,4,-3.0847643994663785,1,0.9351208194838594,4,Flagged due to high auth failure rate (100%) + failed auth rate (last 50) + rare command sequence (rarity=0.94)
SES_0056879,USR_0066,user,2026-03-08 08:03:44,brute_force,0.4543771101040136,0.9034305163415752,0.005323704,brute_force,0.9892,0,8,6,1,0,0.0,0,1,0,0,1.0,0.62,2,4,-3.042693437945596,1,0.9351208194838594,4,Flagged due to high auth failure rate (100%) + failed auth rate (last 50) + rare command sequence (rarity=0.94)
SES_0056880,USR_0066,user,2026-03-08 08:04:08,brute_force,0.4543766660959761,0.9034305163415752,0.005322816,brute_force,0.9892,0,8,6,1,0,0.0,0,1,0,0,1.0,0.64,2,4,-3.015149040054782,1,0.9351208194838594,4,Flagged due to high auth failure rate (100%) + failed auth rate (last 50) + rare command sequence (rarity=0.94)
SES_0056881,USR_0066,user,2026-03-08 08:04:20,brute_force,0.4579440512545687,0.9105660196096266,0.005322083,brute_force,0.9892,0,8,6,1,0,0.0,0,1,0,0,1.0,0.66,2,4,-2.992697397742104,1,0.9351208194838594,4,Flagged due to high auth failure rate (100%) + failed auth rate (last 50) + rare command sequence (rarity=0.94)
SES_0056882,USR_0066,user,2026-03-08 08:04:40,brute_force,0.4548735451811692,0.9044259867485148,0.0053211036,brute_force,0.9892,0,8,6,1,0,0.0,0,1,0,0,1.0,0.68,2,4,-2.9617924311179697,1,0.9351208194838594,4,Flagged due to high auth failure rate (100%) + failed auth rate (last 50) + rare command sequence (rarity=0.94)
SES_0056883,USR_0066,user,2026-03-08 08:04:57,brute_force,0.4548730809168658,0.9044259867485148,0.005320175,brute_force,0.9892,0,8,6,1,0,0.0,0,1,0,0,1.0,0.7,2,4,-2.932721905407223,1,0.9351208194838594,4,Flagged due to high auth failure rate (100%) + failed auth rate (last 50) + rare command sequence (rarity=0.94)
SES_0056884,USR_0066,user,2026-03-08 08:05:15,brute_force,0.4548727558852872,0.9044259867485148,0.005319525,brute_force,0.9892,0,8,6,1,0,0.0,0,1,0,0,1.0,0.72,2,4,-2.913015199652296,1,0.9351208194838594,4,Flagged due to high auth failure rate (100%) + failed auth rate (last 50) + rare command sequence (rarity=0.94)
SES_0056885,USR_0066,user,2026-03-08 08:05:40,brute_force,0.4548721698505572,0.9044259867485148,0.005318353,brute_force,0.9892,0,8,6,1,0,0.0,0,1,0,0,1.0,0.74,2,4,-2.876807857500764,1,0.9351208194838594,4,Flagged due to high auth failure rate (100%) + failed auth rate (last 50) + rare command sequence (rarity=0.94)
SES_0056887,USR_0066,user,2026-03-08 08:06:10,brute_force,0.4548719318976393,0.9044259867485148,0.005317877,brute_force,0.9892,0,8,6,1,0,0.0,0,1,0,0,1.0,0.76,2,4,-2.861539880702275,1,0.9351208194838594,4,Flagged due to high auth failure rate (100%) + failed auth rate (last 50) + rare command sequence (rarity=0.94)
SES_0057184,USR_0066,user,2026-03-08 13:29:38,normal,0.3873792903708625,0.774419543963411,0.00033903678,brute_force,0.3096,0,13,6,1,0,32.95634348012845,0,1,0,0,0.9,0.76,3,4,-0.2109431366853426,8,0.9354392127423838,1,Flagged due to high auth failure rate (90%) + failed auth rate (last 50) + new device fingerprint
SES_0057568,USR_0066,user,2026-03-08 21:02:59,normal,0.4019374138817873,0.8036090035043157,0.00026582426,impossible_travel,0.2899,0,21,6,1,1,140.76414055096367,0,0,0,0,0.6,0.78,3,4,1.0680304902453557,5,0.9357656336333208,1,Flagged due to rare command sequence (rarity=0.94) + command sequence length + resource diversity spike (3 unique resources)
SES_0057602,USR_0066,user,2026-03-08 21:52:46,normal,0.3696951737649945,0.7389718012114468,0.00041854632,lateral_movement,0.3682,0,21,6,1,1,0.0,0,0,0,0,0.5,0.78,4,4,0.3214550325222059,6,0.9354715763955784,1,Flagged due to rare command sequence (rarity=0.94) + command sequence length + new device fingerprint
SES_0057617,USR_0066,user,2026-03-09 06:20:23,normal,0.3758729263521111,0.7515088763945428,0.00023697631,lateral_movement,0.568,0,6,0,0,1,0.0,0,0,0,0,0.3,0.78,4,4,0.4272791982377023,6,0.9359190023943076,1,Flagged due to rare command sequence (rarity=0.94) + command sequence length + new device fingerprint
SES_0051280,USR_0067,user,2026-03-01 16:14:02,normal,0.3614604691170328,0.7226160486307804,0.0003048896,impossible_travel,0.6301,0,16,6,1,0,13087.497190593664,1,0,0,0,0.0,0.06,4,6,1.237511279480734,10,0.9354328123327575,2,Flagged due to geo-velocity (13087 km/h) + rare command sequence (rarity=0.94) + impossible travel detected
SES_0068962,USR_0067,user,2026-03-21 20:54:52,normal,0.3964932735638751,0.7918909639310209,0.0010955832,impossible_travel,0.5476,0,20,5,1,0,13043.914986343938,1,0,0,0,0.0,0.02,5,11,-0.4190866774575388,8,0.935604466256462,2,Flagged due to geo-velocity (13044 km/h) + impossible travel detected + rare command sequence (rarity=0.94)
SES_0000283,USR_0068,user,2026-01-01 10:57:27,normal,0.3924591859829927,0.7844980773221399,0.00042029464,low_and_slow_exfiltration,0.3419,0,10,3,0,0,0.0,0,1,0,1,0.0,0.0,1,1,0.0,2,0.9360421891859836,5,Flagged due to hour of day + command sequence length + spoofed device
SES_0009321,USR_0068,user,2026-01-11 16:31:00,normal,0.3905356758362718,0.7809354628031351,0.00013588887,impossible_travel,0.3542,0,16,6,1,0,3224.9592155612063,1,0,0,0,0.0,0.08,5,8,2.085207914890176,1,0.9356603342387924,5,Flagged due to geo-velocity (3225 km/h) + rare command sequence (rarity=0.94) + impossible travel detected
SES_0044138,USR_0068,user,2026-02-21 11:28:38,normal,0.3676609830669672,0.7352084478874268,0.00011351825,low_and_slow_exfiltration,0.43,0,11,5,1,0,968.0910321490728,1,0,0,0,0.2,0.08,6,6,-0.3475658327187416,3,0.9355301564158864,5,Flagged due to hour of day + command sequence length + new device fingerprint
SES_0046470,USR_0068,user,2026-02-24 07:45:25,normal,0.3772534745554154,0.7543316688035278,0.00017528031,brute_force,0.4203,0,7,1,0,0,1876.083083380112,1,0,0,0,0.1,0.12,6,7,0.3845732973342503,1,0.9350701947749516,5,Flagged due to rare command sequence (rarity=0.94) + command sequence length + weekend access
SES_0054431,USR_0068,user,2026-03-05 11:01:06,normal,0.3924741798877863,0.7845189074659549,0.0004294523,brute_force,0.3401,0,11,3,0,0,683.0165610128997,0,0,0,0,0.4,0.16,6,8,0.2581877455393749,1,0.9362200988772886,5,Flagged due to command sequence length + high auth failure rate (40%) + failed auth rate (last 50)
SES_0073013,USR_0068,user,2026-03-26 11:31:36,normal,0.3873015574322674,0.7744916367819903,0.00011147808,impossible_travel,0.3561,0,11,3,0,0,8223.939879054338,1,0,0,0,0.0,0.04,6,8,-0.1871834086823618,1,0.9362200988772886,5,Flagged due to geo-velocity (8224 km/h) + impossible travel detected + rare command sequence (rarity=0.94)
SES_0000010,USR_0069,user,2026-01-01 06:11:36,normal,0.3911263293023362,0.7781898071794122,0.0040628514,device_spoofing,0.4345,0,6,3,0,1,0.0,0,1,0,1,0.0,0.0,1,1,0.0,16,0.9355780690868172,2,Flagged due to new device fingerprint + command sequence length + rare command sequence (rarity=0.94)
SES_0008679,USR_0069,user,2026-01-10 20:50:31,normal,0.3740829547682943,0.7466537678711449,0.0015121417,impossible_travel,0.5772,0,20,5,1,0,7346.448769783433,1,0,0,0,0.1,0.04,5,6,-1.5895680702743968,13,0.935473189710478,2,Flagged due to geo-velocity (7346 km/h) + impossible travel detected + rare command sequence (rarity=0.94)
SES_0026166,USR_0069,user,2026-01-31 08:21:16,normal,0.3663364401542197,0.7323102405564555,0.00036263975,lateral_movement,0.673,0,8,5,1,0,0.0,0,0,0,1,0.4,0.14,5,10,-2.066860609673868,11,0.935427460577816,2,Flagged due to rare command sequence (rarity=0.94) + new device fingerprint + command sequence length
SES_0026882,USR_0069,user,2026-02-01 06:03:10,normal,0.3588538291416651,0.7158857979615328,0.0018218603,lateral_movement,0.7491,0,6,6,1,1,0.0,0,0,0,0,0.2,0.14,6,10,0.5796828163172949,14,0.9354679603449424,2,Flagged due to rare command sequence (rarity=0.94) + new device fingerprint + resource diversity spike (6 unique resources)
SES_0032700,USR_0069,user,2026-02-07 20:34:51,normal,0.3838591903648026,0.6639749840301766,0.1037434,device_spoofing,0.2779,0,20,5,1,0,0.0,0,1,0,0,0.3,0.06,5,8,-0.4511735196234338,17,0.9355247110690458,2,Flagged due to new device fingerprint + command sequence length + rare command sequence (rarity=0.94)
SES_0040331,USR_0069,user,2026-02-16 20:09:02,normal,0.3750046795068633,0.7467025347654425,0.0033068242,impossible_travel,0.4915,0,20,0,0,0,17218.288444725666,1,0,0,0,0.0,0.04,6,8,0.8516899972158264,15,0.9353718216120256,2,Flagged due to geo-velocity (17218 km/h) + impossible travel detected + rare command sequence (rarity=0.94)
SES_0048978,USR_0069,user,2026-02-27 06:21:58,normal,0.3680978637379078,0.73446187189863,0.0017338556,lateral_movement,0.8795,0,6,4,0,1,0.0,0,0,0,1,0.2,0.08,6,9,-0.0825351283060119,13,0.9354395882553346,2,Flagged due to rare command sequence (rarity=0.94) + new device fingerprint + geo-velocity (0 km/h)
SES_0073682,USR_0069,user,2026-03-27 08:46:42,normal,0.4061361720183495,0.8097369165818401,0.0025354275,impossible_travel,0.453,0,8,4,0,0,6482.198110523812,1,1,0,0,0.0,0.0,6,7,0.7932670442174948,15,0.9354405747881236,2,Flagged due to geo-velocity (6482 km/h) + impossible travel detected + rare command sequence (rarity=0.94)
SES_0077052,USR_0069,user,2026-03-31 06:45:18,normal,0.3814942331738243,0.7622399215326523,0.0007485448,impossible_travel,0.6673,0,6,1,0,1,3871.367409776192,1,0,0,0,0.1,0.02,6,7,-1.4079107733817149,14,0.9354356225206808,2,Flagged due to geo-velocity (3871 km/h) + impossible travel detected + rare command sequence (rarity=0.94)
SES_0014033,USR_0070,user,2026-01-17 06:24:47,normal,0.3765453498204584,0.7526794098677339,0.00041128977,lateral_movement,0.3246,0,6,5,1,1,0.0,0,0,0,0,0.3,0.1,2,3,-2.281791991129835,2,0.9357485658743177,4,Flagged due to rare command sequence (rarity=0.94) + new device fingerprint + geo-velocity (0 km/h)
SES_0033362,USR_0070,user,2026-02-08 17:15:26,normal,0.3946355981796711,0.7881163200452386,0.0011548763,impossible_travel,0.4894,0,17,6,1,0,2518.932585315996,1,0,0,1,0.1,0.02,3,6,0.5227372256074342,2,0.935351523514454,4,Flagged due to geo-velocity (2519 km/h) + rare command sequence (rarity=0.94) + impossible travel detected
SES_0033654,USR_0070,user,2026-02-09 06:26:02,normal,0.4124987565639946,0.824799498509044,0.00019801462,impossible_travel,0.7202,0,6,0,0,1,11500.366994742972,1,0,0,0,0.1,0.02,3,6,1.3858339771006674,4,0.9356368299096566,4,Flagged due to geo-velocity (11500 km/h) + rare command sequence (rarity=0.94) + impossible travel detected
SES_0036163,USR_0070,user,2026-02-12 06:21:40,normal,0.40164414816028,0.8029814372028603,0.00030685912,impossible_travel,0.7331,0,6,3,0,1,15484.710952197944,1,0,0,0,0.0,0.04,2,5,0.4093133009000977,2,0.9354064874841256,4,Flagged due to geo-velocity (15485 km/h) + rare command sequence (rarity=0.94) + impossible travel detected
SES_0038565,USR_0070,user,2026-02-14 17:56:29,normal,0.3964903140924904,0.7929113372179049,6.929097e-05,impossible_travel,0.5189,0,17,5,1,0,9765.051210277694,1,0,0,0,0.1,0.04,3,7,-1.445381908773841,4,0.9357836415654897,4,Flagged due to geo-velocity (9765 km/h) + rare command sequence (rarity=0.94) + impossible travel detected
SES_0010452,USR_0071,user,2026-01-12 20:54:35,normal,0.3584458161450447,0.7164414210040103,0.0004502113,impossible_travel,0.5694,0,20,0,0,0,1437.0615824452782,1,0,0,1,0.1,0.04,3,5,1.2712899423007566,8,0.9356514749147335,0,Flagged due to geo-velocity (1437 km/h) + rare command sequence (rarity=0.94) + impossible travel detected
SES_0026008,USR_0071,user,2026-01-30 21:44:35,normal,0.4332871406190762,0.865502328605524,0.0010719526,impossible_travel,0.6235,0,21,4,0,1,31992.377883804205,1,0,0,0,0.0,0.06,2,2,1.4217556434062493,9,0.9356092273897996,0,Flagged due to geo-velocity (31992 km/h) + rare command sequence (rarity=0.94) + impossible travel detected
SES_0060483,USR_0071,user,2026-03-12 10:54:34,normal,0.376195224768157,0.7513695500281655,0.0010208995,impossible_travel,0.6338,0,10,3,0,0,18812.92133712229,1,0,0,0,0.1,0.04,2,2,-0.9413535279424488,9,0.935437424806236,0,Flagged due to geo-velocity (18813 km/h) + rare command sequence (rarity=0.94) + impossible travel detected
SES_0065439,USR_0071,user,2026-03-17 21:19:31,normal,0.3731577661974842,0.745337824135371,0.0009777083,impossible_travel,0.623,0,21,1,0,1,12464.248904602568,1,0,0,0,0.0,0.04,4,5,-0.6203566276536402,12,0.9354490363466124,0,Flagged due to geo-velocity (12464 km/h) + impossible travel detected + rare command sequence (rarity=0.94)
SES_0075239,USR_0071,user,2026-03-28 21:43:34,normal,0.4010861883061997,0.8005554432293519,0.0016169334,impossible_travel,0.418,0,21,5,1,1,1265.391928229059,1,1,0,0,0.1,0.04,3,4,-1.6468586925043995,11,0.9354307478965762,0,Flagged due to geo-velocity (1265 km/h) + rare command sequence (rarity=0.94) + impossible travel detected
SES_0062185,USR_0072,user,2026-03-14 08:52:37,normal,0.3587510795829216,0.7147248681696791,0.002777291,lateral_movement,0.544,0,8,5,1,0,0.0,0,1,0,1,0.1,0.04,7,7,0.1855960273746839,6,0.9356743163012526,2,Flagged due to rare command sequence (rarity=0.94) + resource diversity spike (7 unique resources) + command sequence length
SES_0077526,USR_0072,user,2026-03-31 15:22:52,normal,0.3729185975222946,0.7456220296547711,0.00021516539,impossible_travel,0.626,0,15,1,0,0,15068.0983907202,1,0,0,0,0.2,0.04,2,5,-0.4562586648791781,7,0.9354171290045694,2,Flagged due to geo-velocity (15068 km/h) + rare command sequence (rarity=0.94) + impossible travel detected
SES_0001683,USR_0073,user,2026-01-02 21:30:48,normal,0.441532115069184,0.530314316207475,0.3527499,lateral_movement,0.4821,0,21,4,0,1,0.0,0,0,0,0,0.125,0.125,4,4,2.27726195418594,18,0.935530317129248,2,Flagged due to rare command sequence (rarity=0.94) + new device fingerprint + command sequence length
SES_0009178,USR_0073,user,2026-01-11 13:46:07,normal,0.3767912758954175,0.7515238697589055,0.002058682,impossible_travel,0.5226,0,13,6,1,0,9685.25154725881,1,0,0,0,0.0,0.0,6,7,0.6780504166105031,12,0.9355876516210032,2,Flagged due to geo-velocity (9685 km/h) + impossible travel detected + rare command sequence (rarity=0.94)
SES_0009193,USR_0073,user,2026-01-11 14:00:57,normal,0.3808461298134851,0.7417520807856178,0.019940179,impossible_travel,0.5164,0,14,6,1,0,2829.399328412685,1,0,0,0,0.0,0.0,6,7,0.7549987707962437,16,0.935783279960426,2,Flagged due to geo-velocity (2829 km/h) + impossible travel detected + rare command sequence (rarity=0.94)
SES_0035327,USR_0073,user,2026-02-10 21:52:53,normal,0.3871220627359291,0.7509330264343301,0.023311099,impossible_travel,0.5816,0,21,1,0,1,1013.6892170760616,1,0,0,0,0.1,0.04,4,8,1.86551948201926,18,0.9353311129175292,2,Flagged due to geo-velocity (1014 km/h) + impossible travel detected + rare command sequence (rarity=0.94)
SES_0050681,USR_0073,user,2026-02-28 21:40:48,normal,0.3895889208177178,0.7773239445155633,0.0018538971,impossible_travel,0.558,0,21,5,1,1,2265.6677646055136,1,0,0,0,0.2,0.04,5,7,-0.6080887754654034,14,0.9353680540316484,2,Flagged due to geo-velocity (2266 km/h) + impossible travel detected + rare command sequence (rarity=0.94)
SES_0050696,USR_0073,user,2026-02-28 21:58:27,normal,0.4008507824394339,0.7998255028637964,0.001876062,impossible_travel,0.554,0,21,5,1,1,1859.174020247584,1,0,0,0,0.2,0.04,5,7,1.0531741999291515,14,0.9353277608959872,2,Flagged due to geo-velocity (1859 km/h) + impossible travel detected + rare command sequence (rarity=0.94)
SES_0061850,USR_0073,user,2026-03-13 19:42:33,normal,0.3652277648581843,0.7296859863712825,0.00076954335,impossible_travel,0.5873,0,19,4,0,0,18019.60841662954,1,0,0,0,0.0,0.04,4,8,-1.286849246861064,13,0.9352777004499258,2,Flagged due to geo-velocity (18020 km/h) + impossible travel detected + rare command sequence (rarity=0.94)
SES_0062535,USR_0073,user,2026-03-14 14:48:45,normal,0.3700227703150621,0.7369876656581236,0.003057875,impossible_travel,0.5934,0,14,5,1,0,11439.977468229305,1,0,0,0,0.0,0.02,4,8,0.188565486460616,16,0.9354016058157666,2,Flagged due to geo-velocity (11440 km/h) + impossible travel detected + rare command sequence (rarity=0.94)
SES_0000015,USR_0074,user,2026-01-01 06:21:37,normal,0.3870953455118772,0.7732275409658128,0.00096315006,device_spoofing,0.3845,0,6,3,0,1,0.0,0,1,0,1,0.0,0.0,1,1,0.0,8,0.9354979735652236,0,Flagged due to new device fingerprint + rare command sequence (rarity=0.94) + command sequence length
SES_0015246,USR_0074,user,2026-01-18 12:36:28,normal,0.4005637970561979,0.8000176064986508,0.0011099876,impossible_travel,0.5166,0,12,6,1,0,10409.521173781664,1,0,0,0,0.0,0.08,6,8,0.8672565819189669,8,0.9354641634917742,0,Flagged due to geo-velocity (10410 km/h) + impossible travel detected + rare command sequence (rarity=0.94)
SES_0020127,USR_0074,user,2026-01-23 21:40:06,normal,0.4480337091757275,0.8958712860227446,0.00019613233,impossible_travel,0.5088,0,21,4,0,1,19967.204675813173,1,0,0,0,0.1,0.06,6,9,0.1952793730089338,8,0.9353070460916278,0,Flagged due to geo-velocity (19967 km/h) + impossible travel detected + rare command sequence (rarity=0.94)
SES_0034011,USR_0074,user,2026-02-09 12:53:15,normal,0.3772601041736388,0.7542827206105376,0.00023748774,impossible_travel,0.5239,0,12,0,0,0,13224.650913802634,1,0,0,0,0.1,0.06,6,7,-0.6854697966026582,6,0.9356391200750596,0,Flagged due to geo-velocity (13225 km/h) + impossible travel detected + rare command sequence (rarity=0.94)
SES_0001745,USR_0075,user,2026-01-03 06:59:50,normal,0.4099809425709635,0.8160325886334957,0.0039292965,impossible_travel,0.7628,0,6,5,1,1,3494.0299215964965,1,0,0,0,0.1,0.1333333333333333,3,4,0.4786228866063378,14,0.935514555740284,0,Flagged due to geo-velocity (3494 km/h) + rare command sequence (rarity=0.94) + impossible travel detected
SES_0010530,USR_0075,user,2026-01-13 06:13:12,normal,0.3897587783993825,0.7784351319094464,0.0010824249,lateral_movement,0.4203,0,6,1,0,1,57.58985008531673,0,1,0,1,0.0,0.04,5,5,0.0177420593073109,12,0.9354195052664162,0,Flagged due to rare command sequence (rarity=0.94) + spoofed device + command sequence length
SES_0017600,USR_0075,user,2026-01-21 06:08:24,normal,0.3962035262581028,0.7916186683990195,0.0007883841,impossible_travel,0.8233,0,6,2,0,1,17848.81660918186,1,0,0,0,0.0,0.04,3,4,0.1155697949081807,11,0.9355339697056482,0,Flagged due to geo-velocity (17849 km/h) + rare command sequence (rarity=0.94) + impossible travel detected
SES_0032310,USR_0075,user,2026-02-07 13:30:55,normal,0.359651440366238,0.718621483809448,0.0006813969,impossible_travel,0.6276,0,13,5,1,0,20967.07066035041,1,0,0,0,0.0,0.02,3,5,0.6411347696160669,11,0.9354327202878324,0,Flagged due to geo-velocity (20967 km/h) + rare command sequence (rarity=0.94) + impossible travel detected
SES_0046295,USR_0075,user,2026-02-23 20:20:13,normal,0.3663294764897066,0.7305778260734356,0.002081127,impossible_travel,0.6177,0,20,0,0,0,11020.899050368194,1,0,0,0,0.0,0.04,3,4,-2.152802903560402,15,0.935498624454338,0,Flagged due to geo-velocity (11021 km/h) + rare command sequence (rarity=0.94) + impossible travel detected
SES_0074378,USR_0075,user,2026-03-28 06:39:24,normal,0.3717236808238751,0.7427919624197696,0.0006553992,impossible_travel,0.8028,0,6,5,1,1,1031.908664411871,1,0,0,0,0.0,0.08,3,3,1.4396377278822703,11,0.9353735485501478,0,Flagged due to geo-velocity (1032 km/h) + rare command sequence (rarity=0.94) + impossible travel detected
SES_0026672,USR_0076,user,2026-01-31 17:45:12,normal,0.3638122626481647,0.7271687596897267,0.0004557656,impossible_travel,0.6212,0,17,5,1,0,24441.13455151492,1,0,0,0,0.0,0.06,2,4,-0.084689867141623,9,0.9353982107460024,2,Flagged due to geo-velocity (24441 km/h) + rare command sequence (rarity=0.94) + impossible travel detected
SES_0033150,USR_0076,user,2026-02-08 12:48:45,normal,0.3759174912150417,0.7512700366848015,0.00056494575,impossible_travel,0.6336,0,12,6,1,0,22155.92695467572,1,0,0,0,0.1,0.08,3,4,-0.1492150396453159,11,0.935596691747594,2,Flagged due to geo-velocity (22156 km/h) + rare command sequence (rarity=0.94) + impossible travel detected
SES_0027573,USR_0077,user,2026-02-01 18:56:32,normal,0.3809881456725646,0.7619091774973665,6.711385e-05,impossible_travel,0.4965,0,18,6,1,0,1200.1373817887618,1,0,0,0,0.1,0.06,4,9,1.7240284933034729,3,0.93587536871663,0,Flagged due to geo-velocity (1200 km/h) + rare command sequence (rarity=0.94) + impossible travel detected
SES_0032896,USR_0077,user,2026-02-08 07:55:40,normal,0.3601855664260414,0.7202763837531481,9.47491e-05,impossible_travel,0.6204,0,7,6,1,0,2480.940170753521,1,0,0,0,0.0,0.02,4,6,-2.215232744474926,1,0.9358367975098428,0,Flagged due to geo-velocity (2481 km/h) + rare command sequence (rarity=0.94) + impossible travel detected
SES_0050672,USR_0077,user,2026-02-28 21:33:01,normal,0.3967647881800374,0.793339557611094,0.00019001875,low_and_slow_exfiltration,0.3162,0,21,5,1,1,836.9151102312369,0,1,0,0,0.1,0.06,5,7,1.805476239458724,2,0.9354788084968512,0,Flagged due to hour of day + command sequence length + anomalous session duration (z=1.8)
SES_0074952,USR_0077,user,2026-03-28 16:26:23,normal,0.3804708797301324,0.7609179239924645,2.3835468e-05,impossible_travel,0.3922,0,16,5,1,0,2201.050126714328,1,0,0,0,0.0,0.02,6,7,-2.2325443376762686,1,0.9358642794946788,0,Flagged due to geo-velocity (2201 km/h) + rare command sequence (rarity=0.94) + impossible travel detected
