session_id,entity_id,entity_type,timestamp,session_count,blended_score,confidence,label,note
SES_0000055,DEV_0108,edge_device,2026-01-01 07:07:56,1,0.3917423064579627,0.21400000000000002,normal,Cold-start: score vs population baseline (confidence ramping)
SES_0000056,DEV_0108,edge_device,2026-01-01 07:09:00,2,0.3666386953868555,0.228,normal,Cold-start: score vs population baseline (confidence ramping)
SES_0000057,DEV_0108,edge_device,2026-01-01 07:09:13,3,0.310854348742917,0.242,normal,Cold-start: score vs population baseline (confidence ramping)
SES_0000059,DEV_0108,edge_device,2026-01-01 07:12:36,4,0.266095731714564,0.256,normal,Cold-start: score vs population baseline (confidence ramping)
SES_0000116,DEV_0108,edge_device,2026-01-01 07:52:56,5,0.1138338585961427,0.27,normal,Cold-start: score vs population baseline (confidence ramping)
SES_0000318,DEV_0108,edge_device,2026-01-01 11:29:54,6,0.2308266103766547,0.28400000000000003,normal,Cold-start: score vs population baseline (confidence ramping)
SES_0000638,DEV_0108,edge_device,2026-01-01 17:15:02,7,0.1239917587864855,0.29800000000000004,normal,Cold-start: score vs population baseline (confidence ramping)
SES_0000654,DEV_0108,edge_device,2026-01-01 17:29:22,8,0.2605775489029646,0.312,normal,Cold-start: score vs population baseline (confidence ramping)
SES_0000789,DEV_0108,edge_device,2026-01-01 19:53:27,9,0.1210537590240362,0.326,normal,Cold-start: score vs population baseline (confidence ramping)
SES_0000804,DEV_0108,edge_device,2026-01-01 20:07:11,10,0.1213711333408841,0.33999999999999997,normal,Cold-start: score vs population baseline (confidence ramping)
SES_0000818,DEV_0108,edge_device,2026-01-01 20:27:14,11,0.1792433350500613,0.354,normal,Cold-start: score vs population baseline (confidence ramping)
SES_0000829,DEV_0108,edge_device,2026-01-01 20:34:55,12,0.1351061739642871,0.368,normal,Cold-start: score vs population baseline (confidence ramping)
SES_0000991,DEV_0108,edge_device,2026-01-02 07:27:57,13,0.1219733617383188,0.382,normal,Cold-start: score vs population baseline (confidence ramping)
SES_0001031,DEV_0108,edge_device,2026-01-02 07:57:32,14,0.1653364943558719,0.396,normal,Cold-start: score vs population baseline (confidence ramping)
SES_0001501,DEV_0108,edge_device,2026-01-02 17:47:21,15,0.1214362561780125,0.41000000000000003,normal,Cold-start: score vs population baseline (confidence ramping)
SES_0001513,DEV_0108,edge_device,2026-01-02 17:56:53,16,0.0954921228188886,0.424,normal,Cold-start: score vs population baseline (confidence ramping)
SES_0001749,DEV_0108,edge_device,2026-01-03 07:01:06,17,0.1686775169893515,0.438,normal,Cold-start: score vs population baseline (confidence ramping)
SES_0001843,DEV_0108,edge_device,2026-01-03 07:57:02,18,0.1585226717601507,0.452,normal,Cold-start: score vs population baseline (confidence ramping)
SES_0002024,DEV_0108,edge_device,2026-01-03 11:11:35,19,0.126773404181154,0.46599999999999997,normal,Cold-start: score vs population baseline (confidence ramping)
SES_0002063,DEV_0108,edge_device,2026-01-03 11:54:08,20,0.1690354494112286,0.48,normal,Cold-start: score vs population baseline (confidence ramping)
SES_0002356,DEV_0108,edge_device,2026-01-03 17:22:02,21,0.1905471637399359,0.494,normal,Cold-start: score vs population baseline (confidence ramping)
SES_0002391,DEV_0108,edge_device,2026-01-03 17:55:19,22,0.3224568977674538,0.508,normal,Cold-start: score vs population baseline (confidence ramping)
SES_0002438,DEV_0108,edge_device,2026-01-03 19:03:41,23,0.1423432372093335,0.522,normal,Cold-start: score vs population baseline (confidence ramping)
SES_0002502,DEV_0108,edge_device,2026-01-03 20:26:30,24,0.1147838404315423,0.536,normal,Cold-start: score vs population baseline (confidence ramping)
SES_0002636,DEV_0108,edge_device,2026-01-04 07:05:28,25,0.2526000099471279,0.55,normal,Cold-start: score vs population baseline (confidence ramping)
SES_0002678,DEV_0108,edge_device,2026-01-04 07:29:11,26,0.1166538186009311,0.5640000000000001,normal,Cold-start: score vs population baseline (confidence ramping)
SES_0002683,DEV_0108,edge_device,2026-01-04 07:40:23,27,0.2067581048556168,0.5780000000000001,normal,Cold-start: score vs population baseline (confidence ramping)
SES_0002934,DEV_0108,edge_device,2026-01-04 11:41:08,28,0.2387231937927632,0.5920000000000001,normal,Cold-start: score vs population baseline (confidence ramping)
SES_0003340,DEV_0108,edge_device,2026-01-04 19:10:11,29,0.1915229452838543,0.606,normal,Cold-start: score vs population baseline (confidence ramping)
SES_0003349,DEV_0108,edge_device,2026-01-04 19:15:59,30,0.1288562353215531,0.62,normal,Cold-start: score vs population baseline (confidence ramping)
SES_0003361,DEV_0108,edge_device,2026-01-04 19:30:40,31,0.1204341307967393,0.634,normal,Cold-start: score vs population baseline (confidence ramping)
SES_0003367,DEV_0108,edge_device,2026-01-04 19:34:54,32,0.2458697496138549,0.6479999999999999,normal,Cold-start: score vs population baseline (confidence ramping)
SES_0003380,DEV_0108,edge_device,2026-01-04 19:59:38,33,0.3357181936526626,0.6619999999999999,normal,Cold-start: score vs population baseline (confidence ramping)
SES_0003392,DEV_0108,edge_device,2026-01-04 20:12:46,34,0.3506635255375169,0.6759999999999999,normal,Cold-start: score vs population baseline (confidence ramping)
SES_0003406,DEV_0108,edge_device,2026-01-04 20:28:37,35,0.3742977604766976,0.69,normal,Cold-start: score vs population baseline (confidence ramping)
SES_0003768,DEV_0108,edge_device,2026-01-05 11:03:14,36,0.1263492456576214,0.704,normal,Cold-start: score vs population baseline (confidence ramping)
SES_0003775,DEV_0108,edge_device,2026-01-05 11:10:02,37,0.2306649401099216,0.718,normal,Cold-start: score vs population baseline (confidence ramping)
SES_0003824,DEV_0108,edge_device,2026-01-05 11:59:28,38,0.1242743546137605,0.732,normal,Cold-start: score vs population baseline (confidence ramping)
SES_0004164,DEV_0108,edge_device,2026-01-05 17:41:27,39,0.1510592566479092,0.746,normal,Cold-start: score vs population baseline (confidence ramping)
SES_0004253,DEV_0108,edge_device,2026-01-05 19:36:05,40,0.1376136507500937,0.76,normal,Cold-start: score vs population baseline (confidence ramping)
SES_0004268,DEV_0108,edge_device,2026-01-05 19:55:00,41,0.1633123718258201,0.774,normal,Cold-start: score vs population baseline (confidence ramping)
SES_0004276,DEV_0108,edge_device,2026-01-05 20:11:53,42,0.1090805046509796,0.788,normal,Cold-start: score vs population baseline (confidence ramping)
SES_0004443,DEV_0108,edge_device,2026-01-06 07:12:24,43,0.2119310735870013,0.802,normal,Cold-start: score vs population baseline (confidence ramping)
SES_0004461,DEV_0108,edge_device,2026-01-06 07:29:37,44,0.248020296087833,0.8160000000000001,normal,Cold-start: score vs population baseline (confidence ramping)
SES_0004722,DEV_0108,edge_device,2026-01-06 11:38:13,45,0.1047649264332596,0.8300000000000001,normal,Cold-start: score vs population baseline (confidence ramping)
SES_0005145,DEV_0108,edge_device,2026-01-06 19:32:28,46,0.1066287855408633,0.8440000000000001,normal,Cold-start: score vs population baseline (confidence ramping)
SES_0005151,DEV_0108,edge_device,2026-01-06 19:41:44,47,0.1421317315986621,0.8579999999999999,normal,Cold-start: score vs population baseline (confidence ramping)
SES_0005162,DEV_0108,edge_device,2026-01-06 19:48:14,48,0.1103775251457847,0.8719999999999999,normal,Cold-start: score vs population baseline (confidence ramping)
SES_0005201,DEV_0108,edge_device,2026-01-06 20:48:38,49,0.1882113697719779,0.8859999999999999,normal,Cold-start: score vs population baseline (confidence ramping)
SES_0005207,DEV_0108,edge_device,2026-01-06 20:54:20,50,0.1279229201570944,0.8999999999999999,normal,Cold-start: score vs population baseline (confidence ramping)
SES_0000097,DEV_0109,edge_device,2026-01-01 07:41:01,1,0.3673814749711905,0.21400000000000002,normal,Cold-start: score vs population baseline (confidence ramping)
SES_0000155,DEV_0109,edge_device,2026-01-01 08:37:47,2,0.2994133548428492,0.228,normal,Cold-start: score vs population baseline (confidence ramping)
SES_0000470,DEV_0109,edge_device,2026-01-01 14:00:42,3,0.2324491591091907,0.242,normal,Cold-start: score vs population baseline (confidence ramping)
SES_0000488,DEV_0109,edge_device,2026-01-01 14:22:40,4,0.0754751483427652,0.256,normal,Cold-start: score vs population baseline (confidence ramping)
SES_0000497,DEV_0109,edge_device,2026-01-01 14:33:58,5,0.2829726449481795,0.27,normal,Cold-start: score vs population baseline (confidence ramping)
SES_0001073,DEV_0109,edge_device,2026-01-02 08:57:53,6,0.2132907081598918,0.28400000000000003,normal,Cold-start: score vs population baseline (confidence ramping)
SES_0001338,DEV_0109,edge_device,2026-01-02 14:11:27,7,0.2057359679364262,0.29800000000000004,normal,Cold-start: score vs population baseline (confidence ramping)
SES_0001351,DEV_0109,edge_device,2026-01-02 14:25:59,8,0.3411649920145927,0.312,normal,Cold-start: score vs population baseline (confidence ramping)
SES_0001353,DEV_0109,edge_device,2026-01-02 14:32:40,9,0.095736797876735,0.326,normal,Cold-start: score vs population baseline (confidence ramping)
SES_0001416,DEV_0109,edge_device,2026-01-02 16:03:51,10,0.1948681435380764,0.33999999999999997,normal,Cold-start: score vs population baseline (confidence ramping)
SES_0001536,DEV_0109,edge_device,2026-01-02 18:18:51,11,0.2811041728216379,0.354,normal,Cold-start: score vs population baseline (confidence ramping)
SES_0001557,DEV_0109,edge_device,2026-01-02 18:51:51,12,0.190200206608638,0.368,normal,Cold-start: score vs population baseline (confidence ramping)
SES_0001755,DEV_0109,edge_device,2026-01-03 07:04:35,13,0.2401873004034549,0.382,normal,Cold-start: score vs population baseline (confidence ramping)
SES_0001798,DEV_0109,edge_device,2026-01-03 07:29:21,14,0.3229280060569541,0.396,normal,Cold-start: score vs population baseline (confidence ramping)
SES_0001811,DEV_0109,edge_device,2026-01-03 07:35:12,15,0.2604345648113156,0.41000000000000003,normal,Cold-start: score vs population baseline (confidence ramping)
SES_0001871,DEV_0109,edge_device,2026-01-03 08:20:02,16,0.2205846220082946,0.424,normal,Cold-start: score vs population baseline (confidence ramping)
SES_0002304,DEV_0109,edge_device,2026-01-03 16:30:17,17,0.1449200329043977,0.438,normal,Cold-start: score vs population baseline (confidence ramping)
SES_0002405,DEV_0109,edge_device,2026-01-03 18:11:29,18,0.2794121244042839,0.452,normal,Cold-start: score vs population baseline (confidence ramping)
SES_0002762,DEV_0109,edge_device,2026-01-04 08:42:14,19,0.2947088234420891,0.46599999999999997,normal,Cold-start: score vs population baseline (confidence ramping)
SES_0002764,DEV_0109,edge_device,2026-01-04 08:43:31,20,0.1965684129270097,0.48,normal,Cold-start: score vs population baseline (confidence ramping)
SES_0003073,DEV_0109,edge_device,2026-01-04 14:09:42,21,0.1790225846414992,0.494,normal,Cold-start: score vs population baseline (confidence ramping)
SES_0003078,DEV_0109,edge_device,2026-01-04 14:15:10,22,0.3669113582588253,0.508,normal,Cold-start: score vs population baseline (confidence ramping)
SES_0003091,DEV_0109,edge_device,2026-01-04 14:32:26,23,0.1336505987673334,0.522,normal,Cold-start: score vs population baseline (confidence ramping)
SES_0003303,DEV_0109,edge_device,2026-01-04 18:25:04,24,0.264955005434687,0.536,normal,Cold-start: score vs population baseline (confidence ramping)
SES_0003308,DEV_0109,edge_device,2026-01-04 18:31:35,25,0.3731643571805797,0.55,normal,Cold-start: score vs population baseline (confidence ramping)
SES_0003584,DEV_0109,edge_device,2026-01-05 07:45:37,26,0.1723774687397991,0.5640000000000001,normal,Cold-start: score vs population baseline (confidence ramping)
SES_0003590,DEV_0109,edge_device,2026-01-05 07:53:13,27,0.1497845926566606,0.5780000000000001,normal,Cold-start: score vs population baseline (confidence ramping)
SES_0003601,DEV_0109,edge_device,2026-01-05 08:07:35,28,0.1105412351326135,0.5920000000000001,normal,Cold-start: score vs population baseline (confidence ramping)
SES_0003612,DEV_0109,edge_device,2026-01-05 08:28:39,29,0.0743269138464824,0.606,normal,Cold-start: score vs population baseline (confidence ramping)
SES_0003632,DEV_0109,edge_device,2026-01-05 08:56:00,30,0.0839767889817685,0.62,normal,Cold-start: score vs population baseline (confidence ramping)
SES_0003942,DEV_0109,edge_device,2026-01-05 14:03:20,31,0.0664828709708313,0.634,normal,Cold-start: score vs population baseline (confidence ramping)
SES_0003959,DEV_0109,edge_device,2026-01-05 14:18:41,32,0.0651379526903563,0.6479999999999999,normal,Cold-start: score vs population baseline (confidence ramping)
SES_0003997,DEV_0109,edge_device,2026-01-05 14:52:52,33,0.1764372766771417,0.6619999999999999,normal,Cold-start: score vs population baseline (confidence ramping)
SES_0004063,DEV_0109,edge_device,2026-01-05 16:01:52,34,0.0571067373823621,0.6759999999999999,normal,Cold-start: score vs population baseline (confidence ramping)
SES_0004084,DEV_0109,edge_device,2026-01-05 16:18:25,35,0.0943957779477775,0.69,normal,Cold-start: score vs population baseline (confidence ramping)
SES_0004229,DEV_0109,edge_device,2026-01-05 18:57:20,36,0.2218946259622821,0.704,normal,Cold-start: score vs population baseline (confidence ramping)
SES_0004434,DEV_0109,edge_device,2026-01-06 07:05:52,37,0.1075406882461431,0.718,normal,Cold-start: score vs population baseline (confidence ramping)
SES_0004445,DEV_0109,edge_device,2026-01-06 07:13:51,38,0.1600200436875749,0.732,normal,Cold-start: score vs population baseline (confidence ramping)
SES_0004509,DEV_0109,edge_device,2026-01-06 08:12:46,39,0.131552716087997,0.746,normal,Cold-start: score vs population baseline (confidence ramping)
SES_0004543,DEV_0109,edge_device,2026-01-06 08:44:23,40,0.0902223351539543,0.76,normal,Cold-start: score vs population baseline (confidence ramping)
SES_0004547,DEV_0109,edge_device,2026-01-06 08:47:54,41,0.0984757478321811,0.774,normal,Cold-start: score vs population baseline (confidence ramping)
SES_0004854,DEV_0109,edge_device,2026-01-06 14:13:10,42,0.0724253990003167,0.788,normal,Cold-start: score vs population baseline (confidence ramping)
SES_0004857,DEV_0109,edge_device,2026-01-06 14:22:25,43,0.0642947061216028,0.802,normal,Cold-start: score vs population baseline (confidence ramping)
SES_0005076,DEV_0109,edge_device,2026-01-06 18:07:40,44,0.0678304396182754,0.8160000000000001,normal,Cold-start: score vs population baseline (confidence ramping)
SES_0005101,DEV_0109,edge_device,2026-01-06 18:35:42,45,0.090372359788109,0.8300000000000001,normal,Cold-start: score vs population baseline (confidence ramping)
SES_0005117,DEV_0109,edge_device,2026-01-06 18:56:50,46,0.0896903350388814,0.8440000000000001,normal,Cold-start: score vs population baseline (confidence ramping)
SES_0005312,DEV_0109,edge_device,2026-01-07 07:07:41,47,0.1020698625264554,0.8579999999999999,normal,Cold-start: score vs population baseline (confidence ramping)
SES_0005345,DEV_0109,edge_device,2026-01-07 07:36:03,48,0.1188787962322088,0.8719999999999999,normal,Cold-start: score vs population baseline (confidence ramping)
SES_0005408,DEV_0109,edge_device,2026-01-07 08:03:24,49,0.2853205478646355,0.8859999999999999,normal,Cold-start: score vs population baseline (confidence ramping)
SES_0005875,DEV_0109,edge_device,2026-01-07 16:27:38,50,0.0961690495116395,0.8999999999999999,normal,Cold-start: score vs population baseline (confidence ramping)
SES_0000130,DEV_0110,edge_device,2026-01-01 08:22:52,1,0.3626063326751442,0.21400000000000002,normal,Cold-start: score vs population baseline (confidence ramping)
SES_0000144,DEV_0110,edge_device,2026-01-01 08:32:08,2,0.2946779705156133,0.228,normal,Cold-start: score vs population baseline (confidence ramping)
SES_0000165,DEV_0110,edge_device,2026-01-01 08:51:28,3,0.3648164593799177,0.242,normal,Cold-start: score vs population baseline (confidence ramping)
SES_0000180,DEV_0110,edge_device,2026-01-01 09:08:33,4,0.2133271377692315,0.256,normal,Cold-start: score vs population baseline (confidence ramping)
SES_0000224,DEV_0110,edge_device,2026-01-01 09:51:37,5,0.2754615320125424,0.27,normal,Cold-start: score vs population baseline (confidence ramping)
SES_0000273,DEV_0110,edge_device,2026-01-01 10:49:31,6,0.0558403304771937,0.28400000000000003,normal,Cold-start: score vs population baseline (confidence ramping)
SES_0000797,DEV_0110,edge_device,2026-01-01 20:01:52,7,0.091014443084541,0.29800000000000004,normal,Cold-start: score vs population baseline (confidence ramping)
SES_0000801,DEV_0110,edge_device,2026-01-01 20:05:07,8,0.1897581890169573,0.312,normal,Cold-start: score vs population baseline (confidence ramping)
SES_0000848,DEV_0110,edge_device,2026-01-01 20:56:43,9,0.3772156081118989,0.326,normal,Cold-start: score vs population baseline (confidence ramping)
SES_0000878,DEV_0110,edge_device,2026-01-01 21:30:25,10,0.2406920759450989,0.33999999999999997,normal,Cold-start: score vs population baseline (confidence ramping)
SES_0000895,DEV_0110,edge_device,2026-01-01 21:48:09,11,0.1594953619392677,0.354,normal,Cold-start: score vs population baseline (confidence ramping)
SES_0001924,DEV_0110,edge_device,2026-01-03 09:23:35,12,0.1324186827917793,0.368,normal,Cold-start: score vs population baseline (confidence ramping)
SES_0001976,DEV_0110,edge_device,2026-01-03 10:12:42,13,0.1336613252954304,0.382,normal,Cold-start: score vs population baseline (confidence ramping)
SES_0001989,DEV_0110,edge_device,2026-01-03 10:28:30,14,0.1267097344010971,0.396,normal,Cold-start: score vs population baseline (confidence ramping)
SES_0001990,DEV_0110,edge_device,2026-01-03 10:28:43,15,0.1566788106147176,0.41000000000000003,normal,Cold-start: score vs population baseline (confidence ramping)
SES_0002527,DEV_0110,edge_device,2026-01-03 20:56:50,16,0.2543256884790211,0.424,normal,Cold-start: score vs population baseline (confidence ramping)
SES_0002540,DEV_0110,edge_device,2026-01-03 21:08:37,17,0.210041749257631,0.438,normal,Cold-start: score vs population baseline (confidence ramping)
SES_0002753,DEV_0110,edge_device,2026-01-04 08:35:08,18,0.2363615203623831,0.452,normal,Cold-start: score vs population baseline (confidence ramping)
SES_0002810,DEV_0110,edge_device,2026-01-04 09:43:36,19,0.1502159822215809,0.46599999999999997,normal,Cold-start: score vs population baseline (confidence ramping)
SES_0002826,DEV_0110,edge_device,2026-01-04 09:58:57,20,0.1306295432535054,0.48,normal,Cold-start: score vs population baseline (confidence ramping)
SES_0002886,DEV_0110,edge_device,2026-01-04 10:52:31,21,0.1158220160981,0.494,normal,Cold-start: score vs population baseline (confidence ramping)
SES_0003402,DEV_0110,edge_device,2026-01-04 20:26:29,22,0.1137850791227431,0.508,normal,Cold-start: score vs population baseline (confidence ramping)
SES_0003411,DEV_0110,edge_device,2026-01-04 20:43:23,23,0.1502085238840178,0.522,normal,Cold-start: score vs population baseline (confidence ramping)
SES_0003435,DEV_0110,edge_device,2026-01-04 21:07:32,24,0.3351675854549442,0.536,normal,Cold-start: score vs population baseline (confidence ramping)
SES_0003449,DEV_0110,edge_device,2026-01-04 21:24:47,25,0.2094596182863836,0.55,normal,Cold-start: score vs population baseline (confidence ramping)
SES_0003466,DEV_0110,edge_device,2026-01-04 21:41:06,26,0.1991038335508634,0.5640000000000001,normal,Cold-start: score vs population baseline (confidence ramping)
SES_0003468,DEV_0110,edge_device,2026-01-04 21:42:18,27,0.2086019410393694,0.5780000000000001,normal,Cold-start: score vs population baseline (confidence ramping)
SES_0003693,DEV_0110,edge_device,2026-01-05 09:47:05,28,0.1673070865432375,0.5920000000000001,normal,Cold-start: score vs population baseline (confidence ramping)
SES_0003752,DEV_0110,edge_device,2026-01-05 10:50:41,29,0.1098187832310731,0.606,normal,Cold-start: score vs population baseline (confidence ramping)
SES_0004277,DEV_0110,edge_device,2026-01-05 20:12:51,30,0.1135715702215846,0.62,normal,Cold-start: score vs population baseline (confidence ramping)
SES_0004293,DEV_0110,edge_device,2026-01-05 20:26:39,31,0.3488493415102703,0.634,normal,Cold-start: score vs population baseline (confidence ramping)
SES_0004339,DEV_0110,edge_device,2026-01-05 21:19:53,32,0.1888420552783722,0.6479999999999999,normal,Cold-start: score vs population baseline (confidence ramping)
SES_0004350,DEV_0110,edge_device,2026-01-05 21:29:02,33,0.180675341857835,0.6619999999999999,normal,Cold-start: score vs population baseline (confidence ramping)
SES_0004352,DEV_0110,edge_device,2026-01-05 21:31:40,34,0.1861026103143805,0.6759999999999999,normal,Cold-start: score vs population baseline (confidence ramping)
SES_0004366,DEV_0110,edge_device,2026-01-05 21:40:32,35,0.2305487682052812,0.69,normal,Cold-start: score vs population baseline (confidence ramping)
SES_0004576,DEV_0110,edge_device,2026-01-06 09:19:06,36,0.0781035657637504,0.704,normal,Cold-start: score vs population baseline (confidence ramping)
SES_0004620,DEV_0110,edge_device,2026-01-06 09:58:55,37,0.0832188010386696,0.718,normal,Cold-start: score vs population baseline (confidence ramping)
SES_0004641,DEV_0110,edge_device,2026-01-06 10:09:31,38,0.0714408019590536,0.732,normal,Cold-start: score vs population baseline (confidence ramping)
SES_0004672,DEV_0110,edge_device,2026-01-06 10:41:40,39,0.0607912384916656,0.746,normal,Cold-start: score vs population baseline (confidence ramping)
SES_0005186,DEV_0110,edge_device,2026-01-06 20:27:22,40,0.1018983644975746,0.76,normal,Cold-start: score vs population baseline (confidence ramping)
SES_0005191,DEV_0110,edge_device,2026-01-06 20:30:40,41,0.2188993045115284,0.774,normal,Cold-start: score vs population baseline (confidence ramping)
SES_0005206,DEV_0110,edge_device,2026-01-06 20:53:42,42,0.0918325513694119,0.788,normal,Cold-start: score vs population baseline (confidence ramping)
SES_0005215,DEV_0110,edge_device,2026-01-06 21:10:58,43,0.3012614094384092,0.802,normal,Cold-start: score vs population baseline (confidence ramping)
SES_0005402,DEV_0110,edge_device,2026-01-07 08:02:46,44,0.1134704579845381,0.8160000000000001,normal,Cold-start: score vs population baseline (confidence ramping)
SES_0005420,DEV_0110,edge_device,2026-01-07 08:15:31,45,0.0650940432935559,0.8300000000000001,normal,Cold-start: score vs population baseline (confidence ramping)
SES_0005430,DEV_0110,edge_device,2026-01-07 08:29:29,46,0.3585424594181077,0.8440000000000001,normal,Cold-start: score vs population baseline (confidence ramping)
SES_0005475,DEV_0110,edge_device,2026-01-07 09:16:19,47,0.0860388525522071,0.8579999999999999,normal,Cold-start: score vs population baseline (confidence ramping)
SES_0005566,DEV_0110,edge_device,2026-01-07 10:44:33,48,0.1556977787785211,0.8719999999999999,normal,Cold-start: score vs population baseline (confidence ramping)
SES_0005567,DEV_0110,edge_device,2026-01-07 10:44:44,49,0.0589894231009302,0.8859999999999999,normal,Cold-start: score vs population baseline (confidence ramping)
SES_0005578,DEV_0110,edge_device,2026-01-07 10:58:04,50,0.059262060754268,0.8999999999999999,normal,Cold-start: score vs population baseline (confidence ramping)
SES_0000310,DEV_0111,edge_device,2026-01-01 11:23:19,1,0.4633739678662681,0.21400000000000002,normal,Cold-start: score vs population baseline (confidence ramping)
SES_0000545,DEV_0111,edge_device,2026-01-01 15:28:55,2,0.4270024344138944,0.228,normal,Cold-start: score vs population baseline (confidence ramping)
SES_0000568,DEV_0111,edge_device,2026-01-01 15:59:35,3,0.3526514711876519,0.242,normal,Cold-start: score vs population baseline (confidence ramping)
SES_0000587,DEV_0111,edge_device,2026-01-01 16:21:18,4,0.323596327213079,0.256,normal,Cold-start: score vs population baseline (confidence ramping)
SES_0000621,DEV_0111,edge_device,2026-01-01 16:59:05,5,0.2172034171199253,0.27,normal,Cold-start: score vs population baseline (confidence ramping)
SES_0000720,DEV_0111,edge_device,2026-01-01 18:32:27,6,0.1834404291974066,0.28400000000000003,normal,Cold-start: score vs population baseline (confidence ramping)
SES_0000795,DEV_0111,edge_device,2026-01-01 20:00:47,7,0.1879752104117954,0.29800000000000004,normal,Cold-start: score vs population baseline (confidence ramping)
SES_0001189,DEV_0111,edge_device,2026-01-02 11:31:03,8,0.1445077408931211,0.312,normal,Cold-start: score vs population baseline (confidence ramping)
SES_0001400,DEV_0111,edge_device,2026-01-02 15:41:51,9,0.1404664359863736,0.326,normal,Cold-start: score vs population baseline (confidence ramping)
SES_0001449,DEV_0111,edge_device,2026-01-02 16:41:05,10,0.1051930909975353,0.33999999999999997,normal,Cold-start: score vs population baseline (confidence ramping)
SES_0001610,DEV_0111,edge_device,2026-01-02 20:05:49,11,0.0874285396591158,0.354,normal,Cold-start: score vs population baseline (confidence ramping)
SES_0001627,DEV_0111,edge_device,2026-01-02 20:31:20,12,0.0939150502851042,0.368,normal,Cold-start: score vs population baseline (confidence ramping)
SES_0001632,DEV_0111,edge_device,2026-01-02 20:36:56,13,0.0768887781868328,0.382,normal,Cold-start: score vs population baseline (confidence ramping)
SES_0001675,DEV_0111,edge_device,2026-01-02 21:25:44,14,0.1489919903597655,0.396,normal,Cold-start: score vs population baseline (confidence ramping)
SES_0001690,DEV_0111,edge_device,2026-01-02 21:41:49,15,0.1788285106418355,0.41000000000000003,normal,Cold-start: score vs population baseline (confidence ramping)
SES_0002068,DEV_0111,edge_device,2026-01-03 11:59:11,16,0.1118556968512554,0.424,normal,Cold-start: score vs population baseline (confidence ramping)
SES_0002231,DEV_0111,edge_device,2026-01-03 15:16:30,17,0.2320701024876229,0.438,normal,Cold-start: score vs population baseline (confidence ramping)
SES_0002232,DEV_0111,edge_device,2026-01-03 15:19:31,18,0.1036956909773603,0.452,normal,Cold-start: score vs population baseline (confidence ramping)
SES_0002234,DEV_0111,edge_device,2026-01-03 15:20:11,19,0.1026332900881649,0.46599999999999997,normal,Cold-start: score vs population baseline (confidence ramping)
SES_0002237,DEV_0111,edge_device,2026-01-03 15:26:34,20,0.112973518929713,0.48,normal,Cold-start: score vs population baseline (confidence ramping)
SES_0002400,DEV_0111,edge_device,2026-01-03 18:06:51,21,0.0980051812438802,0.494,normal,Cold-start: score vs population baseline (confidence ramping)
SES_0002425,DEV_0111,edge_device,2026-01-03 18:39:06,22,0.1051989073432877,0.508,normal,Cold-start: score vs population baseline (confidence ramping)
SES_0002429,DEV_0111,edge_device,2026-01-03 18:45:21,23,0.1104819693818386,0.522,normal,Cold-start: score vs population baseline (confidence ramping)
SES_0002432,DEV_0111,edge_device,2026-01-03 18:51:38,24,0.1378183502804442,0.536,normal,Cold-start: score vs population baseline (confidence ramping)
SES_0002444,DEV_0111,edge_device,2026-01-03 19:10:40,25,0.1357051640611719,0.55,normal,Cold-start: score vs population baseline (confidence ramping)
SES_0002472,DEV_0111,edge_device,2026-01-03 19:39:31,26,0.1226122156358586,0.5640000000000001,normal,Cold-start: score vs population baseline (confidence ramping)
SES_0002482,DEV_0111,edge_device,2026-01-03 19:53:50,27,0.1893220641867587,0.5780000000000001,normal,Cold-start: score vs population baseline (confidence ramping)
SES_0002547,DEV_0111,edge_device,2026-01-03 21:14:11,28,0.1560488546176053,0.5920000000000001,normal,Cold-start: score vs population baseline (confidence ramping)
SES_0002950,DEV_0111,edge_device,2026-01-04 11:54:45,29,0.0730171950935257,0.606,normal,Cold-start: score vs population baseline (confidence ramping)
SES_0003320,DEV_0111,edge_device,2026-01-04 18:47:02,30,0.0916223378930528,0.62,normal,Cold-start: score vs population baseline (confidence ramping)
SES_0003459,DEV_0111,edge_device,2026-01-04 21:36:43,31,0.2843378554059129,0.634,normal,Cold-start: score vs population baseline (confidence ramping)
SES_0003489,DEV_0111,edge_device,2026-01-04 21:59:32,32,0.2486325234104062,0.6479999999999999,normal,Cold-start: score vs population baseline (confidence ramping)
SES_0004008,DEV_0111,edge_device,2026-01-05 15:03:01,33,0.1030996205223429,0.6619999999999999,normal,Cold-start: score vs population baseline (confidence ramping)
SES_0004066,DEV_0111,edge_device,2026-01-05 16:05:11,34,0.212689499776166,0.6759999999999999,normal,Cold-start: score vs population baseline (confidence ramping)
SES_0004068,DEV_0111,edge_device,2026-01-05 16:07:22,35,0.0825798676476808,0.69,normal,Cold-start: score vs population baseline (confidence ramping)
SES_0004259,DEV_0111,edge_device,2026-01-05 19:38:31,36,0.0733306446705076,0.704,normal,Cold-start: score vs population baseline (confidence ramping)
SES_0004263,DEV_0111,edge_device,2026-01-05 19:50:08,37,0.0909260274395158,0.718,normal,Cold-start: score vs population baseline (confidence ramping)
SES_0004264,DEV_0111,edge_device,2026-01-05 19:51:34,38,0.3832681286379559,0.732,normal,Cold-start: score vs population baseline (confidence ramping)
SES_0004266,DEV_0111,edge_device,2026-01-05 19:52:18,39,0.3890171333212383,0.746,normal,Cold-start: score vs population baseline (confidence ramping)
SES_0004305,DEV_0111,edge_device,2026-01-05 20:38:55,40,0.0781934300652123,0.76,normal,Cold-start: score vs population baseline (confidence ramping)
SES_0004701,DEV_0111,edge_device,2026-01-06 11:03:42,41,0.0597991952926135,0.774,normal,Cold-start: score vs population baseline (confidence ramping)
SES_0004909,DEV_0111,edge_device,2026-01-06 15:12:41,42,0.0268096673666096,0.788,normal,Cold-start: score vs population baseline (confidence ramping)
SES_0004959,DEV_0111,edge_device,2026-01-06 16:11:23,43,0.052503640823386,0.802,normal,Cold-start: score vs population baseline (confidence ramping)
SES_0005074,DEV_0111,edge_device,2026-01-06 18:05:51,44,0.1718183962294576,0.8160000000000001,normal,Cold-start: score vs population baseline (confidence ramping)
SES_0005099,DEV_0111,edge_device,2026-01-06 18:34:28,45,0.0279050495299789,0.8300000000000001,normal,Cold-start: score vs population baseline (confidence ramping)
SES_0005123,DEV_0111,edge_device,2026-01-06 19:09:13,46,0.0545351445737491,0.8440000000000001,normal,Cold-start: score vs population baseline (confidence ramping)
SES_0005232,DEV_0111,edge_device,2026-01-06 21:32:14,47,0.1251682341906295,0.8579999999999999,normal,Cold-start: score vs population baseline (confidence ramping)
SES_0005254,DEV_0111,edge_device,2026-01-06 21:53:50,48,0.112511256849196,0.8719999999999999,normal,Cold-start: score vs population baseline (confidence ramping)
SES_0005256,DEV_0111,edge_device,2026-01-06 21:57:50,49,0.242079737634361,0.8859999999999999,normal,Cold-start: score vs population baseline (confidence ramping)
SES_0005257,DEV_0111,edge_device,2026-01-06 21:58:59,50,0.1143493915271334,0.8999999999999999,normal,Cold-start: score vs population baseline (confidence ramping)
SES_0000083,DEV_0112,edge_device,2026-01-01 07:25:19,1,0.4065970171356611,0.21400000000000002,normal,Cold-start: score vs population baseline (confidence ramping)
SES_0000482,DEV_0112,edge_device,2026-01-01 14:15:06,2,0.3250280714843411,0.228,normal,Cold-start: score vs population baseline (confidence ramping)
SES_0000509,DEV_0112,edge_device,2026-01-01 14:47:49,3,0.3109202153229222,0.242,normal,Cold-start: score vs population baseline (confidence ramping)
SES_0000517,DEV_0112,edge_device,2026-01-01 14:51:51,4,0.1802142082594213,0.256,normal,Cold-start: score vs population baseline (confidence ramping)
SES_0000520,DEV_0112,edge_device,2026-01-01 14:57:29,5,0.2899090838205677,0.27,normal,Cold-start: score vs population baseline (confidence ramping)
SES_0000636,DEV_0112,edge_device,2026-01-01 17:12:07,6,0.1289541003788959,0.28400000000000003,normal,Cold-start: score vs population baseline (confidence ramping)
SES_0000659,DEV_0112,edge_device,2026-01-01 17:35:22,7,0.2286459958029707,0.29800000000000004,normal,Cold-start: score vs population baseline (confidence ramping)
SES_0000660,DEV_0112,edge_device,2026-01-01 17:36:05,8,0.1941119556369594,0.312,normal,Cold-start: score vs population baseline (confidence ramping)
SES_0001146,DEV_0112,edge_device,2026-01-02 10:32:55,9,0.1031058828906071,0.326,normal,Cold-start: score vs population baseline (confidence ramping)
SES_0001340,DEV_0112,edge_device,2026-01-02 14:15:53,10,0.1983424936038197,0.33999999999999997,normal,Cold-start: score vs population baseline (confidence ramping)
SES_0001496,DEV_0112,edge_device,2026-01-02 17:41:10,11,0.1052372180829431,0.354,normal,Cold-start: score vs population baseline (confidence ramping)
SES_0001772,DEV_0112,edge_device,2026-01-03 07:09:49,12,0.1632035287990379,0.368,normal,Cold-start: score vs population baseline (confidence ramping)
SES_0001801,DEV_0112,edge_device,2026-01-03 07:31:06,13,0.1597594689008584,0.382,normal,Cold-start: score vs population baseline (confidence ramping)
SES_0001966,DEV_0112,edge_device,2026-01-03 10:05:53,14,0.1702667960836635,0.396,normal,Cold-start: score vs population baseline (confidence ramping)
SES_0002190,DEV_0112,edge_device,2026-01-03 14:33:40,15,0.1151946311803912,0.41000000000000003,normal,Cold-start: score vs population baseline (confidence ramping)
SES_0002368,DEV_0112,edge_device,2026-01-03 17:34:54,16,0.2189030289300516,0.424,normal,Cold-start: score vs population baseline (confidence ramping)
SES_0002373,DEV_0112,edge_device,2026-01-03 17:41:29,17,0.3664275413863668,0.438,normal,Cold-start: score vs population baseline (confidence ramping)
SES_0002631,DEV_0112,edge_device,2026-01-04 07:01:58,18,0.1640831015829755,0.452,normal,Cold-start: score vs population baseline (confidence ramping)
SES_0002663,DEV_0112,edge_device,2026-01-04 07:23:01,19,0.1449926863136114,0.46599999999999997,normal,Cold-start: score vs population baseline (confidence ramping)
SES_0002686,DEV_0112,edge_device,2026-01-04 07:41:23,20,0.1939779566072877,0.48,normal,Cold-start: score vs population baseline (confidence ramping)
SES_0002715,DEV_0112,edge_device,2026-01-04 08:00:00,21,0.3117189892814717,0.494,lateral_movement,Cold-start: score vs population baseline (confidence ramping)
SES_0002724,DEV_0112,edge_device,2026-01-04 08:09:00,22,0.3353711300486903,0.508,lateral_movement,Cold-start: score vs population baseline (confidence ramping)
SES_0002727,DEV_0112,edge_device,2026-01-04 08:12:00,23,0.3535805845266345,0.522,lateral_movement,Cold-start: score vs population baseline (confidence ramping)
SES_0002731,DEV_0112,edge_device,2026-01-04 08:16:00,24,0.3574438711240648,0.536,lateral_movement,Cold-start: score vs population baseline (confidence ramping)
SES_0002740,DEV_0112,edge_device,2026-01-04 08:24:00,25,0.3694055313108593,0.55,lateral_movement,Cold-start: score vs population baseline (confidence ramping)
SES_0002746,DEV_0112,edge_device,2026-01-04 08:30:00,26,0.3685442568558008,0.5640000000000001,lateral_movement,Cold-start: score vs population baseline (confidence ramping)
SES_0003066,DEV_0112,edge_device,2026-01-04 14:02:52,27,0.2686687052754193,0.5780000000000001,normal,Cold-start: score vs population baseline (confidence ramping)
SES_0003084,DEV_0112,edge_device,2026-01-04 14:23:11,28,0.2699466966410529,0.5920000000000001,normal,Cold-start: score vs population baseline (confidence ramping)
SES_0003115,DEV_0112,edge_device,2026-01-04 14:58:20,29,0.278615881207081,0.606,normal,Cold-start: score vs population baseline (confidence ramping)
SES_0003546,DEV_0112,edge_device,2026-01-05 07:08:49,30,0.2518976800464209,0.62,normal,Cold-start: score vs population baseline (confidence ramping)
SES_0003558,DEV_0112,edge_device,2026-01-05 07:24:11,31,0.3313261238362727,0.634,normal,Cold-start: score vs population baseline (confidence ramping)
SES_0003736,DEV_0112,edge_device,2026-01-05 10:32:02,32,0.2517460376782323,0.6479999999999999,normal,Cold-start: score vs population baseline (confidence ramping)
SES_0003965,DEV_0112,edge_device,2026-01-05 14:25:31,33,0.2235312882632981,0.6619999999999999,normal,Cold-start: score vs population baseline (confidence ramping)
SES_0003971,DEV_0112,edge_device,2026-01-05 14:29:11,34,0.2087249137045387,0.6759999999999999,normal,Cold-start: score vs population baseline (confidence ramping)
SES_0003999,DEV_0112,edge_device,2026-01-05 14:55:47,35,0.1730909703778537,0.69,normal,Cold-start: score vs population baseline (confidence ramping)
SES_0004004,DEV_0112,edge_device,2026-01-05 14:59:04,36,0.1730724077519126,0.704,normal,Cold-start: score vs population baseline (confidence ramping)
SES_0004121,DEV_0112,edge_device,2026-01-05 17:05:29,37,0.1875918093320189,0.718,normal,Cold-start: score vs population baseline (confidence ramping)
SES_0004125,DEV_0112,edge_device,2026-01-05 17:07:53,38,0.1939975597975998,0.732,normal,Cold-start: score vs population baseline (confidence ramping)
SES_0004160,DEV_0112,edge_device,2026-01-05 17:33:43,39,0.3175023188395671,0.746,normal,Cold-start: score vs population baseline (confidence ramping)
SES_0004468,DEV_0112,edge_device,2026-01-06 07:33:53,40,0.2469287088451417,0.76,normal,Cold-start: score vs population baseline (confidence ramping)
SES_0004878,DEV_0112,edge_device,2026-01-06 14:45:53,41,0.2366391433681709,0.774,normal,Cold-start: score vs population baseline (confidence ramping)
SES_0004891,DEV_0112,edge_device,2026-01-06 14:56:09,42,0.1771247659808102,0.788,normal,Cold-start: score vs population baseline (confidence ramping)
SES_0005043,DEV_0112,edge_device,2026-01-06 17:36:34,43,0.3290744959117336,0.802,normal,Cold-start: score vs population baseline (confidence ramping)
SES_0005058,DEV_0112,edge_device,2026-01-06 17:51:25,44,0.2747765075522547,0.8160000000000001,normal,Cold-start: score vs population baseline (confidence ramping)
SES_0005331,DEV_0112,edge_device,2026-01-07 07:25:03,45,0.2270198343503032,0.8300000000000001,normal,Cold-start: score vs population baseline (confidence ramping)
SES_0005359,DEV_0112,edge_device,2026-01-07 07:52:19,46,0.236116997113577,0.8440000000000001,normal,Cold-start: score vs population baseline (confidence ramping)
SES_0005744,DEV_0112,edge_device,2026-01-07 14:05:48,47,0.2059461042835049,0.8579999999999999,normal,Cold-start: score vs population baseline (confidence ramping)
SES_0005783,DEV_0112,edge_device,2026-01-07 14:54:23,48,0.3661260032472468,0.8719999999999999,normal,Cold-start: score vs population baseline (confidence ramping)
SES_0005786,DEV_0112,edge_device,2026-01-07 14:56:39,49,0.5001784724047353,0.8859999999999999,normal,Cold-start: score vs population baseline (confidence ramping)
SES_0005903,DEV_0112,edge_device,2026-01-07 17:07:47,50,0.2580584186113057,0.8999999999999999,normal,Cold-start: score vs population baseline (confidence ramping)
SES_0000005,DEV_0113,edge_device,2026-01-01 06:08:49,1,0.413137152308458,0.21400000000000002,normal,Cold-start: score vs population baseline (confidence ramping)
SES_0000203,DEV_0113,edge_device,2026-01-01 09:32:32,2,0.2925532692793074,0.228,normal,Cold-start: score vs population baseline (confidence ramping)
SES_0000417,DEV_0113,edge_device,2026-01-01 13:05:50,3,0.2505369057136423,0.242,normal,Cold-start: score vs population baseline (confidence ramping)
SES_0000496,DEV_0113,edge_device,2026-01-01 14:32:54,4,0.0980324048206671,0.256,normal,Cold-start: score vs population baseline (confidence ramping)
SES_0000533,DEV_0113,edge_device,2026-01-01 15:13:02,5,0.0934659618808227,0.27,normal,Cold-start: score vs population baseline (confidence ramping)
SES_0000627,DEV_0113,edge_device,2026-01-01 17:02:53,6,0.2314043280560485,0.28400000000000003,normal,Cold-start: score vs population baseline (confidence ramping)
SES_0000712,DEV_0113,edge_device,2026-01-01 18:21:30,7,0.0888011117864439,0.29800000000000004,normal,Cold-start: score vs population baseline (confidence ramping)
SES_0000719,DEV_0113,edge_device,2026-01-01 18:29:27,8,0.1344813854868108,0.312,normal,Cold-start: score vs population baseline (confidence ramping)
SES_0000736,DEV_0113,edge_device,2026-01-01 18:49:11,9,0.1604797269130698,0.326,normal,Cold-start: score vs population baseline (confidence ramping)
SES_0000805,DEV_0113,edge_device,2026-01-01 20:08:40,10,0.1162037097500123,0.33999999999999997,normal,Cold-start: score vs population baseline (confidence ramping)
SES_0000832,DEV_0113,edge_device,2026-01-01 20:38:55,11,0.102957751665358,0.354,normal,Cold-start: score vs population baseline (confidence ramping)
SES_0000849,DEV_0113,edge_device,2026-01-01 20:57:34,12,0.2446901745883606,0.368,normal,Cold-start: score vs population baseline (confidence ramping)
SES_0001091,DEV_0113,edge_device,2026-01-02 09:17:48,13,0.0712289595832105,0.382,normal,Cold-start: score vs population baseline (confidence ramping)
SES_0001534,DEV_0113,edge_device,2026-01-02 18:18:05,14,0.0541806552334884,0.396,normal,Cold-start: score vs population baseline (confidence ramping)
SES_0001537,DEV_0113,edge_device,2026-01-02 18:20:28,15,0.0946355656859899,0.41000000000000003,normal,Cold-start: score vs population baseline (confidence ramping)
SES_0002180,DEV_0113,edge_device,2026-01-03 14:14:36,16,0.0884054840314084,0.424,normal,Cold-start: score vs population baseline (confidence ramping)
SES_0002189,DEV_0113,edge_device,2026-01-03 14:32:42,17,0.0786520316719251,0.438,normal,Cold-start: score vs population baseline (confidence ramping)
SES_0002216,DEV_0113,edge_device,2026-01-03 15:05:56,18,0.0781898553199572,0.452,normal,Cold-start: score vs population baseline (confidence ramping)
SES_0002257,DEV_0113,edge_device,2026-01-03 15:43:02,19,0.0949963841440179,0.46599999999999997,normal,Cold-start: score vs population baseline (confidence ramping)
SES_0002337,DEV_0113,edge_device,2026-01-03 17:03:54,20,0.0607041029217995,0.48,normal,Cold-start: score vs population baseline (confidence ramping)
SES_0002512,DEV_0113,edge_device,2026-01-03 20:36:45,21,0.2225537519271764,0.494,normal,Cold-start: score vs population baseline (confidence ramping)
SES_0002518,DEV_0113,edge_device,2026-01-03 20:46:42,22,0.0919595003915453,0.508,normal,Cold-start: score vs population baseline (confidence ramping)
SES_0002621,DEV_0113,edge_device,2026-01-04 06:39:49,23,0.2345305601008355,0.522,normal,Cold-start: score vs population baseline (confidence ramping)
SES_0002807,DEV_0113,edge_device,2026-01-04 09:38:17,24,0.0638957720617658,0.536,normal,Cold-start: score vs population baseline (confidence ramping)
SES_0003033,DEV_0113,edge_device,2026-01-04 13:17:21,25,0.0540517014852708,0.55,normal,Cold-start: score vs population baseline (confidence ramping)
SES_0003054,DEV_0113,edge_device,2026-01-04 13:44:09,26,0.0516484540943439,0.5640000000000001,normal,Cold-start: score vs population baseline (confidence ramping)
SES_0003059,DEV_0113,edge_device,2026-01-04 13:49:28,27,0.0914368842120765,0.5780000000000001,normal,Cold-start: score vs population baseline (confidence ramping)
SES_0003135,DEV_0113,edge_device,2026-01-04 15:16:32,28,0.0666648166019138,0.5920000000000001,normal,Cold-start: score vs population baseline (confidence ramping)
SES_0003412,DEV_0113,edge_device,2026-01-04 20:43:39,29,0.0600491577303736,0.606,normal,Cold-start: score vs population baseline (confidence ramping)
SES_0003913,DEV_0113,edge_device,2026-01-05 13:36:08,30,0.0233558685588734,0.62,normal,Cold-start: score vs population baseline (confidence ramping)
SES_0003917,DEV_0113,edge_device,2026-01-05 13:38:30,31,0.0687638089211259,0.634,normal,Cold-start: score vs population baseline (confidence ramping)
SES_0003943,DEV_0113,edge_device,2026-01-05 14:05:08,32,0.0312542933052322,0.6479999999999999,normal,Cold-start: score vs population baseline (confidence ramping)
SES_0004011,DEV_0113,edge_device,2026-01-05 15:09:35,33,0.1774680918028933,0.6619999999999999,normal,Cold-start: score vs population baseline (confidence ramping)
SES_0004045,DEV_0113,edge_device,2026-01-05 15:47:31,34,0.0619058646971486,0.6759999999999999,normal,Cold-start: score vs population baseline (confidence ramping)
SES_0004052,DEV_0113,edge_device,2026-01-05 15:52:44,35,0.0337640642376479,0.69,normal,Cold-start: score vs population baseline (confidence ramping)
SES_0004227,DEV_0113,edge_device,2026-01-05 18:55:11,36,0.0922370291824285,0.704,normal,Cold-start: score vs population baseline (confidence ramping)
SES_0004296,DEV_0113,edge_device,2026-01-05 20:29:40,37,0.0930020936374685,0.718,normal,Cold-start: score vs population baseline (confidence ramping)
SES_0004314,DEV_0113,edge_device,2026-01-05 20:50:29,38,0.0905144078931837,0.732,normal,Cold-start: score vs population baseline (confidence ramping)
SES_0004914,DEV_0113,edge_device,2026-01-06 15:15:52,39,0.0346623417410448,0.746,normal,Cold-start: score vs population baseline (confidence ramping)
SES_0004928,DEV_0113,edge_device,2026-01-06 15:35:49,40,0.07537936299449,0.76,normal,Cold-start: score vs population baseline (confidence ramping)
SES_0005017,DEV_0113,edge_device,2026-01-06 17:05:22,41,0.0108972482668119,0.774,normal,Cold-start: score vs population baseline (confidence ramping)
SES_0005033,DEV_0113,edge_device,2026-01-06 17:23:55,42,0.0488041075383791,0.788,normal,Cold-start: score vs population baseline (confidence ramping)
SES_0005283,DEV_0113,edge_device,2026-01-07 06:25:56,43,0.163670511193619,0.802,normal,Cold-start: score vs population baseline (confidence ramping)
SES_0005488,DEV_0113,edge_device,2026-01-07 09:27:16,44,0.0832196313546899,0.8160000000000001,normal,Cold-start: score vs population baseline (confidence ramping)
SES_0006045,DEV_0113,edge_device,2026-01-07 20:00:07,45,0.0639001878046856,0.8300000000000001,normal,Cold-start: score vs population baseline (confidence ramping)
SES_0006177,DEV_0113,edge_device,2026-01-08 06:53:02,46,0.1779125052788553,0.8440000000000001,normal,Cold-start: score vs population baseline (confidence ramping)
SES_0006330,DEV_0113,edge_device,2026-01-08 09:03:42,47,0.024876855171082,0.8579999999999999,normal,Cold-start: score vs population baseline (confidence ramping)
SES_0006674,DEV_0113,edge_device,2026-01-08 15:05:43,48,0.0201795948555572,0.8719999999999999,normal,Cold-start: score vs population baseline (confidence ramping)
SES_0006676,DEV_0113,edge_device,2026-01-08 15:08:38,49,0.0119435701642199,0.8859999999999999,normal,Cold-start: score vs population baseline (confidence ramping)
SES_0006690,DEV_0113,edge_device,2026-01-08 15:21:20,50,0.0063403743531152,0.8999999999999999,normal,Cold-start: score vs population baseline (confidence ramping)
SES_0000023,DEV_0114,edge_device,2026-01-01 06:33:15,1,0.4101035428061969,0.21400000000000002,normal,Cold-start: score vs population baseline (confidence ramping)
SES_0000146,DEV_0114,edge_device,2026-01-01 08:32:43,2,0.1950998654505525,0.228,normal,Cold-start: score vs population baseline (confidence ramping)
SES_0000220,DEV_0114,edge_device,2026-01-01 09:47:40,3,0.281591671084628,0.242,normal,Cold-start: score vs population baseline (confidence ramping)
SES_0000851,DEV_0114,edge_device,2026-01-01 21:01:27,4,0.2229447289560205,0.256,normal,Cold-start: score vs population baseline (confidence ramping)
SES_0000856,DEV_0114,edge_device,2026-01-01 21:05:19,5,0.2210038288028633,0.27,normal,Cold-start: score vs population baseline (confidence ramping)
SES_0000931,DEV_0114,edge_device,2026-01-02 06:37:33,6,0.2294000913572073,0.28400000000000003,normal,Cold-start: score vs population baseline (confidence ramping)
SES_0001045,DEV_0114,edge_device,2026-01-02 08:16:21,7,0.1257287918328533,0.29800000000000004,normal,Cold-start: score vs population baseline (confidence ramping)
SES_0001046,DEV_0114,edge_device,2026-01-02 08:19:37,8,0.2510239117216711,0.312,normal,Cold-start: score vs population baseline (confidence ramping)
SES_0001335,DEV_0114,edge_device,2026-01-02 14:08:51,9,0.1550425868391249,0.326,normal,Cold-start: score vs population baseline (confidence ramping)
SES_0001423,DEV_0114,edge_device,2026-01-02 16:09:34,10,0.1386152074645427,0.33999999999999997,normal,Cold-start: score vs population baseline (confidence ramping)
SES_0001453,DEV_0114,edge_device,2026-01-02 16:46:34,11,0.1183134896444765,0.354,normal,Cold-start: score vs population baseline (confidence ramping)
SES_0001655,DEV_0114,edge_device,2026-01-02 21:02:50,12,0.2355966990989583,0.368,normal,Cold-start: score vs population baseline (confidence ramping)
SES_0001686,DEV_0114,edge_device,2026-01-02 21:33:31,13,0.2037097550800969,0.382,normal,Cold-start: score vs population baseline (confidence ramping)
SES_0001708,DEV_0114,edge_device,2026-01-03 06:06:04,14,0.2852137735585988,0.396,normal,Cold-start: score vs population baseline (confidence ramping)
SES_0001715,DEV_0114,edge_device,2026-01-03 06:15:32,15,0.2535226935590171,0.41000000000000003,normal,Cold-start: score vs population baseline (confidence ramping)
SES_0001898,DEV_0114,edge_device,2026-01-03 08:55:00,16,0.2466235906916402,0.424,normal,Cold-start: score vs population baseline (confidence ramping)
SES_0001943,DEV_0114,edge_device,2026-01-03 09:47:55,17,0.1479556116268814,0.438,normal,Cold-start: score vs population baseline (confidence ramping)
SES_0002290,DEV_0114,edge_device,2026-01-03 16:14:14,18,0.1457629414952755,0.452,normal,Cold-start: score vs population baseline (confidence ramping)
SES_0002306,DEV_0114,edge_device,2026-01-03 16:31:51,19,0.1120264125901328,0.46599999999999997,normal,Cold-start: score vs population baseline (confidence ramping)
SES_0002590,DEV_0114,edge_device,2026-01-04 06:07:13,20,0.2217823740451844,0.48,normal,Cold-start: score vs population baseline (confidence ramping)
SES_0002607,DEV_0114,edge_device,2026-01-04 06:21:52,21,0.3992968839002065,0.494,normal,Cold-start: score vs population baseline (confidence ramping)
SES_0002623,DEV_0114,edge_device,2026-01-04 06:42:45,22,0.3897725530848672,0.508,normal,Cold-start: score vs population baseline (confidence ramping)
SES_0002737,DEV_0114,edge_device,2026-01-04 08:22:44,23,0.1259070164833641,0.522,normal,Cold-start: score vs population baseline (confidence ramping)
SES_0002818,DEV_0114,edge_device,2026-01-04 09:51:49,24,0.1615136504907006,0.536,normal,Cold-start: score vs population baseline (confidence ramping)
SES_0003188,DEV_0114,edge_device,2026-01-04 16:05:19,25,0.1893047567785491,0.55,normal,Cold-start: score vs population baseline (confidence ramping)
SES_0003214,DEV_0114,edge_device,2026-01-04 16:34:49,26,0.1438241398101825,0.5640000000000001,normal,Cold-start: score vs population baseline (confidence ramping)
SES_0003442,DEV_0114,edge_device,2026-01-04 21:16:03,27,0.221585858319691,0.5780000000000001,normal,Cold-start: score vs population baseline (confidence ramping)
SES_0003445,DEV_0114,edge_device,2026-01-04 21:18:43,28,0.2578325564457596,0.5920000000000001,normal,Cold-start: score vs population baseline (confidence ramping)
SES_0003510,DEV_0114,edge_device,2026-01-05 06:26:20,29,0.1842239087034589,0.606,normal,Cold-start: score vs population baseline (confidence ramping)
SES_0003514,DEV_0114,edge_device,2026-01-05 06:31:58,30,0.1852258431843607,0.62,normal,Cold-start: score vs population baseline (confidence ramping)
SES_0003527,DEV_0114,edge_device,2026-01-05 06:45:52,31,0.1963681667108243,0.634,normal,Cold-start: score vs population baseline (confidence ramping)
SES_0003600,DEV_0114,edge_device,2026-01-05 08:06:08,32,0.1359710151975339,0.6479999999999999,normal,Cold-start: score vs population baseline (confidence ramping)
SES_0003637,DEV_0114,edge_device,2026-01-05 09:04:33,33,0.1577830501028461,0.6619999999999999,normal,Cold-start: score vs population baseline (confidence ramping)
SES_0003652,DEV_0114,edge_device,2026-01-05 09:14:26,34,0.1420757076868426,0.6759999999999999,normal,Cold-start: score vs population baseline (confidence ramping)
SES_0003676,DEV_0114,edge_device,2026-01-05 09:33:00,35,0.1155566263902083,0.69,normal,Cold-start: score vs population baseline (confidence ramping)
SES_0003702,DEV_0114,edge_device,2026-01-05 09:58:04,36,0.1058587761658386,0.704,normal,Cold-start: score vs population baseline (confidence ramping)
SES_0003980,DEV_0114,edge_device,2026-01-05 14:37:14,37,0.0938225064776706,0.718,normal,Cold-start: score vs population baseline (confidence ramping)
SES_0003982,DEV_0114,edge_device,2026-01-05 14:41:29,38,0.1015805119941735,0.732,normal,Cold-start: score vs population baseline (confidence ramping)
SES_0004062,DEV_0114,edge_device,2026-01-05 16:01:50,39,0.1000783536606334,0.746,normal,Cold-start: score vs population baseline (confidence ramping)
SES_0004338,DEV_0114,edge_device,2026-01-05 21:19:44,40,0.1737385471388892,0.76,normal,Cold-start: score vs population baseline (confidence ramping)
SES_0004384,DEV_0114,edge_device,2026-01-05 21:56:27,41,0.1951427976920192,0.774,normal,Cold-start: score vs population baseline (confidence ramping)
SES_0004389,DEV_0114,edge_device,2026-01-06 06:00:42,42,0.19366554631614,0.788,normal,Cold-start: score vs population baseline (confidence ramping)
SES_0004536,DEV_0114,edge_device,2026-01-06 08:36:08,43,0.0812772372472531,0.802,normal,Cold-start: score vs population baseline (confidence ramping)
SES_0004588,DEV_0114,edge_device,2026-01-06 09:28:46,44,0.0739722553755978,0.8160000000000001,normal,Cold-start: score vs population baseline (confidence ramping)
SES_0004593,DEV_0114,edge_device,2026-01-06 09:33:33,45,0.1019912327978473,0.8300000000000001,normal,Cold-start: score vs population baseline (confidence ramping)
SES_0004860,DEV_0114,edge_device,2026-01-06 14:27:24,46,0.0653934828608581,0.8440000000000001,normal,Cold-start: score vs population baseline (confidence ramping)
SES_0004895,DEV_0114,edge_device,2026-01-06 14:57:39,47,0.0702778731184486,0.8579999999999999,normal,Cold-start: score vs population baseline (confidence ramping)
SES_0004979,DEV_0114,edge_device,2026-01-06 16:34:31,48,0.1070757762364277,0.8719999999999999,normal,Cold-start: score vs population baseline (confidence ramping)
SES_0005213,DEV_0114,edge_device,2026-01-06 21:06:32,49,0.1533871942059314,0.8859999999999999,normal,Cold-start: score vs population baseline (confidence ramping)
SES_0005223,DEV_0114,edge_device,2026-01-06 21:19:02,50,0.1623362246598754,0.8999999999999999,normal,Cold-start: score vs population baseline (confidence ramping)
SES_0000074,DEV_0115,edge_device,2026-01-01 07:20:45,1,0.3757826511442787,0.21400000000000002,normal,Cold-start: score vs population baseline (confidence ramping)
SES_0000301,DEV_0115,edge_device,2026-01-01 11:15:54,2,0.2841224743851465,0.228,normal,Cold-start: score vs population baseline (confidence ramping)
SES_0000306,DEV_0115,edge_device,2026-01-01 11:21:15,3,0.1090237177389449,0.242,normal,Cold-start: score vs population baseline (confidence ramping)
SES_0000602,DEV_0115,edge_device,2026-01-01 16:40:45,4,0.2346181491388466,0.256,normal,Cold-start: score vs population baseline (confidence ramping)
SES_0000606,DEV_0115,edge_device,2026-01-01 16:44:07,5,0.0652170490990208,0.27,normal,Cold-start: score vs population baseline (confidence ramping)
SES_0000609,DEV_0115,edge_device,2026-01-01 16:46:33,6,0.2240236162165233,0.28400000000000003,normal,Cold-start: score vs population baseline (confidence ramping)
SES_0000721,DEV_0115,edge_device,2026-01-01 18:36:12,7,0.063299066683629,0.29800000000000004,normal,Cold-start: score vs population baseline (confidence ramping)
SES_0000728,DEV_0115,edge_device,2026-01-01 18:38:28,8,0.0429181556710659,0.312,normal,Cold-start: score vs population baseline (confidence ramping)
SES_0000762,DEV_0115,edge_device,2026-01-01 19:25:33,9,0.0750747210258254,0.326,normal,Cold-start: score vs population baseline (confidence ramping)
SES_0000785,DEV_0115,edge_device,2026-01-01 19:45:53,10,0.045697631375621,0.33999999999999997,normal,Cold-start: score vs population baseline (confidence ramping)
SES_0000862,DEV_0115,edge_device,2026-01-01 21:11:49,11,0.153392000538453,0.354,normal,Cold-start: score vs population baseline (confidence ramping)
SES_0000873,DEV_0115,edge_device,2026-01-01 21:20:15,12,0.3623776721520094,0.368,normal,Cold-start: score vs population baseline (confidence ramping)
SES_0000901,DEV_0115,edge_device,2026-01-01 21:51:03,13,0.2061258597722667,0.382,normal,Cold-start: score vs population baseline (confidence ramping)
SES_0001002,DEV_0115,edge_device,2026-01-02 07:35:40,14,0.0963656616890903,0.396,normal,Cold-start: score vs population baseline (confidence ramping)
SES_0001032,DEV_0115,edge_device,2026-01-02 07:59:18,15,0.0699790278560521,0.41000000000000003,normal,Cold-start: score vs population baseline (confidence ramping)
SES_0001168,DEV_0115,edge_device,2026-01-02 11:03:55,16,0.0551939017928441,0.424,normal,Cold-start: score vs population baseline (confidence ramping)
SES_0001202,DEV_0115,edge_device,2026-01-02 11:41:04,17,0.0425949950102516,0.438,normal,Cold-start: score vs population baseline (confidence ramping)
SES_0001208,DEV_0115,edge_device,2026-01-02 11:47:00,18,0.0597511268352512,0.452,normal,Cold-start: score vs population baseline (confidence ramping)
SES_0001523,DEV_0115,edge_device,2026-01-02 18:05:18,19,0.0877443688850434,0.46599999999999997,normal,Cold-start: score vs population baseline (confidence ramping)
SES_0001551,DEV_0115,edge_device,2026-01-02 18:45:23,20,0.0515865567597725,0.48,normal,Cold-start: score vs population baseline (confidence ramping)
SES_0001590,DEV_0115,edge_device,2026-01-02 19:32:56,21,0.0541034991294075,0.494,normal,Cold-start: score vs population baseline (confidence ramping)
SES_0001602,DEV_0115,edge_device,2026-01-02 19:49:56,22,0.0552711335022917,0.508,normal,Cold-start: score vs population baseline (confidence ramping)
SES_0001705,DEV_0115,edge_device,2026-01-02 21:59:32,23,0.1495819736656285,0.522,normal,Cold-start: score vs population baseline (confidence ramping)
SES_0001752,DEV_0115,edge_device,2026-01-03 07:02:10,24,0.1437705153447345,0.536,normal,Cold-start: score vs population baseline (confidence ramping)
SES_0002028,DEV_0115,edge_device,2026-01-03 11:14:53,25,0.095300060031104,0.55,normal,Cold-start: score vs population baseline (confidence ramping)
SES_0002035,DEV_0115,edge_device,2026-01-03 11:22:15,26,0.0813278888018652,0.5640000000000001,normal,Cold-start: score vs population baseline (confidence ramping)
SES_0002055,DEV_0115,edge_device,2026-01-03 11:47:04,27,0.0727719435345054,0.5780000000000001,normal,Cold-start: score vs population baseline (confidence ramping)
SES_0002282,DEV_0115,edge_device,2026-01-03 16:06:45,28,0.0841670143091168,0.5920000000000001,normal,Cold-start: score vs population baseline (confidence ramping)
SES_0002284,DEV_0115,edge_device,2026-01-03 16:08:17,29,0.071155654725543,0.606,normal,Cold-start: score vs population baseline (confidence ramping)
SES_0002414,DEV_0115,edge_device,2026-01-03 18:22:00,30,0.1128306640717301,0.62,normal,Cold-start: score vs population baseline (confidence ramping)
SES_0002427,DEV_0115,edge_device,2026-01-03 18:41:12,31,0.1568601686535602,0.634,normal,Cold-start: score vs population baseline (confidence ramping)
SES_0002460,DEV_0115,edge_device,2026-01-03 19:24:21,32,0.0932829467038106,0.6479999999999999,normal,Cold-start: score vs population baseline (confidence ramping)
SES_0002543,DEV_0115,edge_device,2026-01-03 21:11:36,33,0.2082692509887594,0.6619999999999999,normal,Cold-start: score vs population baseline (confidence ramping)
SES_0002643,DEV_0115,edge_device,2026-01-04 07:09:08,34,0.1022458246288629,0.6759999999999999,normal,Cold-start: score vs population baseline (confidence ramping)
SES_0002701,DEV_0115,edge_device,2026-01-04 07:51:40,35,0.2928984762246637,0.69,normal,Cold-start: score vs population baseline (confidence ramping)
SES_0002901,DEV_0115,edge_device,2026-01-04 11:05:14,36,0.126631706580282,0.704,normal,Cold-start: score vs population baseline (confidence ramping)
SES_0002907,DEV_0115,edge_device,2026-01-04 11:15:31,37,0.2159606518545699,0.718,normal,Cold-start: score vs population baseline (confidence ramping)
SES_0002921,DEV_0115,edge_device,2026-01-04 11:30:44,38,0.0935473442703613,0.732,normal,Cold-start: score vs population baseline (confidence ramping)
SES_0002943,DEV_0115,edge_device,2026-01-04 11:45:18,39,0.1058022063492236,0.746,normal,Cold-start: score vs population baseline (confidence ramping)
SES_0003189,DEV_0115,edge_device,2026-01-04 16:07:03,40,0.0877712575878565,0.76,normal,Cold-start: score vs population baseline (confidence ramping)
SES_0003222,DEV_0115,edge_device,2026-01-04 16:47:16,41,0.1173117684490735,0.774,normal,Cold-start: score vs population baseline (confidence ramping)
SES_0003315,DEV_0115,edge_device,2026-01-04 18:39:49,42,0.1457367183271048,0.788,normal,Cold-start: score vs population baseline (confidence ramping)
SES_0003813,DEV_0115,edge_device,2026-01-05 11:45:14,43,0.0606887754001766,0.802,normal,Cold-start: score vs population baseline (confidence ramping)
SES_0004074,DEV_0115,edge_device,2026-01-05 16:09:41,44,0.1050863353076935,0.8160000000000001,normal,Cold-start: score vs population baseline (confidence ramping)
SES_0004189,DEV_0115,edge_device,2026-01-05 18:09:45,45,0.0745018952708838,0.8300000000000001,normal,Cold-start: score vs population baseline (confidence ramping)
SES_0004325,DEV_0115,edge_device,2026-01-05 21:03:03,46,0.2430162892057046,0.8440000000000001,normal,Cold-start: score vs population baseline (confidence ramping)
SES_0004334,DEV_0115,edge_device,2026-01-05 21:13:14,47,0.1548283929949827,0.8579999999999999,normal,Cold-start: score vs population baseline (confidence ramping)
SES_0004430,DEV_0115,edge_device,2026-01-06 07:02:20,48,0.1046383568096941,0.8719999999999999,normal,Cold-start: score vs population baseline (confidence ramping)
SES_0004441,DEV_0115,edge_device,2026-01-06 07:11:24,49,0.0505155710106363,0.8859999999999999,normal,Cold-start: score vs population baseline (confidence ramping)
SES_0005005,DEV_0115,edge_device,2026-01-06 16:56:25,50,0.046299659052851,0.8999999999999999,normal,Cold-start: score vs population baseline (confidence ramping)
SES_0000098,DEV_0116,edge_device,2026-01-01 07:41:27,1,0.3734715826903759,0.21400000000000002,normal,Cold-start: score vs population baseline (confidence ramping)
SES_0000100,DEV_0116,edge_device,2026-01-01 07:44:52,2,0.2074730140337042,0.228,normal,Cold-start: score vs population baseline (confidence ramping)
SES_0000142,DEV_0116,edge_device,2026-01-01 08:31:43,3,0.2670189046052054,0.242,normal,Cold-start: score vs population baseline (confidence ramping)
SES_0000168,DEV_0116,edge_device,2026-01-01 08:55:48,4,0.2627276394792793,0.256,normal,Cold-start: score vs population baseline (confidence ramping)
SES_0000549,DEV_0116,edge_device,2026-01-01 15:30:40,5,0.1952967396195195,0.27,normal,Cold-start: score vs population baseline (confidence ramping)
SES_0000852,DEV_0116,edge_device,2026-01-01 21:02:07,6,0.2915099977273698,0.28400000000000003,normal,Cold-start: score vs population baseline (confidence ramping)
SES_0000857,DEV_0116,edge_device,2026-01-01 21:06:59,7,0.1502653902301745,0.29800000000000004,normal,Cold-start: score vs population baseline (confidence ramping)
SES_0000888,DEV_0116,edge_device,2026-01-01 21:41:58,8,0.1489883974463886,0.312,normal,Cold-start: score vs population baseline (confidence ramping)
SES_0000903,DEV_0116,edge_device,2026-01-01 21:54:44,9,0.1536443721712674,0.326,normal,Cold-start: score vs population baseline (confidence ramping)
SES_0001001,DEV_0116,edge_device,2026-01-02 07:35:26,10,0.0620882140679859,0.33999999999999997,normal,Cold-start: score vs population baseline (confidence ramping)
SES_0001006,DEV_0116,edge_device,2026-01-02 07:39:13,11,0.3186735733856196,0.354,normal,Cold-start: score vs population baseline (confidence ramping)
SES_0001024,DEV_0116,edge_device,2026-01-02 07:53:49,12,0.2959959985622385,0.368,normal,Cold-start: score vs population baseline (confidence ramping)
SES_0001069,DEV_0116,edge_device,2026-01-02 08:54:27,13,0.0767623155083169,0.382,normal,Cold-start: score vs population baseline (confidence ramping)
SES_0001392,DEV_0116,edge_device,2026-01-02 15:31:19,14,0.0515264261830073,0.396,normal,Cold-start: score vs population baseline (confidence ramping)
SES_0001393,DEV_0116,edge_device,2026-01-02 15:32:09,15,0.1222384101651105,0.41000000000000003,normal,Cold-start: score vs population baseline (confidence ramping)
SES_0001399,DEV_0116,edge_device,2026-01-02 15:41:39,16,0.0568619480356654,0.424,normal,Cold-start: score vs population baseline (confidence ramping)
SES_0001425,DEV_0116,edge_device,2026-01-02 16:13:12,17,0.0567391416714884,0.438,normal,Cold-start: score vs population baseline (confidence ramping)
SES_0001667,DEV_0116,edge_device,2026-01-02 21:18:35,18,0.149443082299336,0.452,normal,Cold-start: score vs population baseline (confidence ramping)
SES_0001694,DEV_0116,edge_device,2026-01-02 21:48:36,19,0.1425077695235322,0.46599999999999997,normal,Cold-start: score vs population baseline (confidence ramping)
SES_0001756,DEV_0116,edge_device,2026-01-03 07:04:42,20,0.0951013702130491,0.48,normal,Cold-start: score vs population baseline (confidence ramping)
SES_0002230,DEV_0116,edge_device,2026-01-03 15:15:25,21,0.0779531655144527,0.494,normal,Cold-start: score vs population baseline (confidence ramping)
SES_0002251,DEV_0116,edge_device,2026-01-03 15:40:05,22,0.0815043892668424,0.508,normal,Cold-start: score vs population baseline (confidence ramping)
SES_0002253,DEV_0116,edge_device,2026-01-03 15:41:23,23,0.0794976814897169,0.522,normal,Cold-start: score vs population baseline (confidence ramping)
SES_0002325,DEV_0116,edge_device,2026-01-03 16:50:23,24,0.0803119310000049,0.536,normal,Cold-start: score vs population baseline (confidence ramping)
SES_0002329,DEV_0116,edge_device,2026-01-03 16:53:15,25,0.0990712995167844,0.55,normal,Cold-start: score vs population baseline (confidence ramping)
SES_0002680,DEV_0116,edge_device,2026-01-04 07:32:44,26,0.113382424981771,0.5640000000000001,normal,Cold-start: score vs population baseline (confidence ramping)
SES_0002694,DEV_0116,edge_device,2026-01-04 07:45:47,27,0.1506148152556114,0.5780000000000001,normal,Cold-start: score vs population baseline (confidence ramping)
SES_0002702,DEV_0116,edge_device,2026-01-04 07:52:01,28,0.1274598458911146,0.5920000000000001,normal,Cold-start: score vs population baseline (confidence ramping)
SES_0002728,DEV_0116,edge_device,2026-01-04 08:12:33,29,0.091881943352684,0.606,normal,Cold-start: score vs population baseline (confidence ramping)
SES_0003139,DEV_0116,edge_device,2026-01-04 15:20:35,30,0.0883858657633953,0.62,normal,Cold-start: score vs population baseline (confidence ramping)
SES_0003197,DEV_0116,edge_device,2026-01-04 16:18:31,31,0.1230861111089896,0.634,normal,Cold-start: score vs population baseline (confidence ramping)
SES_0003433,DEV_0116,edge_device,2026-01-04 21:06:44,32,0.192002996849183,0.6479999999999999,normal,Cold-start: score vs population baseline (confidence ramping)
SES_0003436,DEV_0116,edge_device,2026-01-04 21:08:18,33,0.2405874250760035,0.6619999999999999,normal,Cold-start: score vs population baseline (confidence ramping)
SES_0003464,DEV_0116,edge_device,2026-01-04 21:40:56,34,0.2089072837476176,0.6759999999999999,normal,Cold-start: score vs population baseline (confidence ramping)
SES_0003581,DEV_0116,edge_device,2026-01-05 07:42:41,35,0.0874739722721835,0.69,normal,Cold-start: score vs population baseline (confidence ramping)
SES_0004016,DEV_0116,edge_device,2026-01-05 15:17:50,36,0.0535133998986828,0.704,normal,Cold-start: score vs population baseline (confidence ramping)
SES_0004022,DEV_0116,edge_device,2026-01-05 15:22:29,37,0.0710616926273861,0.718,normal,Cold-start: score vs population baseline (confidence ramping)
SES_0004030,DEV_0116,edge_device,2026-01-05 15:29:17,38,0.0528623719477899,0.732,normal,Cold-start: score vs population baseline (confidence ramping)
SES_0004098,DEV_0116,edge_device,2026-01-05 16:34:15,39,0.0716677062821194,0.746,normal,Cold-start: score vs population baseline (confidence ramping)
SES_0004343,DEV_0116,edge_device,2026-01-05 21:21:32,40,0.173574028401038,0.76,normal,Cold-start: score vs population baseline (confidence ramping)
SES_0004355,DEV_0116,edge_device,2026-01-05 21:32:08,41,0.1647878609205055,0.774,normal,Cold-start: score vs population baseline (confidence ramping)
SES_0004363,DEV_0116,edge_device,2026-01-05 21:38:12,42,0.1877012147166928,0.788,normal,Cold-start: score vs population baseline (confidence ramping)
SES_0004373,DEV_0116,edge_device,2026-01-05 21:46:37,43,0.1773808933246843,0.802,normal,Cold-start: score vs population baseline (confidence ramping)
SES_0004374,DEV_0116,edge_device,2026-01-05 21:47:10,44,0.2175110543372539,0.8160000000000001,normal,Cold-start: score vs population baseline (confidence ramping)
SES_0004378,DEV_0116,edge_device,2026-01-05 21:50:31,45,0.1700239973662412,0.8300000000000001,normal,Cold-start: score vs population baseline (confidence ramping)
SES_0004442,DEV_0116,edge_device,2026-01-06 07:12:07,46,0.0815199663573601,0.8440000000000001,normal,Cold-start: score vs population baseline (confidence ramping)
SES_0004516,DEV_0116,edge_device,2026-01-06 08:15:30,47,0.2211069361544229,0.8579999999999999,normal,Cold-start: score vs population baseline (confidence ramping)
SES_0004980,DEV_0116,edge_device,2026-01-06 16:35:46,48,0.0874044152502499,0.8719999999999999,normal,Cold-start: score vs population baseline (confidence ramping)
SES_0004997,DEV_0116,edge_device,2026-01-06 16:46:57,49,0.3022920091723663,0.8859999999999999,normal,Cold-start: score vs population baseline (confidence ramping)
SES_0005011,DEV_0116,edge_device,2026-01-06 16:59:57,50,0.2961228383392174,0.8999999999999999,normal,Cold-start: score vs population baseline (confidence ramping)
SES_0000290,DEV_0117,edge_device,2026-01-01 11:07:26,1,0.3522660444749514,0.21400000000000002,normal,Cold-start: score vs population baseline (confidence ramping)
SES_0000305,DEV_0117,edge_device,2026-01-01 11:19:35,2,0.2700559283610954,0.228,normal,Cold-start: score vs population baseline (confidence ramping)
SES_0000589,DEV_0117,edge_device,2026-01-01 16:22:44,3,0.1455646094026124,0.242,normal,Cold-start: score vs population baseline (confidence ramping)
SES_0000729,DEV_0117,edge_device,2026-01-01 18:38:56,4,0.1057595785542322,0.256,normal,Cold-start: score vs population baseline (confidence ramping)
SES_0000794,DEV_0117,edge_device,2026-01-01 20:00:04,5,0.1201635688023051,0.27,normal,Cold-start: score vs population baseline (confidence ramping)
SES_0000812,DEV_0117,edge_device,2026-01-01 20:18:00,6,0.1201809634048797,0.28400000000000003,normal,Cold-start: score vs population baseline (confidence ramping)
SES_0000822,DEV_0117,edge_device,2026-01-01 20:29:31,7,0.3280933903230177,0.29800000000000004,normal,Cold-start: score vs population baseline (confidence ramping)
SES_0000826,DEV_0117,edge_device,2026-01-01 20:31:32,8,0.0879983897163402,0.312,normal,Cold-start: score vs population baseline (confidence ramping)
SES_0000845,DEV_0117,edge_device,2026-01-01 20:54:02,9,0.3152349621135064,0.326,normal,Cold-start: score vs population baseline (confidence ramping)
SES_0001434,DEV_0117,edge_device,2026-01-02 16:30:30,10,0.2075303462940807,0.33999999999999997,normal,Cold-start: score vs population baseline (confidence ramping)
SES_0001516,DEV_0117,edge_device,2026-01-02 18:00:03,11,0.0490054172669629,0.354,normal,Cold-start: score vs population baseline (confidence ramping)
SES_0001525,DEV_0117,edge_device,2026-01-02 18:06:32,12,0.077797790896598,0.368,normal,Cold-start: score vs population baseline (confidence ramping)
SES_0001630,DEV_0117,edge_device,2026-01-02 20:32:42,13,0.0914344872469146,0.382,normal,Cold-start: score vs population baseline (confidence ramping)
SES_0001669,DEV_0117,edge_device,2026-01-02 21:20:23,14,0.1875822832464888,0.396,normal,Cold-start: score vs population baseline (confidence ramping)
SES_0001857,DEV_0117,edge_device,2026-01-03 08:10:09,15,0.1936389743587128,0.41000000000000003,normal,Cold-start: score vs population baseline (confidence ramping)
SES_0001862,DEV_0117,edge_device,2026-01-03 08:12:42,16,0.1242870809815019,0.424,normal,Cold-start: score vs population baseline (confidence ramping)
SES_0002021,DEV_0117,edge_device,2026-01-03 11:09:10,17,0.1245308993783096,0.438,normal,Cold-start: score vs population baseline (confidence ramping)
SES_0002039,DEV_0117,edge_device,2026-01-03 11:27:58,18,0.3142056350272578,0.452,normal,Cold-start: score vs population baseline (confidence ramping)
SES_0002324,DEV_0117,edge_device,2026-01-03 16:49:09,19,0.2228201778875423,0.46599999999999997,normal,Cold-start: score vs population baseline (confidence ramping)
SES_0002334,DEV_0117,edge_device,2026-01-03 16:56:02,20,0.3288442083648864,0.48,normal,Cold-start: score vs population baseline (confidence ramping)
SES_0002546,DEV_0117,edge_device,2026-01-03 21:14:11,21,0.1894967213283628,0.494,normal,Cold-start: score vs population baseline (confidence ramping)
SES_0002576,DEV_0117,edge_device,2026-01-03 21:48:04,22,0.1799052517003345,0.508,normal,Cold-start: score vs population baseline (confidence ramping)
SES_0002583,DEV_0117,edge_device,2026-01-03 21:56:30,23,0.2528290311409872,0.522,normal,Cold-start: score vs population baseline (confidence ramping)
SES_0002760,DEV_0117,edge_device,2026-01-04 08:40:36,24,0.1508042556465501,0.536,normal,Cold-start: score vs population baseline (confidence ramping)
SES_0002782,DEV_0117,edge_device,2026-01-04 08:59:49,25,0.1567929661562479,0.55,normal,Cold-start: score vs population baseline (confidence ramping)
SES_0002917,DEV_0117,edge_device,2026-01-04 11:29:43,26,0.1550094692703601,0.5640000000000001,normal,Cold-start: score vs population baseline (confidence ramping)
SES_0003381,DEV_0117,edge_device,2026-01-04 20:00:14,27,0.1447991777165435,0.5780000000000001,normal,Cold-start: score vs population baseline (confidence ramping)
SES_0003398,DEV_0117,edge_device,2026-01-04 20:21:01,28,0.1449017433319976,0.5920000000000001,normal,Cold-start: score vs population baseline (confidence ramping)
SES_0003476,DEV_0117,edge_device,2026-01-04 21:49:12,29,0.1911804702227714,0.606,normal,Cold-start: score vs population baseline (confidence ramping)
SES_0003771,DEV_0117,edge_device,2026-01-05 11:05:02,30,0.3421843870487918,0.62,normal,Cold-start: score vs population baseline (confidence ramping)
SES_0003787,DEV_0117,edge_device,2026-01-05 11:20:10,31,0.0713910794256606,0.634,normal,Cold-start: score vs population baseline (confidence ramping)
SES_0004195,DEV_0117,edge_device,2026-01-05 18:21:28,32,0.1129447233196806,0.6479999999999999,normal,Cold-start: score vs population baseline (confidence ramping)
SES_0004228,DEV_0117,edge_device,2026-01-05 18:56:43,33,0.0379841192792163,0.6619999999999999,normal,Cold-start: score vs population baseline (confidence ramping)
SES_0004348,DEV_0117,edge_device,2026-01-05 21:27:19,34,0.3725771233408159,0.6759999999999999,normal,Cold-start: score vs population baseline (confidence ramping)
SES_0004354,DEV_0117,edge_device,2026-01-05 21:31:58,35,0.1319195871539416,0.69,normal,Cold-start: score vs population baseline (confidence ramping)
SES_0004732,DEV_0117,edge_device,2026-01-06 11:52:20,36,0.0433291728544662,0.704,normal,Cold-start: score vs population baseline (confidence ramping)
SES_0004734,DEV_0117,edge_device,2026-01-06 11:56:18,37,0.3472780897416553,0.718,normal,Cold-start: score vs population baseline (confidence ramping)
SES_0004963,DEV_0117,edge_device,2026-01-06 16:17:38,38,0.0819019097804256,0.732,normal,Cold-start: score vs population baseline (confidence ramping)
SES_0004964,DEV_0117,edge_device,2026-01-06 16:21:26,39,0.0804298612566067,0.746,normal,Cold-start: score vs population baseline (confidence ramping)
SES_0005091,DEV_0117,edge_device,2026-01-06 18:26:11,40,0.0313066092180928,0.76,normal,Cold-start: score vs population baseline (confidence ramping)
SES_0005189,DEV_0117,edge_device,2026-01-06 20:28:33,41,0.0291111406535681,0.774,normal,Cold-start: score vs population baseline (confidence ramping)
SES_0005198,DEV_0117,edge_device,2026-01-06 20:40:18,42,0.0326920976242399,0.788,normal,Cold-start: score vs population baseline (confidence ramping)
SES_0005403,DEV_0117,edge_device,2026-01-07 08:02:55,43,0.034744353629931,0.802,normal,Cold-start: score vs population baseline (confidence ramping)
SES_0005882,DEV_0117,edge_device,2026-01-07 16:34:52,44,0.0249025514789011,0.8160000000000001,normal,Cold-start: score vs population baseline (confidence ramping)
SES_0005979,DEV_0117,edge_device,2026-01-07 18:40:20,45,0.0447059049005752,0.8300000000000001,normal,Cold-start: score vs population baseline (confidence ramping)
SES_0005980,DEV_0117,edge_device,2026-01-07 18:40:55,46,0.0534319666898607,0.8440000000000001,normal,Cold-start: score vs population baseline (confidence ramping)
SES_0005983,DEV_0117,edge_device,2026-01-07 18:47:06,47,0.0414744915413439,0.8579999999999999,normal,Cold-start: score vs population baseline (confidence ramping)
SES_0005986,DEV_0117,edge_device,2026-01-07 18:50:02,48,0.0279333537683688,0.8719999999999999,normal,Cold-start: score vs population baseline (confidence ramping)
SES_0006480,DEV_0117,edge_device,2026-01-08 11:23:20,49,0.1403866161264223,0.8859999999999999,normal,Cold-start: score vs population baseline (confidence ramping)
SES_0006741,DEV_0117,edge_device,2026-01-08 16:13:56,50,0.0413849278194133,0.8999999999999999,normal,Cold-start: score vs population baseline (confidence ramping)
SES_0000284,DEV_0118,edge_device,2026-01-01 11:01:14,1,0.3727832857013402,0.21400000000000002,normal,Cold-start: score vs population baseline (confidence ramping)
SES_0000321,DEV_0118,edge_device,2026-01-01 11:30:42,2,0.4754584263328538,0.228,normal,Cold-start: score vs population baseline (confidence ramping)
SES_0000327,DEV_0118,edge_device,2026-01-01 11:39:16,3,0.2780607661721325,0.242,normal,Cold-start: score vs population baseline (confidence ramping)
SES_0000402,DEV_0118,edge_device,2026-01-01 12:50:29,4,0.3406440073716115,0.256,normal,Cold-start: score vs population baseline (confidence ramping)
SES_0000704,DEV_0118,edge_device,2026-01-01 18:13:24,5,0.2469352587080987,0.27,normal,Cold-start: score vs population baseline (confidence ramping)
SES_0001110,DEV_0118,edge_device,2026-01-02 09:39:18,6,0.3096381077220534,0.28400000000000003,normal,Cold-start: score vs population baseline (confidence ramping)
SES_0001119,DEV_0118,edge_device,2026-01-02 09:53:46,7,0.2116890125097845,0.29800000000000004,normal,Cold-start: score vs population baseline (confidence ramping)
SES_0001121,DEV_0118,edge_device,2026-01-02 09:56:35,8,0.2566604339267884,0.312,normal,Cold-start: score vs population baseline (confidence ramping)
SES_0001236,DEV_0118,edge_device,2026-01-02 12:18:53,9,0.136110456307882,0.326,normal,Cold-start: score vs population baseline (confidence ramping)
SES_0001299,DEV_0118,edge_device,2026-01-02 13:30:03,10,0.2382193396966233,0.33999999999999997,normal,Cold-start: score vs population baseline (confidence ramping)
SES_0001527,DEV_0118,edge_device,2026-01-02 18:09:28,11,0.1235788909754343,0.354,normal,Cold-start: score vs population baseline (confidence ramping)
SES_0001556,DEV_0118,edge_device,2026-01-02 18:51:04,12,0.1359953180667145,0.368,normal,Cold-start: score vs population baseline (confidence ramping)
SES_0001909,DEV_0118,edge_device,2026-01-03 09:11:02,13,0.1765187942180996,0.382,normal,Cold-start: score vs population baseline (confidence ramping)
SES_0001941,DEV_0118,edge_device,2026-01-03 09:46:54,14,0.1977548318208891,0.396,normal,Cold-start: score vs population baseline (confidence ramping)
SES_0001944,DEV_0118,edge_device,2026-01-03 09:49:48,15,0.1994751210228312,0.41000000000000003,normal,Cold-start: score vs population baseline (confidence ramping)
SES_0001950,DEV_0118,edge_device,2026-01-03 09:58:09,16,0.1935928158256218,0.424,normal,Cold-start: score vs population baseline (confidence ramping)
SES_0002023,DEV_0118,edge_device,2026-01-03 11:09:55,17,0.1612382394977485,0.438,normal,Cold-start: score vs population baseline (confidence ramping)
SES_0002097,DEV_0118,edge_device,2026-01-03 12:26:58,18,0.1575928702774698,0.452,normal,Cold-start: score vs population baseline (confidence ramping)
SES_0002108,DEV_0118,edge_device,2026-01-03 12:45:44,19,0.1688100523848055,0.46599999999999997,normal,Cold-start: score vs population baseline (confidence ramping)
SES_0002395,DEV_0118,edge_device,2026-01-03 18:01:49,20,0.1551848458255009,0.48,normal,Cold-start: score vs population baseline (confidence ramping)
SES_0002417,DEV_0118,edge_device,2026-01-03 18:22:52,21,0.1236128804940275,0.494,normal,Cold-start: score vs population baseline (confidence ramping)
SES_0002422,DEV_0118,edge_device,2026-01-03 18:31:31,22,0.1615943297692448,0.508,normal,Cold-start: score vs population baseline (confidence ramping)
SES_0002945,DEV_0118,edge_device,2026-01-04 11:48:14,23,0.1939195435448091,0.522,normal,Cold-start: score vs population baseline (confidence ramping)
SES_0003288,DEV_0118,edge_device,2026-01-04 18:07:51,24,0.1104202525383227,0.536,normal,Cold-start: score vs population baseline (confidence ramping)
SES_0003318,DEV_0118,edge_device,2026-01-04 18:43:16,25,0.1322680391747427,0.55,normal,Cold-start: score vs population baseline (confidence ramping)
SES_0003326,DEV_0118,edge_device,2026-01-04 18:52:36,26,0.1672222172179531,0.5640000000000001,normal,Cold-start: score vs population baseline (confidence ramping)
SES_0003695,DEV_0118,edge_device,2026-01-05 09:48:45,27,0.1042055196621429,0.5780000000000001,normal,Cold-start: score vs population baseline (confidence ramping)
SES_0003700,DEV_0118,edge_device,2026-01-05 09:54:21,28,0.1263553664655526,0.5920000000000001,normal,Cold-start: score vs population baseline (confidence ramping)
SES_0003794,DEV_0118,edge_device,2026-01-05 11:26:16,29,0.1000222024446069,0.606,normal,Cold-start: score vs population baseline (confidence ramping)
SES_0003805,DEV_0118,edge_device,2026-01-05 11:40:18,30,0.0986949291183822,0.62,normal,Cold-start: score vs population baseline (confidence ramping)
SES_0003895,DEV_0118,edge_device,2026-01-05 13:23:58,31,0.0659593228165569,0.634,normal,Cold-start: score vs population baseline (confidence ramping)
SES_0003924,DEV_0118,edge_device,2026-01-05 13:42:57,32,0.1416487297617326,0.6479999999999999,normal,Cold-start: score vs population baseline (confidence ramping)
SES_0004193,DEV_0118,edge_device,2026-01-05 18:20:16,33,0.0967271033890597,0.6619999999999999,normal,Cold-start: score vs population baseline (confidence ramping)
SES_0004561,DEV_0118,edge_device,2026-01-06 09:02:15,34,0.0640863697353982,0.6759999999999999,normal,Cold-start: score vs population baseline (confidence ramping)
SES_0004609,DEV_0118,edge_device,2026-01-06 09:50:55,35,0.1151669805673812,0.69,normal,Cold-start: score vs population baseline (confidence ramping)
SES_0004619,DEV_0118,edge_device,2026-01-06 09:57:02,36,0.336873193662394,0.704,normal,Cold-start: score vs population baseline (confidence ramping)
SES_0004706,DEV_0118,edge_device,2026-01-06 11:13:49,37,0.1351462072091103,0.718,normal,Cold-start: score vs population baseline (confidence ramping)
SES_0004754,DEV_0118,edge_device,2026-01-06 12:22:09,38,0.1378838086999619,0.732,normal,Cold-start: score vs population baseline (confidence ramping)
SES_0004780,DEV_0118,edge_device,2026-01-06 12:46:15,39,0.3974966667094016,0.746,normal,Cold-start: score vs population baseline (confidence ramping)
SES_0004792,DEV_0118,edge_device,2026-01-06 12:59:05,40,0.2940415233993245,0.76,normal,Cold-start: score vs population baseline (confidence ramping)
SES_0004837,DEV_0118,edge_device,2026-01-06 13:54:42,41,0.2066360684801143,0.774,normal,Cold-start: score vs population baseline (confidence ramping)
SES_0005463,DEV_0118,edge_device,2026-01-07 09:06:32,42,0.0393019001105903,0.788,normal,Cold-start: score vs population baseline (confidence ramping)
SES_0005468,DEV_0118,edge_device,2026-01-07 09:08:50,43,0.0404429934492241,0.802,normal,Cold-start: score vs population baseline (confidence ramping)
SES_0005593,DEV_0118,edge_device,2026-01-07 11:13:28,44,0.0327741806203293,0.8160000000000001,normal,Cold-start: score vs population baseline (confidence ramping)
SES_0005621,DEV_0118,edge_device,2026-01-07 11:43:11,45,0.0342098954865887,0.8300000000000001,normal,Cold-start: score vs population baseline (confidence ramping)
SES_0005670,DEV_0118,edge_device,2026-01-07 12:37:52,46,0.0350620791422466,0.8440000000000001,normal,Cold-start: score vs population baseline (confidence ramping)
SES_0005703,DEV_0118,edge_device,2026-01-07 13:20:43,47,0.0880705162795291,0.8579999999999999,normal,Cold-start: score vs population baseline (confidence ramping)
SES_0005736,DEV_0118,edge_device,2026-01-07 13:59:25,48,0.0981446273023608,0.8719999999999999,normal,Cold-start: score vs population baseline (confidence ramping)
SES_0005967,DEV_0118,edge_device,2026-01-07 18:29:00,49,0.0726301975050417,0.8859999999999999,normal,Cold-start: score vs population baseline (confidence ramping)
SES_0005984,DEV_0118,edge_device,2026-01-07 18:47:33,50,0.0954408037496015,0.8999999999999999,normal,Cold-start: score vs population baseline (confidence ramping)
SES_0000071,DEV_0119,edge_device,2026-01-01 07:19:23,1,0.3671861338744709,0.21400000000000002,normal,Cold-start: score vs population baseline (confidence ramping)
SES_0000160,DEV_0119,edge_device,2026-01-01 08:44:23,2,0.2935310464768391,0.228,normal,Cold-start: score vs population baseline (confidence ramping)
SES_0000169,DEV_0119,edge_device,2026-01-01 08:55:48,3,0.255164800600938,0.242,normal,Cold-start: score vs population baseline (confidence ramping)
SES_0000335,DEV_0119,edge_device,2026-01-01 11:47:24,4,0.092149927600595,0.256,normal,Cold-start: score vs population baseline (confidence ramping)
SES_0000377,DEV_0119,edge_device,2026-01-01 12:30:15,5,0.3302367816136977,0.27,normal,Cold-start: score vs population baseline (confidence ramping)
SES_0000384,DEV_0119,edge_device,2026-01-01 12:35:28,6,0.0920976245911158,0.28400000000000003,normal,Cold-start: score vs population baseline (confidence ramping)
SES_0000662,DEV_0119,edge_device,2026-01-01 17:38:30,7,0.2363830048443198,0.29800000000000004,normal,Cold-start: score vs population baseline (confidence ramping)
SES_0000988,DEV_0119,edge_device,2026-01-02 07:24:59,8,0.1142179549417068,0.312,normal,Cold-start: score vs population baseline (confidence ramping)
SES_0001040,DEV_0119,edge_device,2026-01-02 08:10:50,9,0.0922502462578892,0.326,normal,Cold-start: score vs population baseline (confidence ramping)
SES_0001059,DEV_0119,edge_device,2026-01-02 08:34:27,10,0.0749068436687376,0.33999999999999997,normal,Cold-start: score vs population baseline (confidence ramping)
SES_0001256,DEV_0119,edge_device,2026-01-02 12:38:29,11,0.0674870376309155,0.354,normal,Cold-start: score vs population baseline (confidence ramping)
SES_0001371,DEV_0119,edge_device,2026-01-02 15:02:24,12,0.0544624334542454,0.368,normal,Cold-start: score vs population baseline (confidence ramping)
SES_0001526,DEV_0119,edge_device,2026-01-02 18:06:36,13,0.1085863811495987,0.382,normal,Cold-start: score vs population baseline (confidence ramping)
SES_0001807,DEV_0119,edge_device,2026-01-03 07:33:14,14,0.134508404498978,0.396,normal,Cold-start: score vs population baseline (confidence ramping)
SES_0002017,DEV_0119,edge_device,2026-01-03 11:03:31,15,0.1054238263116301,0.41000000000000003,normal,Cold-start: score vs population baseline (confidence ramping)
SES_0002050,DEV_0119,edge_device,2026-01-03 11:43:35,16,0.0948661450584299,0.424,normal,Cold-start: score vs population baseline (confidence ramping)
SES_0002057,DEV_0119,edge_device,2026-01-03 11:48:56,17,0.3561920772878892,0.438,normal,Cold-start: score vs population baseline (confidence ramping)
SES_0002080,DEV_0119,edge_device,2026-01-03 12:12:52,18,0.3136650649546208,0.452,normal,Cold-start: score vs population baseline (confidence ramping)
SES_0002386,DEV_0119,edge_device,2026-01-03 17:53:27,19,0.1310827441267935,0.46599999999999997,normal,Cold-start: score vs population baseline (confidence ramping)
SES_0002411,DEV_0119,edge_device,2026-01-03 18:20:29,20,0.2795030479144859,0.48,normal,Cold-start: score vs population baseline (confidence ramping)
SES_0002693,DEV_0119,edge_device,2026-01-04 07:45:33,21,0.1359098554103325,0.494,normal,Cold-start: score vs population baseline (confidence ramping)
SES_0002720,DEV_0119,edge_device,2026-01-04 08:05:46,22,0.1182922912461143,0.508,normal,Cold-start: score vs population baseline (confidence ramping)
SES_0002735,DEV_0119,edge_device,2026-01-04 08:18:58,23,0.1238778629294921,0.522,normal,Cold-start: score vs population baseline (confidence ramping)
SES_0002777,DEV_0119,edge_device,2026-01-04 08:54:34,24,0.1004425353353158,0.536,normal,Cold-start: score vs population baseline (confidence ramping)
SES_0002980,DEV_0119,edge_device,2026-01-04 12:23:31,25,0.1044414077689741,0.55,normal,Cold-start: score vs population baseline (confidence ramping)
SES_0003006,DEV_0119,edge_device,2026-01-04 12:50:51,26,0.1487665981689884,0.5640000000000001,normal,Cold-start: score vs population baseline (confidence ramping)
SES_0003149,DEV_0119,edge_device,2026-01-04 15:29:57,27,0.1162261138938381,0.5780000000000001,normal,Cold-start: score vs population baseline (confidence ramping)
SES_0003165,DEV_0119,edge_device,2026-01-04 15:41:55,28,0.1657131471123806,0.5920000000000001,normal,Cold-start: score vs population baseline (confidence ramping)
SES_0003196,DEV_0119,edge_device,2026-01-04 16:18:25,29,0.1047818827541216,0.606,normal,Cold-start: score vs population baseline (confidence ramping)
SES_0003229,DEV_0119,edge_device,2026-01-04 16:54:58,30,0.0895245443499852,0.62,normal,Cold-start: score vs population baseline (confidence ramping)
SES_0003317,DEV_0119,edge_device,2026-01-04 18:42:45,31,0.1164953816165643,0.634,normal,Cold-start: score vs population baseline (confidence ramping)
SES_0003574,DEV_0119,edge_device,2026-01-05 07:38:00,32,0.0876096169708197,0.6479999999999999,normal,Cold-start: score vs population baseline (confidence ramping)
SES_0003835,DEV_0119,edge_device,2026-01-05 12:15:20,33,0.0699875365622289,0.6619999999999999,normal,Cold-start: score vs population baseline (confidence ramping)
SES_0003859,DEV_0119,edge_device,2026-01-05 12:38:56,34,0.0877683059319842,0.6759999999999999,normal,Cold-start: score vs population baseline (confidence ramping)
SES_0004025,DEV_0119,edge_device,2026-01-05 15:24:53,35,0.0664092658338155,0.69,normal,Cold-start: score vs population baseline (confidence ramping)
SES_0004147,DEV_0119,edge_device,2026-01-05 17:24:16,36,0.0730275546613871,0.704,normal,Cold-start: score vs population baseline (confidence ramping)
SES_0004165,DEV_0119,edge_device,2026-01-05 17:41:53,37,0.1954404608683306,0.718,normal,Cold-start: score vs population baseline (confidence ramping)
SES_0004462,DEV_0119,edge_device,2026-01-06 07:29:40,38,0.185847029644564,0.732,normal,Cold-start: score vs population baseline (confidence ramping)
SES_0004697,DEV_0119,edge_device,2026-01-06 11:01:13,39,0.0922741779688806,0.746,normal,Cold-start: score vs population baseline (confidence ramping)
SES_0004739,DEV_0119,edge_device,2026-01-06 12:03:16,40,0.0771841962429658,0.76,normal,Cold-start: score vs population baseline (confidence ramping)
SES_0004777,DEV_0119,edge_device,2026-01-06 12:44:13,41,0.0809810781005869,0.774,normal,Cold-start: score vs population baseline (confidence ramping)
SES_0004918,DEV_0119,edge_device,2026-01-06 15:22:29,42,0.0517487749796564,0.788,normal,Cold-start: score vs population baseline (confidence ramping)
SES_0004956,DEV_0119,edge_device,2026-01-06 16:07:10,43,0.0472653662000152,0.802,normal,Cold-start: score vs population baseline (confidence ramping)
SES_0004987,DEV_0119,edge_device,2026-01-06 16:39:11,44,0.05134843415573,0.8160000000000001,normal,Cold-start: score vs population baseline (confidence ramping)
SES_0005015,DEV_0119,edge_device,2026-01-06 17:05:14,45,0.0613931570694503,0.8300000000000001,normal,Cold-start: score vs population baseline (confidence ramping)
SES_0005040,DEV_0119,edge_device,2026-01-06 17:33:29,46,0.0546979913120762,0.8440000000000001,normal,Cold-start: score vs population baseline (confidence ramping)
SES_0005098,DEV_0119,edge_device,2026-01-06 18:32:33,47,0.0636063945073509,0.8579999999999999,normal,Cold-start: score vs population baseline (confidence ramping)
SES_0005116,DEV_0119,edge_device,2026-01-06 18:54:21,48,0.2052974202575369,0.8719999999999999,normal,Cold-start: score vs population baseline (confidence ramping)
SES_0005405,DEV_0119,edge_device,2026-01-07 08:03:01,49,0.0786204227074995,0.8859999999999999,normal,Cold-start: score vs population baseline (confidence ramping)
SES_0005807,DEV_0119,edge_device,2026-01-07 15:13:21,50,0.0917335923757366,0.8999999999999999,normal,Cold-start: score vs population baseline (confidence ramping)
SES_0000044,SVC_0078,service_account,2026-01-01 07:01:41,1,0.3707456946610157,0.21400000000000002,normal,Cold-start: score vs population baseline (confidence ramping)
SES_0000069,SVC_0078,service_account,2026-01-01 07:18:54,2,0.2986962918348551,0.228,normal,Cold-start: score vs population baseline (confidence ramping)
SES_0000127,SVC_0078,service_account,2026-01-01 08:16:10,3,0.2380117003197274,0.242,normal,Cold-start: score vs population baseline (confidence ramping)
SES_0000262,SVC_0078,service_account,2026-01-01 10:38:58,4,0.2273453032737556,0.256,normal,Cold-start: score vs population baseline (confidence ramping)
SES_0000263,SVC_0078,service_account,2026-01-01 10:39:17,5,0.4124224107360754,0.27,normal,Cold-start: score vs population baseline (confidence ramping)
SES_0000316,SVC_0078,service_account,2026-01-01 11:28:45,6,0.2564350529084779,0.28400000000000003,normal,Cold-start: score vs population baseline (confidence ramping)
SES_0000342,SVC_0078,service_account,2026-01-01 11:55:08,7,0.1437461887976695,0.29800000000000004,normal,Cold-start: score vs population baseline (confidence ramping)
SES_0000744,SVC_0078,service_account,2026-01-01 19:00:03,8,0.1437727966845944,0.312,normal,Cold-start: score vs population baseline (confidence ramping)
SES_0001057,SVC_0078,service_account,2026-01-02 08:30:12,9,0.1160251659563895,0.326,normal,Cold-start: score vs population baseline (confidence ramping)
SES_0001064,SVC_0078,service_account,2026-01-02 08:44:44,10,0.1054224377981094,0.33999999999999997,normal,Cold-start: score vs population baseline (confidence ramping)
SES_0001153,SVC_0078,service_account,2026-01-02 10:42:50,11,0.0705464618839601,0.354,normal,Cold-start: score vs population baseline (confidence ramping)
SES_0001161,SVC_0078,service_account,2026-01-02 10:56:46,12,0.2066229368537791,0.368,normal,Cold-start: score vs population baseline (confidence ramping)
SES_0001196,SVC_0078,service_account,2026-01-02 11:36:19,13,0.0883799227762617,0.382,normal,Cold-start: score vs population baseline (confidence ramping)
SES_0001205,SVC_0078,service_account,2026-01-02 11:44:01,14,0.0742041939472477,0.396,normal,Cold-start: score vs population baseline (confidence ramping)
SES_0001783,SVC_0078,service_account,2026-01-03 07:20:38,15,0.1165218209653767,0.41000000000000003,normal,Cold-start: score vs population baseline (confidence ramping)
SES_0001814,SVC_0078,service_account,2026-01-03 07:38:10,16,0.1463227189080191,0.424,normal,Cold-start: score vs population baseline (confidence ramping)
SES_0001820,SVC_0078,service_account,2026-01-03 07:40:28,17,0.1086180958950957,0.438,normal,Cold-start: score vs population baseline (confidence ramping)
SES_0001837,SVC_0078,service_account,2026-01-03 07:52:15,18,0.1080714839566488,0.452,normal,Cold-start: score vs population baseline (confidence ramping)
SES_0001890,SVC_0078,service_account,2026-01-03 08:43:04,19,0.1349121055699158,0.46599999999999997,normal,Cold-start: score vs population baseline (confidence ramping)
SES_0002038,SVC_0078,service_account,2026-01-03 11:26:09,20,0.0766198048602019,0.48,normal,Cold-start: score vs population baseline (confidence ramping)
SES_0002045,SVC_0078,service_account,2026-01-03 11:41:37,21,0.1400511712536171,0.494,normal,Cold-start: score vs population baseline (confidence ramping)
SES_0002072,SVC_0078,service_account,2026-01-03 12:04:54,22,0.1054566746067816,0.508,normal,Cold-start: score vs population baseline (confidence ramping)
SES_0002721,SVC_0078,service_account,2026-01-04 08:05:57,23,0.1224922022307399,0.522,normal,Cold-start: score vs population baseline (confidence ramping)
SES_0002745,SVC_0078,service_account,2026-01-04 08:29:58,24,0.1187886336354075,0.536,normal,Cold-start: score vs population baseline (confidence ramping)
SES_0002768,SVC_0078,service_account,2026-01-04 08:47:07,25,0.1253436560408295,0.55,normal,Cold-start: score vs population baseline (confidence ramping)
SES_0002854,SVC_0078,service_account,2026-01-04 10:26:00,26,0.1074670285352542,0.5640000000000001,normal,Cold-start: score vs population baseline (confidence ramping)
SES_0003359,SVC_0078,service_account,2026-01-04 19:26:09,27,0.1890296944139939,0.5780000000000001,normal,Cold-start: score vs population baseline (confidence ramping)
SES_0003541,SVC_0078,service_account,2026-01-05 07:05:50,28,0.1621548498332213,0.5920000000000001,normal,Cold-start: score vs population baseline (confidence ramping)
SES_0003619,SVC_0078,service_account,2026-01-05 08:41:19,29,0.1745911963242046,0.606,normal,Cold-start: score vs population baseline (confidence ramping)
SES_0003732,SVC_0078,service_account,2026-01-05 10:29:36,30,0.2606382851138522,0.62,normal,Cold-start: score vs population baseline (confidence ramping)
SES_0003734,SVC_0078,service_account,2026-01-05 10:31:35,31,0.3808008379902834,0.634,normal,Cold-start: score vs population baseline (confidence ramping)
SES_0003782,SVC_0078,service_account,2026-01-05 11:16:06,32,0.1394389096753986,0.6479999999999999,normal,Cold-start: score vs population baseline (confidence ramping)
SES_0003799,SVC_0078,service_account,2026-01-05 11:30:50,33,0.1410365342196891,0.6619999999999999,normal,Cold-start: score vs population baseline (confidence ramping)
SES_0003818,SVC_0078,service_account,2026-01-05 11:51:31,34,0.1459103555162513,0.6759999999999999,normal,Cold-start: score vs population baseline (confidence ramping)
SES_0004545,SVC_0078,service_account,2026-01-06 08:47:45,35,0.0930640083842502,0.69,normal,Cold-start: score vs population baseline (confidence ramping)
SES_0004558,SVC_0078,service_account,2026-01-06 08:59:13,36,0.0981889133820949,0.704,normal,Cold-start: score vs population baseline (confidence ramping)
SES_0004637,SVC_0078,service_account,2026-01-06 10:07:47,37,0.07746872591617,0.718,normal,Cold-start: score vs population baseline (confidence ramping)
SES_0004642,SVC_0078,service_account,2026-01-06 10:10:26,38,0.0733876731319205,0.732,normal,Cold-start: score vs population baseline (confidence ramping)
SES_0004758,SVC_0078,service_account,2026-01-06 12:25:47,39,0.0843002422350558,0.746,normal,Cold-start: score vs population baseline (confidence ramping)
SES_0004773,SVC_0078,service_account,2026-01-06 12:38:10,40,0.0665661317977845,0.76,normal,Cold-start: score vs population baseline (confidence ramping)
SES_0005126,SVC_0078,service_account,2026-01-06 19:12:37,41,0.0752367510116825,0.774,normal,Cold-start: score vs population baseline (confidence ramping)
SES_0005139,SVC_0078,service_account,2026-01-06 19:22:37,42,0.0552195007778563,0.788,normal,Cold-start: score vs population baseline (confidence ramping)
SES_0005573,SVC_0078,service_account,2026-01-07 10:51:47,43,0.092187223592369,0.802,normal,Cold-start: score vs population baseline (confidence ramping)
SES_0005628,SVC_0078,service_account,2026-01-07 11:47:59,44,0.1130206639832022,0.8160000000000001,normal,Cold-start: score vs population baseline (confidence ramping)
SES_0005639,SVC_0078,service_account,2026-01-07 11:58:42,45,0.0410909688029276,0.8300000000000001,normal,Cold-start: score vs population baseline (confidence ramping)
SES_0006238,SVC_0078,service_account,2026-01-08 07:44:15,46,0.061158178354995,0.8440000000000001,normal,Cold-start: score vs population baseline (confidence ramping)
SES_0006252,SVC_0078,service_account,2026-01-08 07:54:40,47,0.0430486697952843,0.8579999999999999,normal,Cold-start: score vs population baseline (confidence ramping)
SES_0006278,SVC_0078,service_account,2026-01-08 08:09:56,48,0.1899815307144415,0.8719999999999999,normal,Cold-start: score vs population baseline (confidence ramping)
SES_0006290,SVC_0078,service_account,2026-01-08 08:17:42,49,0.077959484337244,0.8859999999999999,normal,Cold-start: score vs population baseline (confidence ramping)
SES_0006292,SVC_0078,service_account,2026-01-08 08:20:13,50,0.0775435739022458,0.8999999999999999,normal,Cold-start: score vs population baseline (confidence ramping)
SES_0000179,SVC_0079,service_account,2026-01-01 09:08:29,1,0.3821821844712097,0.21400000000000002,normal,Cold-start: score vs population baseline (confidence ramping)
SES_0000192,SVC_0079,service_account,2026-01-01 09:23:24,2,0.2551754379628992,0.228,normal,Cold-start: score vs population baseline (confidence ramping)
SES_0000211,SVC_0079,service_account,2026-01-01 09:40:52,3,0.1921846929346772,0.242,normal,Cold-start: score vs population baseline (confidence ramping)
SES_0000420,SVC_0079,service_account,2026-01-01 13:09:35,4,0.2964998449974948,0.256,normal,Cold-start: score vs population baseline (confidence ramping)
SES_0001048,SVC_0079,service_account,2026-01-02 08:20:28,5,0.2665831251862462,0.27,normal,Cold-start: score vs population baseline (confidence ramping)
SES_0001066,SVC_0079,service_account,2026-01-02 08:49:47,6,0.1256899616476851,0.28400000000000003,normal,Cold-start: score vs population baseline (confidence ramping)
SES_0001131,SVC_0079,service_account,2026-01-02 10:16:01,7,0.1212590049213826,0.29800000000000004,normal,Cold-start: score vs population baseline (confidence ramping)
SES_0001156,SVC_0079,service_account,2026-01-02 10:47:33,8,0.1248677888849923,0.312,normal,Cold-start: score vs population baseline (confidence ramping)
SES_0001298,SVC_0079,service_account,2026-01-02 13:28:55,9,0.1230915524576869,0.326,normal,Cold-start: score vs population baseline (confidence ramping)
SES_0001309,SVC_0079,service_account,2026-01-02 13:44:31,10,0.3004723008074592,0.33999999999999997,normal,Cold-start: score vs population baseline (confidence ramping)
SES_0001374,SVC_0079,service_account,2026-01-02 15:07:05,11,0.1618400473942575,0.354,normal,Cold-start: score vs population baseline (confidence ramping)
SES_0001644,SVC_0079,service_account,2026-01-02 20:52:06,12,0.1401619138128514,0.368,normal,Cold-start: score vs population baseline (confidence ramping)
SES_0001654,SVC_0079,service_account,2026-01-02 21:01:31,13,0.2132113372267377,0.382,normal,Cold-start: score vs population baseline (confidence ramping)
SES_0001656,SVC_0079,service_account,2026-01-02 21:03:00,14,0.251043909527023,0.396,normal,Cold-start: score vs population baseline (confidence ramping)
SES_0001994,SVC_0079,service_account,2026-01-03 10:31:10,15,0.1189404359468522,0.41000000000000003,normal,Cold-start: score vs population baseline (confidence ramping)
SES_0002158,SVC_0079,service_account,2026-01-03 13:41:31,16,0.1208553813309851,0.424,normal,Cold-start: score vs population baseline (confidence ramping)
SES_0002159,SVC_0079,service_account,2026-01-03 13:43:26,17,0.2849611522923038,0.438,normal,Cold-start: score vs population baseline (confidence ramping)
SES_0002167,SVC_0079,service_account,2026-01-03 13:53:21,18,0.2073184623555519,0.452,normal,Cold-start: score vs population baseline (confidence ramping)
SES_0002274,SVC_0079,service_account,2026-01-03 16:00:00,19,0.3394928320965744,0.46599999999999997,edge_case,Cold-start: score vs population baseline (confidence ramping)
SES_0002533,SVC_0079,service_account,2026-01-03 21:02:25,20,0.3547063677682651,0.48,normal,Cold-start: score vs population baseline (confidence ramping)
SES_0002835,SVC_0079,service_account,2026-01-04 10:06:01,21,0.1496685778361697,0.494,normal,Cold-start: score vs population baseline (confidence ramping)
SES_0002852,SVC_0079,service_account,2026-01-04 10:22:44,22,0.173143129093001,0.508,normal,Cold-start: score vs population baseline (confidence ramping)
SES_0003022,SVC_0079,service_account,2026-01-04 13:06:37,23,0.1421290963332898,0.522,normal,Cold-start: score vs population baseline (confidence ramping)
SES_0003121,SVC_0079,service_account,2026-01-04 15:04:29,24,0.2256221881886967,0.536,normal,Cold-start: score vs population baseline (confidence ramping)
SES_0003397,SVC_0079,service_account,2026-01-04 20:18:12,25,0.2053245237716673,0.55,normal,Cold-start: score vs population baseline (confidence ramping)
SES_0003408,SVC_0079,service_account,2026-01-04 20:35:23,26,0.2021622682303737,0.5640000000000001,normal,Cold-start: score vs population baseline (confidence ramping)
SES_0003453,SVC_0079,service_account,2026-01-04 21:33:28,27,0.2638999600618624,0.5780000000000001,normal,Cold-start: score vs population baseline (confidence ramping)
SES_0003670,SVC_0079,service_account,2026-01-05 09:29:59,28,0.1440140906367603,0.5920000000000001,normal,Cold-start: score vs population baseline (confidence ramping)
SES_0003934,SVC_0079,service_account,2026-01-05 13:55:01,29,0.3056381960117788,0.606,normal,Cold-start: score vs population baseline (confidence ramping)
SES_0004037,SVC_0079,service_account,2026-01-05 15:39:57,30,0.1708282868670217,0.62,normal,Cold-start: score vs population baseline (confidence ramping)
SES_0004279,SVC_0079,service_account,2026-01-05 20:16:28,31,0.1615400536717277,0.634,normal,Cold-start: score vs population baseline (confidence ramping)
SES_0004344,SVC_0079,service_account,2026-01-05 21:22:53,32,0.2509335148245014,0.6479999999999999,normal,Cold-start: score vs population baseline (confidence ramping)
SES_0004613,SVC_0079,service_account,2026-01-06 09:53:31,33,0.1310323299616083,0.6619999999999999,normal,Cold-start: score vs population baseline (confidence ramping)
SES_0004663,SVC_0079,service_account,2026-01-06 10:31:23,34,0.1545838132476714,0.6759999999999999,normal,Cold-start: score vs population baseline (confidence ramping)
SES_0004815,SVC_0079,service_account,2026-01-06 13:31:39,35,0.1017678381457658,0.69,normal,Cold-start: score vs population baseline (confidence ramping)
SES_0004932,SVC_0079,service_account,2026-01-06 15:43:33,36,0.1595371999045416,0.704,normal,Cold-start: score vs population baseline (confidence ramping)
SES_0004948,SVC_0079,service_account,2026-01-06 15:57:38,37,0.1315184445308065,0.718,normal,Cold-start: score vs population baseline (confidence ramping)
SES_0005245,SVC_0079,service_account,2026-01-06 21:41:20,38,0.2193342245031717,0.732,normal,Cold-start: score vs population baseline (confidence ramping)
SES_0005426,SVC_0079,service_account,2026-01-07 08:24:08,39,0.1266559078706777,0.746,normal,Cold-start: score vs population baseline (confidence ramping)
SES_0005435,SVC_0079,service_account,2026-01-07 08:32:50,40,0.091794403043043,0.76,normal,Cold-start: score vs population baseline (confidence ramping)
SES_0005446,SVC_0079,service_account,2026-01-07 08:46:08,41,0.1155837301033499,0.774,normal,Cold-start: score vs population baseline (confidence ramping)
SES_0005509,SVC_0079,service_account,2026-01-07 09:54:48,42,0.1005964041471995,0.788,normal,Cold-start: score vs population baseline (confidence ramping)
SES_0006053,SVC_0079,service_account,2026-01-07 20:08:21,43,0.1563122431666443,0.802,normal,Cold-start: score vs population baseline (confidence ramping)
SES_0006060,SVC_0079,service_account,2026-01-07 20:20:15,44,0.2058076241269923,0.8160000000000001,normal,Cold-start: score vs population baseline (confidence ramping)
SES_0006066,SVC_0079,service_account,2026-01-07 20:25:32,45,0.1709851308009555,0.8300000000000001,normal,Cold-start: score vs population baseline (confidence ramping)
SES_0006378,SVC_0079,service_account,2026-01-08 09:50:17,46,0.1081827878616079,0.8440000000000001,normal,Cold-start: score vs population baseline (confidence ramping)
SES_0006421,SVC_0079,service_account,2026-01-08 10:23:47,47,0.1104301926405823,0.8579999999999999,normal,Cold-start: score vs population baseline (confidence ramping)
SES_0006711,SVC_0079,service_account,2026-01-08 15:47:26,48,0.1268339122969876,0.8719999999999999,normal,Cold-start: score vs population baseline (confidence ramping)
SES_0006714,SVC_0079,service_account,2026-01-08 15:49:28,49,0.1257230050218891,0.8859999999999999,normal,Cold-start: score vs population baseline (confidence ramping)
SES_0006930,SVC_0079,service_account,2026-01-08 20:14:17,50,0.1339550353111149,0.8999999999999999,normal,Cold-start: score vs population baseline (confidence ramping)
SES_0000276,SVC_0080,service_account,2026-01-01 10:52:40,1,0.345957883550217,0.21400000000000002,normal,Cold-start: score vs population baseline (confidence ramping)
SES_0000385,SVC_0080,service_account,2026-01-01 12:39:22,2,0.259390036188537,0.228,normal,Cold-start: score vs population baseline (confidence ramping)
SES_0000592,SVC_0080,service_account,2026-01-01 16:27:55,3,0.0609855046839553,0.242,normal,Cold-start: score vs population baseline (confidence ramping)
SES_0000671,SVC_0080,service_account,2026-01-01 17:43:31,4,0.1237031673486344,0.256,normal,Cold-start: score vs population baseline (confidence ramping)
SES_0000784,SVC_0080,service_account,2026-01-01 19:45:22,5,0.2306999841762232,0.27,normal,Cold-start: score vs population baseline (confidence ramping)
SES_0001135,SVC_0080,service_account,2026-01-02 10:17:28,6,0.0477029157759307,0.28400000000000003,normal,Cold-start: score vs population baseline (confidence ramping)
SES_0001218,SVC_0080,service_account,2026-01-02 12:01:53,7,0.0578456248062757,0.29800000000000004,normal,Cold-start: score vs population baseline (confidence ramping)
SES_0001255,SVC_0080,service_account,2026-01-02 12:38:27,8,0.2349021189553527,0.312,normal,Cold-start: score vs population baseline (confidence ramping)
SES_0001310,SVC_0080,service_account,2026-01-02 13:45:41,9,0.0942372455177525,0.326,normal,Cold-start: score vs population baseline (confidence ramping)
SES_0001438,SVC_0080,service_account,2026-01-02 16:32:49,10,0.0657180046286435,0.33999999999999997,normal,Cold-start: score vs population baseline (confidence ramping)
SES_0001460,SVC_0080,service_account,2026-01-02 17:00:16,11,0.05407381227894,0.354,normal,Cold-start: score vs population baseline (confidence ramping)
SES_0001487,SVC_0080,service_account,2026-01-02 17:29:00,12,0.062835890844207,0.368,normal,Cold-start: score vs population baseline (confidence ramping)
SES_0001508,SVC_0080,service_account,2026-01-02 17:54:03,13,0.047635149679846,0.382,normal,Cold-start: score vs population baseline (confidence ramping)
SES_0001564,SVC_0080,service_account,2026-01-02 19:04:57,14,0.2464666107788219,0.396,normal,Cold-start: score vs population baseline (confidence ramping)
SES_0001594,SVC_0080,service_account,2026-01-02 19:38:05,15,0.2648385373885935,0.41000000000000003,normal,Cold-start: score vs population baseline (confidence ramping)
SES_0001596,SVC_0080,service_account,2026-01-02 19:42:05,16,0.053219069428025,0.424,normal,Cold-start: score vs population baseline (confidence ramping)
SES_0001998,SVC_0080,service_account,2026-01-03 10:38:25,17,0.0805839680441114,0.438,normal,Cold-start: score vs population baseline (confidence ramping)
SES_0002070,SVC_0080,service_account,2026-01-03 12:01:19,18,0.1265706664944299,0.452,normal,Cold-start: score vs population baseline (confidence ramping)
SES_0002094,SVC_0080,service_account,2026-01-03 12:25:38,19,0.1418667751749031,0.46599999999999997,normal,Cold-start: score vs population baseline (confidence ramping)
SES_0002095,SVC_0080,service_account,2026-01-03 12:25:45,20,0.0852270248119943,0.48,normal,Cold-start: score vs population baseline (confidence ramping)
SES_0002154,SVC_0080,service_account,2026-01-03 13:38:31,21,0.0887338800889642,0.494,normal,Cold-start: score vs population baseline (confidence ramping)
SES_0002161,SVC_0080,service_account,2026-01-03 13:45:22,22,0.0839754537801881,0.508,normal,Cold-start: score vs population baseline (confidence ramping)
SES_0002165,SVC_0080,service_account,2026-01-03 13:50:52,23,0.0853314444247347,0.522,normal,Cold-start: score vs population baseline (confidence ramping)
SES_0002277,SVC_0080,service_account,2026-01-03 16:04:18,24,0.1243858302027014,0.536,normal,Cold-start: score vs population baseline (confidence ramping)
SES_0002343,SVC_0080,service_account,2026-01-03 17:08:11,25,0.0858016139162893,0.55,normal,Cold-start: score vs population baseline (confidence ramping)
SES_0002453,SVC_0080,service_account,2026-01-03 19:20:35,26,0.0959446357332769,0.5640000000000001,normal,Cold-start: score vs population baseline (confidence ramping)
SES_0002464,SVC_0080,service_account,2026-01-03 19:29:11,27,0.1023921465600554,0.5780000000000001,normal,Cold-start: score vs population baseline (confidence ramping)
SES_0002833,SVC_0080,service_account,2026-01-04 10:03:25,28,0.0732524053454872,0.5920000000000001,normal,Cold-start: score vs population baseline (confidence ramping)
SES_0002972,SVC_0080,service_account,2026-01-04 12:16:23,29,0.0872684777779932,0.606,normal,Cold-start: score vs population baseline (confidence ramping)
SES_0003124,SVC_0080,service_account,2026-01-04 15:09:00,30,0.0812855162355578,0.62,normal,Cold-start: score vs population baseline (confidence ramping)
SES_0003174,SVC_0080,service_account,2026-01-04 15:47:17,31,0.0911941005730497,0.634,normal,Cold-start: score vs population baseline (confidence ramping)
SES_0003255,SVC_0080,service_account,2026-01-04 17:23:39,32,0.0896133988557373,0.6479999999999999,normal,Cold-start: score vs population baseline (confidence ramping)
SES_0003713,SVC_0080,service_account,2026-01-05 10:10:10,33,0.1121918647183182,0.6619999999999999,normal,Cold-start: score vs population baseline (confidence ramping)
SES_0003720,SVC_0080,service_account,2026-01-05 10:16:39,34,0.0965544887126107,0.6759999999999999,normal,Cold-start: score vs population baseline (confidence ramping)
SES_0003827,SVC_0080,service_account,2026-01-05 12:03:29,35,0.0650463727609121,0.69,normal,Cold-start: score vs population baseline (confidence ramping)
SES_0003837,SVC_0080,service_account,2026-01-05 12:15:56,36,0.1229897769069502,0.704,normal,Cold-start: score vs population baseline (confidence ramping)
SES_0003844,SVC_0080,service_account,2026-01-05 12:24:13,37,0.1001376874492762,0.718,normal,Cold-start: score vs population baseline (confidence ramping)
SES_0003854,SVC_0080,service_account,2026-01-05 12:31:24,38,0.1190522218473823,0.732,normal,Cold-start: score vs population baseline (confidence ramping)
SES_0003933,SVC_0080,service_account,2026-01-05 13:54:35,39,0.1023872758450141,0.746,normal,Cold-start: score vs population baseline (confidence ramping)
SES_0003936,SVC_0080,service_account,2026-01-05 13:55:29,40,0.1026812627731441,0.76,normal,Cold-start: score vs population baseline (confidence ramping)
SES_0004042,SVC_0080,service_account,2026-01-05 15:45:46,41,0.1051072569103863,0.774,normal,Cold-start: score vs population baseline (confidence ramping)
SES_0004095,SVC_0080,service_account,2026-01-05 16:32:39,42,0.1055188607581281,0.788,normal,Cold-start: score vs population baseline (confidence ramping)
SES_0004255,SVC_0080,service_account,2026-01-05 19:37:02,43,0.0692332664235933,0.802,normal,Cold-start: score vs population baseline (confidence ramping)
SES_0004677,SVC_0080,service_account,2026-01-06 10:46:28,44,0.0363545421803036,0.8160000000000001,normal,Cold-start: score vs population baseline (confidence ramping)
SES_0004789,SVC_0080,service_account,2026-01-06 12:52:34,45,0.0432751441204987,0.8300000000000001,normal,Cold-start: score vs population baseline (confidence ramping)
SES_0004842,SVC_0080,service_account,2026-01-06 13:58:49,46,0.0158174246896779,0.8440000000000001,normal,Cold-start: score vs population baseline (confidence ramping)
SES_0004999,SVC_0080,service_account,2026-01-06 16:50:07,47,0.0214008828087185,0.8579999999999999,normal,Cold-start: score vs population baseline (confidence ramping)
SES_0005031,SVC_0080,service_account,2026-01-06 17:21:52,48,0.0385193848585124,0.8719999999999999,normal,Cold-start: score vs population baseline (confidence ramping)
SES_0005547,SVC_0080,service_account,2026-01-07 10:26:53,49,0.0229705455723412,0.8859999999999999,normal,Cold-start: score vs population baseline (confidence ramping)
SES_0005571,SVC_0080,service_account,2026-01-07 10:47:52,50,0.012792258816024,0.8999999999999999,normal,Cold-start: score vs population baseline (confidence ramping)
SES_0000009,SVC_0081,service_account,2026-01-01 06:11:29,1,0.4109906862538605,0.21400000000000002,normal,Cold-start: score vs population baseline (confidence ramping)
SES_0000243,SVC_0081,service_account,2026-01-01 10:17:16,2,0.4699578655785544,0.228,normal,Cold-start: score vs population baseline (confidence ramping)
SES_0000260,SVC_0081,service_account,2026-01-01 10:37:04,3,0.1684532699189577,0.242,normal,Cold-start: score vs population baseline (confidence ramping)
SES_0000362,SVC_0081,service_account,2026-01-01 12:16:21,4,0.1443934068773617,0.256,normal,Cold-start: score vs population baseline (confidence ramping)
SES_0000541,SVC_0081,service_account,2026-01-01 15:23:42,5,0.228157569227373,0.27,normal,Cold-start: score vs population baseline (confidence ramping)
SES_0000624,SVC_0081,service_account,2026-01-01 17:00:08,6,0.0676774596334244,0.28400000000000003,normal,Cold-start: score vs population baseline (confidence ramping)
SES_0000650,SVC_0081,service_account,2026-01-01 17:26:16,7,0.0862961627777931,0.29800000000000004,normal,Cold-start: score vs population baseline (confidence ramping)
SES_0000696,SVC_0081,service_account,2026-01-01 18:07:14,8,0.1133583392422416,0.312,normal,Cold-start: score vs population baseline (confidence ramping)
SES_0000775,SVC_0081,service_account,2026-01-01 19:36:01,9,0.1017143173730024,0.326,normal,Cold-start: score vs population baseline (confidence ramping)
SES_0000776,SVC_0081,service_account,2026-01-01 19:37:00,10,0.2315736337345278,0.33999999999999997,normal,Cold-start: score vs population baseline (confidence ramping)
SES_0000864,SVC_0081,service_account,2026-01-01 21:12:13,11,0.2932297903866931,0.354,normal,Cold-start: score vs population baseline (confidence ramping)
SES_0000881,SVC_0081,service_account,2026-01-01 21:34:35,12,0.1688700293713322,0.368,normal,Cold-start: score vs population baseline (confidence ramping)
SES_0000906,SVC_0081,service_account,2026-01-01 21:56:41,13,0.1960164228775543,0.382,normal,Cold-start: score vs population baseline (confidence ramping)
SES_0001129,SVC_0081,service_account,2026-01-02 10:15:11,14,0.1144573071801595,0.396,normal,Cold-start: score vs population baseline (confidence ramping)
SES_0001506,SVC_0081,service_account,2026-01-02 17:53:16,15,0.1221286743600387,0.41000000000000003,normal,Cold-start: score vs population baseline (confidence ramping)
SES_0001558,SVC_0081,service_account,2026-01-02 18:52:46,16,0.1197288337997398,0.424,normal,Cold-start: score vs population baseline (confidence ramping)
SES_0001739,SVC_0081,service_account,2026-01-03 06:50:26,17,0.2567500662045762,0.438,normal,Cold-start: score vs population baseline (confidence ramping)
SES_0001954,SVC_0081,service_account,2026-01-03 10:00:38,18,0.2258802276961584,0.452,normal,Cold-start: score vs population baseline (confidence ramping)
SES_0002103,SVC_0081,service_account,2026-01-03 12:41:43,19,0.1256738875521391,0.46599999999999997,normal,Cold-start: score vs population baseline (confidence ramping)
SES_0002221,SVC_0081,service_account,2026-01-03 15:07:51,20,0.1309695407571694,0.48,normal,Cold-start: score vs population baseline (confidence ramping)
SES_0002249,SVC_0081,service_account,2026-01-03 15:38:50,21,0.2571324906867342,0.494,normal,Cold-start: score vs population baseline (confidence ramping)
SES_0002388,SVC_0081,service_account,2026-01-03 17:54:54,22,0.1989985955232395,0.508,normal,Cold-start: score vs population baseline (confidence ramping)
SES_0002457,SVC_0081,service_account,2026-01-03 19:22:57,23,0.1572424024398951,0.522,normal,Cold-start: score vs population baseline (confidence ramping)
SES_0002463,SVC_0081,service_account,2026-01-03 19:28:58,24,0.1499862996224099,0.536,normal,Cold-start: score vs population baseline (confidence ramping)
SES_0002469,SVC_0081,service_account,2026-01-03 19:34:28,25,0.364323563588161,0.55,normal,Cold-start: score vs population baseline (confidence ramping)
SES_0002485,SVC_0081,service_account,2026-01-03 19:55:49,26,0.292177363712695,0.5640000000000001,normal,Cold-start: score vs population baseline (confidence ramping)
SES_0002488,SVC_0081,service_account,2026-01-03 19:58:17,27,0.1359842235218254,0.5780000000000001,normal,Cold-start: score vs population baseline (confidence ramping)
SES_0002609,SVC_0081,service_account,2026-01-04 06:24:42,28,0.3109877144616261,0.5920000000000001,normal,Cold-start: score vs population baseline (confidence ramping)
SES_0002629,SVC_0081,service_account,2026-01-04 06:59:50,29,0.2738888204832062,0.606,normal,Cold-start: score vs population baseline (confidence ramping)
SES_0002884,SVC_0081,service_account,2026-01-04 10:49:26,30,0.143255399139133,0.62,normal,Cold-start: score vs population baseline (confidence ramping)
SES_0002994,SVC_0081,service_account,2026-01-04 12:45:36,31,0.136842262693936,0.634,normal,Cold-start: score vs population baseline (confidence ramping)
SES_0002997,SVC_0081,service_account,2026-01-04 12:46:34,32,0.1560631676070251,0.6479999999999999,normal,Cold-start: score vs population baseline (confidence ramping)
SES_0003003,SVC_0081,service_account,2026-01-04 12:50:12,33,0.1163171004739503,0.6619999999999999,normal,Cold-start: score vs population baseline (confidence ramping)
SES_0003007,SVC_0081,service_account,2026-01-04 12:52:16,34,0.1487412585610874,0.6759999999999999,normal,Cold-start: score vs population baseline (confidence ramping)
SES_0003175,SVC_0081,service_account,2026-01-04 15:47:27,35,0.1343480120281723,0.69,normal,Cold-start: score vs population baseline (confidence ramping)
SES_0003180,SVC_0081,service_account,2026-01-04 15:53:28,36,0.1440259460537544,0.704,normal,Cold-start: score vs population baseline (confidence ramping)
SES_0003336,SVC_0081,service_account,2026-01-04 19:07:54,37,0.2045597018235358,0.718,normal,Cold-start: score vs population baseline (confidence ramping)
SES_0003498,SVC_0081,service_account,2026-01-05 06:08:30,38,0.2217652818604365,0.732,normal,Cold-start: score vs population baseline (confidence ramping)
SES_0003523,SVC_0081,service_account,2026-01-05 06:44:23,39,0.2043010023443574,0.746,normal,Cold-start: score vs population baseline (confidence ramping)
SES_0003731,SVC_0081,service_account,2026-01-05 10:26:07,40,0.1096504045842084,0.76,normal,Cold-start: score vs population baseline (confidence ramping)
SES_0003743,SVC_0081,service_account,2026-01-05 10:39:03,41,0.0801278002786499,0.774,normal,Cold-start: score vs population baseline (confidence ramping)
SES_0003849,SVC_0081,service_account,2026-01-05 12:27:44,42,0.0939651250800637,0.788,normal,Cold-start: score vs population baseline (confidence ramping)
SES_0003875,SVC_0081,service_account,2026-01-05 12:51:39,43,0.1050827661344095,0.802,normal,Cold-start: score vs population baseline (confidence ramping)
SES_0004044,SVC_0081,service_account,2026-01-05 15:46:57,44,0.1057066063972927,0.8160000000000001,normal,Cold-start: score vs population baseline (confidence ramping)
SES_0004398,SVC_0081,service_account,2026-01-06 06:17:11,45,0.1801950277578631,0.8300000000000001,normal,Cold-start: score vs population baseline (confidence ramping)
SES_0004399,SVC_0081,service_account,2026-01-06 06:17:59,46,0.2732579923865252,0.8440000000000001,normal,Cold-start: score vs population baseline (confidence ramping)
SES_0004422,SVC_0081,service_account,2026-01-06 06:53:38,47,0.2376088084583097,0.8579999999999999,normal,Cold-start: score vs population baseline (confidence ramping)
SES_0004623,SVC_0081,service_account,2026-01-06 10:00:09,48,0.0828321004012675,0.8719999999999999,normal,Cold-start: score vs population baseline (confidence ramping)
SES_0004915,SVC_0081,service_account,2026-01-06 15:17:46,49,0.0963509787323547,0.8859999999999999,normal,Cold-start: score vs population baseline (confidence ramping)
SES_0005039,SVC_0081,service_account,2026-01-06 17:29:23,50,0.2077027005254108,0.8999999999999999,normal,Cold-start: score vs population baseline (confidence ramping)
SES_0000177,SVC_0082,service_account,2026-01-01 09:06:31,1,0.3481744547780402,0.21400000000000002,normal,Cold-start: score vs population baseline (confidence ramping)
SES_0000218,SVC_0082,service_account,2026-01-01 09:45:15,2,0.2637989390623813,0.228,normal,Cold-start: score vs population baseline (confidence ramping)
SES_0000259,SVC_0082,service_account,2026-01-01 10:36:26,3,0.200542449096316,0.242,normal,Cold-start: score vs population baseline (confidence ramping)
SES_0000799,SVC_0082,service_account,2026-01-01 20:02:50,4,0.2321225711065514,0.256,normal,Cold-start: score vs population baseline (confidence ramping)
SES_0000830,SVC_0082,service_account,2026-01-01 20:35:35,5,0.2255689554192461,0.27,normal,Cold-start: score vs population baseline (confidence ramping)
SES_0001165,SVC_0082,service_account,2026-01-02 10:59:29,6,0.0659960925649043,0.28400000000000003,normal,Cold-start: score vs population baseline (confidence ramping)
SES_0001311,SVC_0082,service_account,2026-01-02 13:45:48,7,0.2162343074859928,0.29800000000000004,normal,Cold-start: score vs population baseline (confidence ramping)
SES_0001375,SVC_0082,service_account,2026-01-02 15:08:13,8,0.1567720773303536,0.312,normal,Cold-start: score vs population baseline (confidence ramping)
SES_0001410,SVC_0082,service_account,2026-01-02 15:56:55,9,0.0679243672621185,0.326,normal,Cold-start: score vs population baseline (confidence ramping)
SES_0001429,SVC_0082,service_account,2026-01-02 16:19:33,10,0.0532162125755834,0.33999999999999997,normal,Cold-start: score vs population baseline (confidence ramping)
SES_0001618,SVC_0082,service_account,2026-01-02 20:14:35,11,0.0919040060390216,0.354,normal,Cold-start: score vs population baseline (confidence ramping)
SES_0001648,SVC_0082,service_account,2026-01-02 20:53:35,12,0.2473229728840177,0.368,normal,Cold-start: score vs population baseline (confidence ramping)
SES_0001923,SVC_0082,service_account,2026-01-03 09:23:18,13,0.1118803371618287,0.382,normal,Cold-start: score vs population baseline (confidence ramping)
SES_0001987,SVC_0082,service_account,2026-01-03 10:26:18,14,0.101605311073556,0.396,normal,Cold-start: score vs population baseline (confidence ramping)
SES_0002335,SVC_0082,service_account,2026-01-03 16:57:50,15,0.0843964418295668,0.41000000000000003,normal,Cold-start: score vs population baseline (confidence ramping)
SES_0002520,SVC_0082,service_account,2026-01-03 20:49:07,16,0.1163310654833287,0.424,normal,Cold-start: score vs population baseline (confidence ramping)
SES_0002800,SVC_0082,service_account,2026-01-04 09:26:18,17,0.1134826446445774,0.438,normal,Cold-start: score vs population baseline (confidence ramping)
SES_0003051,SVC_0082,service_account,2026-01-04 13:41:32,18,0.1218664274798091,0.452,normal,Cold-start: score vs population baseline (confidence ramping)
SES_0003123,SVC_0082,service_account,2026-01-04 15:07:27,19,0.111263106109341,0.46599999999999997,normal,Cold-start: score vs population baseline (confidence ramping)
SES_0003389,SVC_0082,service_account,2026-01-04 20:09:10,20,0.1248947094562557,0.48,normal,Cold-start: score vs population baseline (confidence ramping)
SES_0003393,SVC_0082,service_account,2026-01-04 20:14:30,21,0.1428678325982496,0.494,normal,Cold-start: score vs population baseline (confidence ramping)
SES_0003410,SVC_0082,service_account,2026-01-04 20:39:35,22,0.1139329072568176,0.508,normal,Cold-start: score vs population baseline (confidence ramping)
SES_0003414,SVC_0082,service_account,2026-01-04 20:45:52,23,0.1380984107062676,0.522,normal,Cold-start: score vs population baseline (confidence ramping)
SES_0003640,SVC_0082,service_account,2026-01-05 09:06:15,24,0.0817873951181334,0.536,normal,Cold-start: score vs population baseline (confidence ramping)
SES_0003899,SVC_0082,service_account,2026-01-05 13:27:18,25,0.0797608262406691,0.55,normal,Cold-start: score vs population baseline (confidence ramping)
SES_0003903,SVC_0082,service_account,2026-01-05 13:30:37,26,0.0902550095313245,0.5640000000000001,normal,Cold-start: score vs population baseline (confidence ramping)
SES_0004070,SVC_0082,service_account,2026-01-05 16:08:55,27,0.0840918063615812,0.5780000000000001,normal,Cold-start: score vs population baseline (confidence ramping)
SES_0004298,SVC_0082,service_account,2026-01-05 20:31:49,28,0.1163623451058641,0.5920000000000001,normal,Cold-start: score vs population baseline (confidence ramping)
SES_0004656,SVC_0082,service_account,2026-01-06 10:24:41,29,0.1076756973772967,0.606,normal,Cold-start: score vs population baseline (confidence ramping)
SES_0004806,SVC_0082,service_account,2026-01-06 13:21:39,30,0.0433222076162775,0.62,normal,Cold-start: score vs population baseline (confidence ramping)
SES_0004836,SVC_0082,service_account,2026-01-06 13:54:12,31,0.0873644702804095,0.634,normal,Cold-start: score vs population baseline (confidence ramping)
SES_0004843,SVC_0082,service_account,2026-01-06 13:59:32,32,0.0539891261573659,0.6479999999999999,normal,Cold-start: score vs population baseline (confidence ramping)
SES_0004970,SVC_0082,service_account,2026-01-06 16:25:23,33,0.08622943792365,0.6619999999999999,normal,Cold-start: score vs population baseline (confidence ramping)
SES_0004975,SVC_0082,service_account,2026-01-06 16:30:57,34,0.0526934009616986,0.6759999999999999,normal,Cold-start: score vs population baseline (confidence ramping)
SES_0004984,SVC_0082,service_account,2026-01-06 16:37:04,35,0.0828225599380028,0.69,normal,Cold-start: score vs population baseline (confidence ramping)
SES_0005709,SVC_0082,service_account,2026-01-07 13:27:30,36,0.0708262136322865,0.704,normal,Cold-start: score vs population baseline (confidence ramping)
SES_0005818,SVC_0082,service_account,2026-01-07 15:26:42,37,0.0959635943827898,0.718,normal,Cold-start: score vs population baseline (confidence ramping)
SES_0005853,SVC_0082,service_account,2026-01-07 16:03:36,38,0.0648693742816972,0.732,normal,Cold-start: score vs population baseline (confidence ramping)
SES_0005895,SVC_0082,service_account,2026-01-07 16:56:39,39,0.0918136538781988,0.746,normal,Cold-start: score vs population baseline (confidence ramping)
SES_0006048,SVC_0082,service_account,2026-01-07 20:00:47,40,0.1454152831728041,0.76,normal,Cold-start: score vs population baseline (confidence ramping)
SES_0006091,SVC_0082,service_account,2026-01-07 20:59:50,41,0.0931882439249851,0.774,normal,Cold-start: score vs population baseline (confidence ramping)
SES_0006337,SVC_0082,service_account,2026-01-08 09:09:20,42,0.0425698682907979,0.788,normal,Cold-start: score vs population baseline (confidence ramping)
SES_0006673,SVC_0082,service_account,2026-01-08 15:05:41,43,0.0330558017248492,0.802,normal,Cold-start: score vs population baseline (confidence ramping)
SES_0006696,SVC_0082,service_account,2026-01-08 15:31:47,44,0.0915284783707573,0.8160000000000001,normal,Cold-start: score vs population baseline (confidence ramping)
SES_0006704,SVC_0082,service_account,2026-01-08 15:41:53,45,0.1640047941935395,0.8300000000000001,normal,Cold-start: score vs population baseline (confidence ramping)
SES_0006744,SVC_0082,service_account,2026-01-08 16:15:41,46,0.0372821854546985,0.8440000000000001,normal,Cold-start: score vs population baseline (confidence ramping)
SES_0006773,SVC_0082,service_account,2026-01-08 16:42:50,47,0.0368325870185782,0.8579999999999999,normal,Cold-start: score vs population baseline (confidence ramping)
SES_0006939,SVC_0082,service_account,2026-01-08 20:20:35,48,0.0845561018066974,0.8719999999999999,normal,Cold-start: score vs population baseline (confidence ramping)
SES_0007254,SVC_0082,service_account,2026-01-09 09:56:35,49,0.0979670925767773,0.8859999999999999,normal,Cold-start: score vs population baseline (confidence ramping)
SES_0007551,SVC_0082,service_account,2026-01-09 15:24:22,50,0.0896660379620516,0.8999999999999999,normal,Cold-start: score vs population baseline (confidence ramping)
SES_0000018,SVC_0083,service_account,2026-01-01 06:31:24,1,0.3919377956794699,0.21400000000000002,normal,Cold-start: score vs population baseline (confidence ramping)
SES_0000418,SVC_0083,service_account,2026-01-01 13:07:10,2,0.277682328198069,0.228,normal,Cold-start: score vs population baseline (confidence ramping)
SES_0000547,SVC_0083,service_account,2026-01-01 15:30:01,3,0.1282239337122679,0.242,normal,Cold-start: score vs population baseline (confidence ramping)
SES_0000913,SVC_0083,service_account,2026-01-02 06:05:56,4,0.3193840217246157,0.256,normal,Cold-start: score vs population baseline (confidence ramping)
SES_0001284,SVC_0083,service_account,2026-01-02 13:16:30,5,0.1220040217186221,0.27,normal,Cold-start: score vs population baseline (confidence ramping)
SES_0001292,SVC_0083,service_account,2026-01-02 13:23:15,6,0.318693210591725,0.28400000000000003,normal,Cold-start: score vs population baseline (confidence ramping)
SES_0001300,SVC_0083,service_account,2026-01-02 13:31:56,7,0.1322874673812799,0.29800000000000004,normal,Cold-start: score vs population baseline (confidence ramping)
SES_0001316,SVC_0083,service_account,2026-01-02 13:52:01,8,0.1067362586899332,0.312,normal,Cold-start: score vs population baseline (confidence ramping)
SES_0001382,SVC_0083,service_account,2026-01-02 15:20:26,9,0.0887184086340346,0.326,normal,Cold-start: score vs population baseline (confidence ramping)
SES_0001403,SVC_0083,service_account,2026-01-02 15:45:32,10,0.0752629877321785,0.33999999999999997,normal,Cold-start: score vs population baseline (confidence ramping)
SES_0001530,SVC_0083,service_account,2026-01-02 18:13:15,11,0.0944211716134269,0.354,normal,Cold-start: score vs population baseline (confidence ramping)
SES_0001550,SVC_0083,service_account,2026-01-02 18:43:54,12,0.1159684950956906,0.368,normal,Cold-start: score vs population baseline (confidence ramping)
SES_0001554,SVC_0083,service_account,2026-01-02 18:49:45,13,0.0915112154422462,0.382,normal,Cold-start: score vs population baseline (confidence ramping)
SES_0001716,SVC_0083,service_account,2026-01-03 06:17:16,14,0.2370192513455767,0.396,normal,Cold-start: score vs population baseline (confidence ramping)
SES_0001717,SVC_0083,service_account,2026-01-03 06:21:42,15,0.2516124807363927,0.41000000000000003,normal,Cold-start: score vs population baseline (confidence ramping)
SES_0001721,SVC_0083,service_account,2026-01-03 06:25:31,16,0.2415323120338511,0.424,normal,Cold-start: score vs population baseline (confidence ramping)
SES_0001733,SVC_0083,service_account,2026-01-03 06:45:25,17,0.2372110514080588,0.438,normal,Cold-start: score vs population baseline (confidence ramping)
SES_0002143,SVC_0083,service_account,2026-01-03 13:24:07,18,0.1126723388142446,0.452,normal,Cold-start: score vs population baseline (confidence ramping)
SES_0002235,SVC_0083,service_account,2026-01-03 15:23:48,19,0.132298402637528,0.46599999999999997,normal,Cold-start: score vs population baseline (confidence ramping)
SES_0002608,SVC_0083,service_account,2026-01-04 06:24:34,20,0.2579528321133481,0.48,normal,Cold-start: score vs population baseline (confidence ramping)
SES_0002614,SVC_0083,service_account,2026-01-04 06:33:04,21,0.2585812588146212,0.494,normal,Cold-start: score vs population baseline (confidence ramping)
SES_0002618,SVC_0083,service_account,2026-01-04 06:37:16,22,0.2696821544692808,0.508,normal,Cold-start: score vs population baseline (confidence ramping)
SES_0003060,SVC_0083,service_account,2026-01-04 13:51:21,23,0.18785518788813,0.522,normal,Cold-start: score vs population baseline (confidence ramping)
SES_0003061,SVC_0083,service_account,2026-01-04 13:53:31,24,0.1666425791117684,0.536,normal,Cold-start: score vs population baseline (confidence ramping)
SES_0003291,SVC_0083,service_account,2026-01-04 18:09:21,25,0.1501727910687775,0.55,normal,Cold-start: score vs population baseline (confidence ramping)
SES_0003331,SVC_0083,service_account,2026-01-04 18:56:08,26,0.176052002554923,0.5640000000000001,normal,Cold-start: score vs population baseline (confidence ramping)
SES_0003491,SVC_0083,service_account,2026-01-05 06:02:43,27,0.226784065702369,0.5780000000000001,normal,Cold-start: score vs population baseline (confidence ramping)
SES_0003499,SVC_0083,service_account,2026-01-05 06:10:44,28,0.3523956008322385,0.5920000000000001,normal,Cold-start: score vs population baseline (confidence ramping)
SES_0003521,SVC_0083,service_account,2026-01-05 06:38:58,29,0.214923715435483,0.606,normal,Cold-start: score vs population baseline (confidence ramping)
SES_0003892,SVC_0083,service_account,2026-01-05 13:20:56,30,0.0824396781122146,0.62,normal,Cold-start: score vs population baseline (confidence ramping)
SES_0004050,SVC_0083,service_account,2026-01-05 15:51:40,31,0.1706384491593092,0.634,normal,Cold-start: score vs population baseline (confidence ramping)
SES_0004184,SVC_0083,service_account,2026-01-05 18:06:08,32,0.1151394167602643,0.6479999999999999,normal,Cold-start: score vs population baseline (confidence ramping)
SES_0004204,SVC_0083,service_account,2026-01-05 18:30:23,33,0.1322878919273561,0.6619999999999999,normal,Cold-start: score vs population baseline (confidence ramping)
SES_0004212,SVC_0083,service_account,2026-01-05 18:36:45,34,0.1671391409602934,0.6759999999999999,normal,Cold-start: score vs population baseline (confidence ramping)
SES_0004415,SVC_0083,service_account,2026-01-06 06:45:11,35,0.2083529977124451,0.69,normal,Cold-start: score vs population baseline (confidence ramping)
SES_0004426,SVC_0083,service_account,2026-01-06 06:55:30,36,0.1981200711543148,0.704,normal,Cold-start: score vs population baseline (confidence ramping)
SES_0004795,SVC_0083,service_account,2026-01-06 13:02:07,37,0.0561332080600378,0.718,normal,Cold-start: score vs population baseline (confidence ramping)
SES_0004835,SVC_0083,service_account,2026-01-06 13:53:09,38,0.0647488466406527,0.732,normal,Cold-start: score vs population baseline (confidence ramping)
SES_0004840,SVC_0083,service_account,2026-01-06 13:57:52,39,0.1204464427423313,0.746,normal,Cold-start: score vs population baseline (confidence ramping)
SES_0004910,SVC_0083,service_account,2026-01-06 15:14:12,40,0.0567757463163321,0.76,normal,Cold-start: score vs population baseline (confidence ramping)
SES_0004926,SVC_0083,service_account,2026-01-06 15:33:58,41,0.0906950548147791,0.774,normal,Cold-start: score vs population baseline (confidence ramping)
SES_0005115,SVC_0083,service_account,2026-01-06 18:54:09,42,0.0735150077921303,0.788,normal,Cold-start: score vs population baseline (confidence ramping)
SES_0005272,SVC_0083,service_account,2026-01-07 06:15:56,43,0.198901953651906,0.802,normal,Cold-start: score vs population baseline (confidence ramping)
SES_0005276,SVC_0083,service_account,2026-01-07 06:19:47,44,0.1889291408471257,0.8160000000000001,normal,Cold-start: score vs population baseline (confidence ramping)
SES_0005291,SVC_0083,service_account,2026-01-07 06:37:56,45,0.1907046561799355,0.8300000000000001,normal,Cold-start: score vs population baseline (confidence ramping)
SES_0005692,SVC_0083,service_account,2026-01-07 13:09:59,46,0.1231551252988308,0.8440000000000001,normal,Cold-start: score vs population baseline (confidence ramping)
SES_0005708,SVC_0083,service_account,2026-01-07 13:26:12,47,0.2232766175890255,0.8579999999999999,normal,Cold-start: score vs population baseline (confidence ramping)
SES_0005805,SVC_0083,service_account,2026-01-07 15:11:31,48,0.0293931471993559,0.8719999999999999,normal,Cold-start: score vs population baseline (confidence ramping)
SES_0005825,SVC_0083,service_account,2026-01-07 15:37:00,49,0.1343243346751381,0.8859999999999999,normal,Cold-start: score vs population baseline (confidence ramping)
SES_0005991,SVC_0083,service_account,2026-01-07 18:57:16,50,0.0447870782632594,0.8999999999999999,normal,Cold-start: score vs population baseline (confidence ramping)
SES_0000288,SVC_0084,service_account,2026-01-01 11:05:40,1,0.3446778312146971,0.21400000000000002,normal,Cold-start: score vs population baseline (confidence ramping)
SES_0000304,SVC_0084,service_account,2026-01-01 11:18:35,2,0.4615914619408151,0.228,normal,Cold-start: score vs population baseline (confidence ramping)
SES_0000474,SVC_0084,service_account,2026-01-01 14:05:10,3,0.3190899535254169,0.242,normal,Cold-start: score vs population baseline (confidence ramping)
SES_0000768,SVC_0084,service_account,2026-01-01 19:31:20,4,0.067712209643897,0.256,normal,Cold-start: score vs population baseline (confidence ramping)
SES_0000793,SVC_0084,service_account,2026-01-01 19:59:21,5,0.0620975860551007,0.27,normal,Cold-start: score vs population baseline (confidence ramping)
SES_0001126,SVC_0084,service_account,2026-01-02 10:09:19,6,0.0522452464137831,0.28400000000000003,normal,Cold-start: score vs population baseline (confidence ramping)
SES_0001553,SVC_0084,service_account,2026-01-02 18:48:40,7,0.0573192332536233,0.29800000000000004,normal,Cold-start: score vs population baseline (confidence ramping)
SES_0001583,SVC_0084,service_account,2026-01-02 19:25:05,8,0.068427041108259,0.312,normal,Cold-start: score vs population baseline (confidence ramping)
SES_0001960,SVC_0084,service_account,2026-01-03 10:04:15,9,0.1050463275924642,0.326,normal,Cold-start: score vs population baseline (confidence ramping)
SES_0001981,SVC_0084,service_account,2026-01-03 10:18:49,10,0.2738732229030998,0.33999999999999997,normal,Cold-start: score vs population baseline (confidence ramping)
SES_0002056,SVC_0084,service_account,2026-01-03 11:47:37,11,0.1195400112096137,0.354,normal,Cold-start: score vs population baseline (confidence ramping)
SES_0002064,SVC_0084,service_account,2026-01-03 11:54:47,12,0.288451963523582,0.368,normal,Cold-start: score vs population baseline (confidence ramping)
SES_0002174,SVC_0084,service_account,2026-01-03 14:09:45,13,0.0943769134994918,0.382,normal,Cold-start: score vs population baseline (confidence ramping)
SES_0002185,SVC_0084,service_account,2026-01-03 14:26:07,14,0.1941182749125885,0.396,normal,Cold-start: score vs population baseline (confidence ramping)
SES_0002402,SVC_0084,service_account,2026-01-03 18:07:16,15,0.104190999063887,0.41000000000000003,normal,Cold-start: score vs population baseline (confidence ramping)
SES_0002404,SVC_0084,service_account,2026-01-03 18:10:54,16,0.1304038054994774,0.424,normal,Cold-start: score vs population baseline (confidence ramping)
SES_0002426,SVC_0084,service_account,2026-01-03 18:40:22,17,0.1300048692645271,0.438,normal,Cold-start: score vs population baseline (confidence ramping)
SES_0002910,SVC_0084,service_account,2026-01-04 11:18:55,18,0.0883595070752637,0.452,normal,Cold-start: score vs population baseline (confidence ramping)
SES_0003333,SVC_0084,service_account,2026-01-04 19:03:57,19,0.1728472405906419,0.46599999999999997,normal,Cold-start: score vs population baseline (confidence ramping)
SES_0003352,SVC_0084,service_account,2026-01-04 19:16:57,20,0.0951313880715308,0.48,normal,Cold-start: score vs population baseline (confidence ramping)
SES_0003355,SVC_0084,service_account,2026-01-04 19:21:16,21,0.1006221208850869,0.494,normal,Cold-start: score vs population baseline (confidence ramping)
SES_0003706,SVC_0084,service_account,2026-01-05 10:03:35,22,0.0560092390700382,0.508,normal,Cold-start: score vs population baseline (confidence ramping)
SES_0003714,SVC_0084,service_account,2026-01-05 10:10:13,23,0.0946118898307927,0.522,normal,Cold-start: score vs population baseline (confidence ramping)
SES_0003741,SVC_0084,service_account,2026-01-05 10:36:28,24,0.0740929987525447,0.536,normal,Cold-start: score vs population baseline (confidence ramping)
SES_0003969,SVC_0084,service_account,2026-01-05 14:27:51,25,0.1019645074161698,0.55,normal,Cold-start: score vs population baseline (confidence ramping)
SES_0004000,SVC_0084,service_account,2026-01-05 14:56:55,26,0.3248785371066531,0.5640000000000001,normal,Cold-start: score vs population baseline (confidence ramping)
SES_0004262,SVC_0084,service_account,2026-01-05 19:48:04,27,0.0741608998880987,0.5780000000000001,normal,Cold-start: score vs population baseline (confidence ramping)
SES_0004649,SVC_0084,service_account,2026-01-06 10:13:27,28,0.0453973306791852,0.5920000000000001,normal,Cold-start: score vs population baseline (confidence ramping)
SES_0004666,SVC_0084,service_account,2026-01-06 10:35:15,29,0.0560683967664093,0.606,normal,Cold-start: score vs population baseline (confidence ramping)
SES_0005154,SVC_0084,service_account,2026-01-06 19:44:13,30,0.0624694417438852,0.62,normal,Cold-start: score vs population baseline (confidence ramping)
SES_0005538,SVC_0084,service_account,2026-01-07 10:19:05,31,0.0529882674287945,0.634,normal,Cold-start: score vs population baseline (confidence ramping)
SES_0005570,SVC_0084,service_account,2026-01-07 10:46:35,32,0.1832154758208215,0.6479999999999999,normal,Cold-start: score vs population baseline (confidence ramping)
SES_0005787,SVC_0084,service_account,2026-01-07 14:58:36,33,0.0972230688157599,0.6619999999999999,normal,Cold-start: score vs population baseline (confidence ramping)
SES_0005962,SVC_0084,service_account,2026-01-07 18:19:33,34,0.1111177406788715,0.6759999999999999,normal,Cold-start: score vs population baseline (confidence ramping)
SES_0006009,SVC_0084,service_account,2026-01-07 19:14:11,35,0.0507880454202188,0.69,normal,Cold-start: score vs population baseline (confidence ramping)
SES_0006406,SVC_0084,service_account,2026-01-08 10:10:36,36,0.0394355486357809,0.704,normal,Cold-start: score vs population baseline (confidence ramping)
SES_0006439,SVC_0084,service_account,2026-01-08 10:39:08,37,0.0606749959526474,0.718,normal,Cold-start: score vs population baseline (confidence ramping)
SES_0006490,SVC_0084,service_account,2026-01-08 11:31:28,38,0.0676861780080976,0.732,normal,Cold-start: score vs population baseline (confidence ramping)
SES_0006621,SVC_0084,service_account,2026-01-08 14:05:22,39,0.2102701228368785,0.746,normal,Cold-start: score vs population baseline (confidence ramping)
SES_0006645,SVC_0084,service_account,2026-01-08 14:36:21,40,0.0717618202479209,0.76,normal,Cold-start: score vs population baseline (confidence ramping)
SES_0006860,SVC_0084,service_account,2026-01-08 18:30:16,41,0.0342060724091807,0.774,normal,Cold-start: score vs population baseline (confidence ramping)
SES_0006920,SVC_0084,service_account,2026-01-08 19:57:48,42,0.0296127726913803,0.788,normal,Cold-start: score vs population baseline (confidence ramping)
SES_0007290,SVC_0084,service_account,2026-01-09 10:33:19,43,0.0360923993462605,0.802,normal,Cold-start: score vs population baseline (confidence ramping)
SES_0007333,SVC_0084,service_account,2026-01-09 11:19:18,44,0.0374187963750055,0.8160000000000001,normal,Cold-start: score vs population baseline (confidence ramping)
SES_0007702,SVC_0084,service_account,2026-01-09 18:11:18,45,0.0613030638756681,0.8300000000000001,normal,Cold-start: score vs population baseline (confidence ramping)
SES_0007732,SVC_0084,service_account,2026-01-09 18:56:02,46,0.0908534472913438,0.8440000000000001,normal,Cold-start: score vs population baseline (confidence ramping)
SES_0007736,SVC_0084,service_account,2026-01-09 19:02:12,47,0.0472496651452408,0.8579999999999999,normal,Cold-start: score vs population baseline (confidence ramping)
SES_0007783,SVC_0084,service_account,2026-01-09 19:49:21,48,0.0650094828907846,0.8719999999999999,normal,Cold-start: score vs population baseline (confidence ramping)
SES_0008122,SVC_0084,service_account,2026-01-10 10:10:09,49,0.0753251252516837,0.8859999999999999,normal,Cold-start: score vs population baseline (confidence ramping)
SES_0008179,SVC_0084,service_account,2026-01-10 11:19:13,50,0.2883405415519842,0.8999999999999999,normal,Cold-start: score vs population baseline (confidence ramping)
SES_0000183,SVC_0085,service_account,2026-01-01 09:12:01,1,0.3293879699777984,0.21400000000000002,normal,Cold-start: score vs population baseline (confidence ramping)
SES_0000207,SVC_0085,service_account,2026-01-01 09:35:58,2,0.1691567466885019,0.228,normal,Cold-start: score vs population baseline (confidence ramping)
SES_0000578,SVC_0085,service_account,2026-01-01 16:10:46,3,0.1054255061543356,0.242,normal,Cold-start: score vs population baseline (confidence ramping)
SES_0000610,SVC_0085,service_account,2026-01-01 16:51:15,4,0.2663206535606674,0.256,normal,Cold-start: score vs population baseline (confidence ramping)
SES_0000637,SVC_0085,service_account,2026-01-01 17:13:45,5,0.2172855864749276,0.27,normal,Cold-start: score vs population baseline (confidence ramping)
SES_0000641,SVC_0085,service_account,2026-01-01 17:17:02,6,0.2893184606848342,0.28400000000000003,normal,Cold-start: score vs population baseline (confidence ramping)
SES_0000656,SVC_0085,service_account,2026-01-01 17:32:46,7,0.197574296956534,0.29800000000000004,normal,Cold-start: score vs population baseline (confidence ramping)
SES_0000738,SVC_0085,service_account,2026-01-01 18:50:35,8,0.0903679060591808,0.312,normal,Cold-start: score vs population baseline (confidence ramping)
SES_0000894,SVC_0085,service_account,2026-01-01 21:45:39,9,0.1694094912388269,0.326,normal,Cold-start: score vs population baseline (confidence ramping)
SES_0000896,SVC_0085,service_account,2026-01-01 21:48:16,10,0.317156982681322,0.33999999999999997,normal,Cold-start: score vs population baseline (confidence ramping)
SES_0000908,SVC_0085,service_account,2026-01-01 21:57:21,11,0.2813853353142712,0.354,normal,Cold-start: score vs population baseline (confidence ramping)
SES_0001038,SVC_0085,service_account,2026-01-02 08:07:07,12,0.0919725694332025,0.368,normal,Cold-start: score vs population baseline (confidence ramping)
SES_0001266,SVC_0085,service_account,2026-01-02 12:57:11,13,0.0314500930580777,0.382,normal,Cold-start: score vs population baseline (confidence ramping)
SES_0001437,SVC_0085,service_account,2026-01-02 16:32:41,14,0.0261647015208249,0.396,normal,Cold-start: score vs population baseline (confidence ramping)
SES_0001444,SVC_0085,service_account,2026-01-02 16:37:30,15,0.3352060155215761,0.41000000000000003,normal,Cold-start: score vs population baseline (confidence ramping)
SES_0001465,SVC_0085,service_account,2026-01-02 17:03:53,16,0.344494445696775,0.424,normal,Cold-start: score vs population baseline (confidence ramping)
SES_0001494,SVC_0085,service_account,2026-01-02 17:37:51,17,0.0466010183378601,0.438,normal,Cold-start: score vs population baseline (confidence ramping)
SES_0001872,SVC_0085,service_account,2026-01-03 08:22:48,18,0.1023887795411432,0.452,normal,Cold-start: score vs population baseline (confidence ramping)
SES_0001877,SVC_0085,service_account,2026-01-03 08:30:52,19,0.2275382624847556,0.46599999999999997,normal,Cold-start: score vs population baseline (confidence ramping)
SES_0001942,SVC_0085,service_account,2026-01-03 09:47:05,20,0.1142221611021703,0.48,normal,Cold-start: score vs population baseline (confidence ramping)
SES_0002116,SVC_0085,service_account,2026-01-03 12:54:34,21,0.1832834700359871,0.494,normal,Cold-start: score vs population baseline (confidence ramping)
SES_0002286,SVC_0085,service_account,2026-01-03 16:11:27,22,0.0688884261455837,0.508,normal,Cold-start: score vs population baseline (confidence ramping)
SES_0002314,SVC_0085,service_account,2026-01-03 16:39:19,23,0.0862273250397997,0.522,normal,Cold-start: score vs population baseline (confidence ramping)
SES_0002382,SVC_0085,service_account,2026-01-03 17:51:17,24,0.1140753235638534,0.536,normal,Cold-start: score vs population baseline (confidence ramping)
SES_0002408,SVC_0085,service_account,2026-01-03 18:17:59,25,0.2486473045427145,0.55,normal,Cold-start: score vs population baseline (confidence ramping)
SES_0002572,SVC_0085,service_account,2026-01-03 21:44:28,26,0.2375796555949701,0.5640000000000001,normal,Cold-start: score vs population baseline (confidence ramping)
SES_0002964,SVC_0085,service_account,2026-01-04 12:07:04,27,0.1506061501754904,0.5780000000000001,normal,Cold-start: score vs population baseline (confidence ramping)
SES_0003009,SVC_0085,service_account,2026-01-04 12:54:06,28,0.1368514561339838,0.5920000000000001,normal,Cold-start: score vs population baseline (confidence ramping)
SES_0003190,SVC_0085,service_account,2026-01-04 16:10:55,29,0.1376453621657135,0.606,normal,Cold-start: score vs population baseline (confidence ramping)
SES_0003275,SVC_0085,service_account,2026-01-04 17:48:35,30,0.1457729036456067,0.62,normal,Cold-start: score vs population baseline (confidence ramping)
SES_0003276,SVC_0085,service_account,2026-01-04 17:49:16,31,0.1189704889982926,0.634,normal,Cold-start: score vs population baseline (confidence ramping)
SES_0003307,SVC_0085,service_account,2026-01-04 18:29:49,32,0.107982899754913,0.6479999999999999,normal,Cold-start: score vs population baseline (confidence ramping)
SES_0003608,SVC_0085,service_account,2026-01-05 08:21:04,33,0.0949864016985539,0.6619999999999999,normal,Cold-start: score vs population baseline (confidence ramping)
SES_0003641,SVC_0085,service_account,2026-01-05 09:06:16,34,0.0782729092251129,0.6759999999999999,normal,Cold-start: score vs population baseline (confidence ramping)
SES_0004079,SVC_0085,service_account,2026-01-05 16:13:08,35,0.0881544796787366,0.69,normal,Cold-start: score vs population baseline (confidence ramping)
SES_0004116,SVC_0085,service_account,2026-01-05 16:57:43,36,0.1077341386801297,0.704,normal,Cold-start: score vs population baseline (confidence ramping)
SES_0004183,SVC_0085,service_account,2026-01-05 18:04:49,37,0.1555181136392597,0.718,normal,Cold-start: score vs population baseline (confidence ramping)
SES_0004185,SVC_0085,service_account,2026-01-05 18:07:06,38,0.1306495187663099,0.732,normal,Cold-start: score vs population baseline (confidence ramping)
SES_0004370,SVC_0085,service_account,2026-01-05 21:43:52,39,0.1897719243519301,0.746,normal,Cold-start: score vs population baseline (confidence ramping)
SES_0004570,SVC_0085,service_account,2026-01-06 09:09:55,40,0.0709418891610375,0.76,normal,Cold-start: score vs population baseline (confidence ramping)
SES_0004578,SVC_0085,service_account,2026-01-06 09:19:13,41,0.0900677591827147,0.774,normal,Cold-start: score vs population baseline (confidence ramping)
SES_0004580,SVC_0085,service_account,2026-01-06 09:19:58,42,0.0476846623591315,0.788,normal,Cold-start: score vs population baseline (confidence ramping)
SES_0004602,SVC_0085,service_account,2026-01-06 09:44:35,43,0.2590507554637372,0.802,normal,Cold-start: score vs population baseline (confidence ramping)
SES_0004751,SVC_0085,service_account,2026-01-06 12:17:02,44,0.1195974437833204,0.8160000000000001,normal,Cold-start: score vs population baseline (confidence ramping)
SES_0005023,SVC_0085,service_account,2026-01-06 17:11:00,45,0.1394178921002717,0.8300000000000001,normal,Cold-start: score vs population baseline (confidence ramping)
SES_0005051,SVC_0085,service_account,2026-01-06 17:44:00,46,0.2482615964853423,0.8440000000000001,normal,Cold-start: score vs population baseline (confidence ramping)
SES_0005060,SVC_0085,service_account,2026-01-06 17:52:21,47,0.106849383524619,0.8579999999999999,normal,Cold-start: score vs population baseline (confidence ramping)
SES_0005393,SVC_0085,service_account,2026-01-07 08:01:33,48,0.2406934751218201,0.8719999999999999,normal,Cold-start: score vs population baseline (confidence ramping)
SES_0005439,SVC_0085,service_account,2026-01-07 08:40:22,49,0.4093329973792556,0.8859999999999999,normal,Cold-start: score vs population baseline (confidence ramping)
SES_0005443,SVC_0085,service_account,2026-01-07 08:44:13,50,0.0931298269199812,0.8999999999999999,normal,Cold-start: score vs population baseline (confidence ramping)
SES_0000339,SVC_0086,service_account,2026-01-01 11:51:31,1,0.3318056172212424,0.21400000000000002,normal,Cold-start: score vs population baseline (confidence ramping)
SES_0000576,SVC_0086,service_account,2026-01-01 16:06:51,2,0.1640161922652978,0.228,normal,Cold-start: score vs population baseline (confidence ramping)
SES_0000693,SVC_0086,service_account,2026-01-01 17:59:59,3,0.1522940726544984,0.242,normal,Cold-start: score vs population baseline (confidence ramping)
SES_0000803,SVC_0086,service_account,2026-01-01 20:07:08,4,0.2271552972641244,0.256,normal,Cold-start: score vs population baseline (confidence ramping)
SES_0001623,SVC_0086,service_account,2026-01-02 20:26:53,5,0.2196035508039918,0.27,normal,Cold-start: score vs population baseline (confidence ramping)
SES_0002019,SVC_0086,service_account,2026-01-03 11:05:53,6,0.1147194560972862,0.28400000000000003,normal,Cold-start: score vs population baseline (confidence ramping)
SES_0002040,SVC_0086,service_account,2026-01-03 11:29:20,7,0.1446154070070975,0.29800000000000004,normal,Cold-start: score vs population baseline (confidence ramping)
SES_0002053,SVC_0086,service_account,2026-01-03 11:45:05,8,0.1574833418419702,0.312,normal,Cold-start: score vs population baseline (confidence ramping)
SES_0002354,SVC_0086,service_account,2026-01-03 17:18:08,9,0.1463946527036963,0.326,normal,Cold-start: score vs population baseline (confidence ramping)
SES_0002490,SVC_0086,service_account,2026-01-03 20:01:31,10,0.1621238452664692,0.33999999999999997,normal,Cold-start: score vs population baseline (confidence ramping)
SES_0002500,SVC_0086,service_account,2026-01-03 20:22:25,11,0.1732198806522885,0.354,normal,Cold-start: score vs population baseline (confidence ramping)
SES_0002919,SVC_0086,service_account,2026-01-04 11:30:17,12,0.1201255717369698,0.368,normal,Cold-start: score vs population baseline (confidence ramping)
SES_0002922,SVC_0086,service_account,2026-01-04 11:30:46,13,0.1052273983011028,0.382,normal,Cold-start: score vs population baseline (confidence ramping)
SES_0002927,SVC_0086,service_account,2026-01-04 11:34:48,14,0.1169076860475982,0.396,normal,Cold-start: score vs population baseline (confidence ramping)
SES_0002955,SVC_0086,service_account,2026-01-04 11:56:53,15,0.1194778781677948,0.41000000000000003,normal,Cold-start: score vs population baseline (confidence ramping)
SES_0003204,SVC_0086,service_account,2026-01-04 16:21:38,16,0.100389364881205,0.424,normal,Cold-start: score vs population baseline (confidence ramping)
SES_0003249,SVC_0086,service_account,2026-01-04 17:18:11,17,0.1893849285839193,0.438,normal,Cold-start: score vs population baseline (confidence ramping)
SES_0003252,SVC_0086,service_account,2026-01-04 17:19:36,18,0.4000699439399316,0.452,normal,Cold-start: score vs population baseline (confidence ramping)
SES_0003269,SVC_0086,service_account,2026-01-04 17:45:54,19,0.1068550180123489,0.46599999999999997,normal,Cold-start: score vs population baseline (confidence ramping)
SES_0003273,SVC_0086,service_account,2026-01-04 17:47:24,20,0.1360062616904776,0.48,normal,Cold-start: score vs population baseline (confidence ramping)
SES_0003274,SVC_0086,service_account,2026-01-04 17:47:46,21,0.4302072956878874,0.494,normal,Cold-start: score vs population baseline (confidence ramping)
SES_0003409,SVC_0086,service_account,2026-01-04 20:37:38,22,0.1404028875820736,0.508,normal,Cold-start: score vs population baseline (confidence ramping)
SES_0003793,SVC_0086,service_account,2026-01-05 11:24:57,23,0.0749457309135212,0.522,normal,Cold-start: score vs population baseline (confidence ramping)
SES_0003798,SVC_0086,service_account,2026-01-05 11:30:23,24,0.3811958880527271,0.536,normal,Cold-start: score vs population baseline (confidence ramping)
SES_0004099,SVC_0086,service_account,2026-01-05 16:34:36,25,0.0468556625742645,0.55,normal,Cold-start: score vs population baseline (confidence ramping)
SES_0004132,SVC_0086,service_account,2026-01-05 17:15:21,26,0.0689001049156953,0.5640000000000001,normal,Cold-start: score vs population baseline (confidence ramping)
SES_0004141,SVC_0086,service_account,2026-01-05 17:19:31,27,0.0758809476794932,0.5780000000000001,normal,Cold-start: score vs population baseline (confidence ramping)
SES_0004144,SVC_0086,service_account,2026-01-05 17:22:17,28,0.041753327850337,0.5920000000000001,normal,Cold-start: score vs population baseline (confidence ramping)
SES_0004167,SVC_0086,service_account,2026-01-05 17:42:14,29,0.0543153612884101,0.606,normal,Cold-start: score vs population baseline (confidence ramping)
SES_0004311,SVC_0086,service_account,2026-01-05 20:44:18,30,0.0610075126957476,0.62,normal,Cold-start: score vs population baseline (confidence ramping)
SES_0004713,SVC_0086,service_account,2026-01-06 11:24:59,31,0.0545321124533641,0.634,normal,Cold-start: score vs population baseline (confidence ramping)
SES_0005004,SVC_0086,service_account,2026-01-06 16:54:39,32,0.0573730889638207,0.6479999999999999,normal,Cold-start: score vs population baseline (confidence ramping)
SES_0005012,SVC_0086,service_account,2026-01-06 17:00:04,33,0.0539480819445539,0.6619999999999999,normal,Cold-start: score vs population baseline (confidence ramping)
SES_0005021,SVC_0086,service_account,2026-01-06 17:09:08,34,0.0422075524549567,0.6759999999999999,normal,Cold-start: score vs population baseline (confidence ramping)
SES_0005053,SVC_0086,service_account,2026-01-06 17:46:43,35,0.1686791107644483,0.69,normal,Cold-start: score vs population baseline (confidence ramping)
SES_0005174,SVC_0086,service_account,2026-01-06 20:06:43,36,0.0476514372509425,0.704,normal,Cold-start: score vs population baseline (confidence ramping)
SES_0005183,SVC_0086,service_account,2026-01-06 20:24:07,37,0.0581821465003202,0.718,normal,Cold-start: score vs population baseline (confidence ramping)
SES_0005600,SVC_0086,service_account,2026-01-07 11:20:31,38,0.0283778551360534,0.732,normal,Cold-start: score vs population baseline (confidence ramping)
SES_0005601,SVC_0086,service_account,2026-01-07 11:20:35,39,0.1946548627655973,0.746,normal,Cold-start: score vs population baseline (confidence ramping)
SES_0005604,SVC_0086,service_account,2026-01-07 11:24:08,40,0.0269947484539559,0.76,normal,Cold-start: score vs population baseline (confidence ramping)
SES_0005856,SVC_0086,service_account,2026-01-07 16:08:50,41,0.0573110386969532,0.774,normal,Cold-start: score vs population baseline (confidence ramping)
SES_0005905,SVC_0086,service_account,2026-01-07 17:08:46,42,0.031959857567399,0.788,normal,Cold-start: score vs population baseline (confidence ramping)
SES_0006056,SVC_0086,service_account,2026-01-07 20:13:04,43,0.0655783262132957,0.802,normal,Cold-start: score vs population baseline (confidence ramping)
SES_0006065,SVC_0086,service_account,2026-01-07 20:25:28,44,0.0773033596009278,0.8160000000000001,normal,Cold-start: score vs population baseline (confidence ramping)
SES_0006086,SVC_0086,service_account,2026-01-07 20:54:18,45,0.0500983625926738,0.8300000000000001,normal,Cold-start: score vs population baseline (confidence ramping)
SES_0006090,SVC_0086,service_account,2026-01-07 20:59:31,46,0.0379857038565344,0.8440000000000001,normal,Cold-start: score vs population baseline (confidence ramping)
SES_0006462,SVC_0086,service_account,2026-01-08 11:07:08,47,0.0343365589047586,0.8579999999999999,normal,Cold-start: score vs population baseline (confidence ramping)
SES_0006466,SVC_0086,service_account,2026-01-08 11:12:50,48,0.0242126475880308,0.8719999999999999,normal,Cold-start: score vs population baseline (confidence ramping)
SES_0006473,SVC_0086,service_account,2026-01-08 11:17:40,49,0.0405551533114747,0.8859999999999999,normal,Cold-start: score vs population baseline (confidence ramping)
SES_0006809,SVC_0086,service_account,2026-01-08 17:31:36,50,0.0686696010242372,0.8999999999999999,normal,Cold-start: score vs population baseline (confidence ramping)
SES_0000031,SVC_0087,service_account,2026-01-01 06:46:21,1,0.4094023408074631,0.21400000000000002,normal,Cold-start: score vs population baseline (confidence ramping)
SES_0000038,SVC_0087,service_account,2026-01-01 06:50:43,2,0.2674636757994683,0.228,normal,Cold-start: score vs population baseline (confidence ramping)
SES_0000108,SVC_0087,service_account,2026-01-01 07:48:01,3,0.2076165044993087,0.242,normal,Cold-start: score vs population baseline (confidence ramping)
SES_0000227,SVC_0087,service_account,2026-01-01 09:56:33,4,0.2380725313679163,0.256,normal,Cold-start: score vs population baseline (confidence ramping)
SES_0000319,SVC_0087,service_account,2026-01-01 11:30:03,5,0.1128043879625685,0.27,normal,Cold-start: score vs population baseline (confidence ramping)
SES_0000499,SVC_0087,service_account,2026-01-01 14:38:03,6,0.1671009876384653,0.28400000000000003,normal,Cold-start: score vs population baseline (confidence ramping)
SES_0000511,SVC_0087,service_account,2026-01-01 14:48:01,7,0.1701639666332711,0.29800000000000004,normal,Cold-start: score vs population baseline (confidence ramping)
SES_0000817,SVC_0087,service_account,2026-01-01 20:25:28,8,0.1703963795970041,0.312,normal,Cold-start: score vs population baseline (confidence ramping)
SES_0000846,SVC_0087,service_account,2026-01-01 20:54:53,9,0.2207298972288556,0.326,normal,Cold-start: score vs population baseline (confidence ramping)
SES_0001014,SVC_0087,service_account,2026-01-02 07:43:42,10,0.1489652122162303,0.33999999999999997,normal,Cold-start: score vs population baseline (confidence ramping)
SES_0001098,SVC_0087,service_account,2026-01-02 09:26:42,11,0.108422064105429,0.354,normal,Cold-start: score vs population baseline (confidence ramping)
SES_0001362,SVC_0087,service_account,2026-01-02 14:45:48,12,0.1016568554346809,0.368,normal,Cold-start: score vs population baseline (confidence ramping)
SES_0001368,SVC_0087,service_account,2026-01-02 14:56:32,13,0.0965157476464909,0.382,normal,Cold-start: score vs population baseline (confidence ramping)
SES_0001386,SVC_0087,service_account,2026-01-02 15:25:26,14,0.0990865021608641,0.396,normal,Cold-start: score vs population baseline (confidence ramping)
SES_0001748,SVC_0087,service_account,2026-01-03 07:00:35,15,0.1722951378180563,0.41000000000000003,normal,Cold-start: score vs population baseline (confidence ramping)
SES_0001760,SVC_0087,service_account,2026-01-03 07:05:23,16,0.2066755288462952,0.424,normal,Cold-start: score vs population baseline (confidence ramping)
SES_0001842,SVC_0087,service_account,2026-01-03 07:56:28,17,0.1952359010790369,0.438,normal,Cold-start: score vs population baseline (confidence ramping)
SES_0002176,SVC_0087,service_account,2026-01-03 14:11:15,18,0.23740583701806,0.452,normal,Cold-start: score vs population baseline (confidence ramping)
SES_0002506,SVC_0087,service_account,2026-01-03 20:30:08,19,0.1476147655608516,0.46599999999999997,normal,Cold-start: score vs population baseline (confidence ramping)
SES_0002509,SVC_0087,service_account,2026-01-03 20:31:50,20,0.2779116722418698,0.48,normal,Cold-start: score vs population baseline (confidence ramping)
SES_0002635,SVC_0087,service_account,2026-01-04 07:05:04,21,0.1706590821712607,0.494,normal,Cold-start: score vs population baseline (confidence ramping)
SES_0002647,SVC_0087,service_account,2026-01-04 07:11:47,22,0.1872718638318952,0.508,normal,Cold-start: score vs population baseline (confidence ramping)
SES_0002684,SVC_0087,service_account,2026-01-04 07:40:33,23,0.1759222424159983,0.522,normal,Cold-start: score vs population baseline (confidence ramping)
SES_0002797,SVC_0087,service_account,2026-01-04 09:21:09,24,0.14493419923854,0.536,normal,Cold-start: score vs population baseline (confidence ramping)
SES_0002808,SVC_0087,service_account,2026-01-04 09:38:58,25,0.1638566203342782,0.55,normal,Cold-start: score vs population baseline (confidence ramping)
SES_0002939,SVC_0087,service_account,2026-01-04 11:43:13,26,0.1286597469144384,0.5640000000000001,normal,Cold-start: score vs population baseline (confidence ramping)
SES_0003070,SVC_0087,service_account,2026-01-04 14:06:57,27,0.1577012538374101,0.5780000000000001,normal,Cold-start: score vs population baseline (confidence ramping)
SES_0003072,SVC_0087,service_account,2026-01-04 14:08:28,28,0.1200484188535762,0.5920000000000001,normal,Cold-start: score vs population baseline (confidence ramping)
SES_0003167,SVC_0087,service_account,2026-01-04 15:42:16,29,0.1939103574019645,0.606,normal,Cold-start: score vs population baseline (confidence ramping)
SES_0003418,SVC_0087,service_account,2026-01-04 20:47:21,30,0.1489179093502086,0.62,normal,Cold-start: score vs population baseline (confidence ramping)
SES_0003518,SVC_0087,service_account,2026-01-05 06:35:06,31,0.3615333573471881,0.634,normal,Cold-start: score vs population baseline (confidence ramping)
SES_0003561,SVC_0087,service_account,2026-01-05 07:27:00,32,0.096914669152658,0.6479999999999999,normal,Cold-start: score vs population baseline (confidence ramping)
SES_0003687,SVC_0087,service_account,2026-01-05 09:40:35,33,0.1208482044826948,0.6619999999999999,normal,Cold-start: score vs population baseline (confidence ramping)
SES_0003703,SVC_0087,service_account,2026-01-05 09:58:15,34,0.1100036749508942,0.6759999999999999,normal,Cold-start: score vs population baseline (confidence ramping)
SES_0003791,SVC_0087,service_account,2026-01-05 11:22:14,35,0.1027842549442905,0.69,normal,Cold-start: score vs population baseline (confidence ramping)
SES_0003823,SVC_0087,service_account,2026-01-05 11:59:18,36,0.1016724273040385,0.704,normal,Cold-start: score vs population baseline (confidence ramping)
SES_0003974,SVC_0087,service_account,2026-01-05 14:32:15,37,0.0847272906161538,0.718,normal,Cold-start: score vs population baseline (confidence ramping)
SES_0003995,SVC_0087,service_account,2026-01-05 14:51:38,38,0.0979166269161266,0.732,normal,Cold-start: score vs population baseline (confidence ramping)
SES_0004013,SVC_0087,service_account,2026-01-05 15:10:34,39,0.0998301153653624,0.746,normal,Cold-start: score vs population baseline (confidence ramping)
SES_0004020,SVC_0087,service_account,2026-01-05 15:21:09,40,0.0866678819947804,0.76,normal,Cold-start: score vs population baseline (confidence ramping)
SES_0004035,SVC_0087,service_account,2026-01-05 15:37:22,41,0.1018179297640551,0.774,normal,Cold-start: score vs population baseline (confidence ramping)
SES_0004600,SVC_0087,service_account,2026-01-06 09:42:54,42,0.087265154757429,0.788,normal,Cold-start: score vs population baseline (confidence ramping)
SES_0004708,SVC_0087,service_account,2026-01-06 11:16:42,43,0.0767135241011595,0.802,normal,Cold-start: score vs population baseline (confidence ramping)
SES_0004949,SVC_0087,service_account,2026-01-06 15:59:04,44,0.1062464153123011,0.8160000000000001,normal,Cold-start: score vs population baseline (confidence ramping)
SES_0005264,SVC_0087,service_account,2026-01-07 06:05:55,45,0.2095341542248423,0.8300000000000001,normal,Cold-start: score vs population baseline (confidence ramping)
SES_0005273,SVC_0087,service_account,2026-01-07 06:16:17,46,0.2243917590299987,0.8440000000000001,normal,Cold-start: score vs population baseline (confidence ramping)
SES_0005288,SVC_0087,service_account,2026-01-07 06:33:10,47,0.2312957324960669,0.8579999999999999,normal,Cold-start: score vs population baseline (confidence ramping)
SES_0005299,SVC_0087,service_account,2026-01-07 06:49:42,48,0.1910031414040758,0.8719999999999999,normal,Cold-start: score vs population baseline (confidence ramping)
SES_0005502,SVC_0087,service_account,2026-01-07 09:50:59,49,0.081726575261874,0.8859999999999999,normal,Cold-start: score vs population baseline (confidence ramping)
SES_0005739,SVC_0087,service_account,2026-01-07 14:03:06,50,0.0884848590791085,0.8999999999999999,normal,Cold-start: score vs population baseline (confidence ramping)
SES_0000143,SVC_0088,service_account,2026-01-01 08:32:08,1,0.3446966093977477,0.21400000000000002,normal,Cold-start: score vs population baseline (confidence ramping)
SES_0000145,SVC_0088,service_account,2026-01-01 08:32:18,2,0.2792937782033284,0.228,normal,Cold-start: score vs population baseline (confidence ramping)
SES_0000166,SVC_0088,service_account,2026-01-01 08:51:46,3,0.3511545218802456,0.242,normal,Cold-start: score vs population baseline (confidence ramping)
SES_0000350,SVC_0088,service_account,2026-01-01 12:06:38,4,0.2142878337737918,0.256,normal,Cold-start: score vs population baseline (confidence ramping)
SES_0000441,SVC_0088,service_account,2026-01-01 13:33:14,5,0.0643041721617098,0.27,normal,Cold-start: score vs population baseline (confidence ramping)
SES_0000480,SVC_0088,service_account,2026-01-01 14:13:50,6,0.2154750634205906,0.28400000000000003,normal,Cold-start: score vs population baseline (confidence ramping)
SES_0001074,SVC_0088,service_account,2026-01-02 08:58:29,7,0.0820823150354418,0.29800000000000004,normal,Cold-start: score vs population baseline (confidence ramping)
SES_0001078,SVC_0088,service_account,2026-01-02 09:00:28,8,0.0723012068267818,0.312,normal,Cold-start: score vs population baseline (confidence ramping)
SES_0001084,SVC_0088,service_account,2026-01-02 09:12:29,9,0.0834138096514177,0.326,normal,Cold-start: score vs population baseline (confidence ramping)
SES_0001114,SVC_0088,service_account,2026-01-02 09:44:44,10,0.0708972791502913,0.33999999999999997,normal,Cold-start: score vs population baseline (confidence ramping)
SES_0001237,SVC_0088,service_account,2026-01-02 12:19:53,11,0.1034711487485502,0.354,normal,Cold-start: score vs population baseline (confidence ramping)
SES_0001258,SVC_0088,service_account,2026-01-02 12:44:12,12,0.0715812571618849,0.368,normal,Cold-start: score vs population baseline (confidence ramping)
SES_0001702,SVC_0088,service_account,2026-01-02 21:59:01,13,0.2155977041450779,0.382,normal,Cold-start: score vs population baseline (confidence ramping)
SES_0001780,SVC_0088,service_account,2026-01-03 07:18:39,14,0.1354836879345609,0.396,normal,Cold-start: score vs population baseline (confidence ramping)
SES_0002076,SVC_0088,service_account,2026-01-03 12:07:52,15,0.1093202864891348,0.41000000000000003,normal,Cold-start: score vs population baseline (confidence ramping)
SES_0002723,SVC_0088,service_account,2026-01-04 08:08:59,16,0.157474615041708,0.424,normal,Cold-start: score vs population baseline (confidence ramping)
SES_0002738,SVC_0088,service_account,2026-01-04 08:22:45,17,0.3094365316274337,0.438,normal,Cold-start: score vs population baseline (confidence ramping)
SES_0002765,SVC_0088,service_account,2026-01-04 08:44:21,18,0.1290647076799843,0.452,normal,Cold-start: score vs population baseline (confidence ramping)
SES_0002963,SVC_0088,service_account,2026-01-04 12:05:58,19,0.1139875317729109,0.46599999999999997,normal,Cold-start: score vs population baseline (confidence ramping)
SES_0003002,SVC_0088,service_account,2026-01-04 12:49:44,20,0.1124662876569667,0.48,normal,Cold-start: score vs population baseline (confidence ramping)
SES_0003446,SVC_0088,service_account,2026-01-04 21:20:41,21,0.3263554735556868,0.494,normal,Cold-start: score vs population baseline (confidence ramping)
SES_0003551,SVC_0088,service_account,2026-01-05 07:13:06,22,0.0741505434637583,0.508,normal,Cold-start: score vs population baseline (confidence ramping)
SES_0003592,SVC_0088,service_account,2026-01-05 07:54:52,23,0.218634096739163,0.522,normal,Cold-start: score vs population baseline (confidence ramping)
SES_0003649,SVC_0088,service_account,2026-01-05 09:11:28,24,0.0502264362163177,0.536,normal,Cold-start: score vs population baseline (confidence ramping)
SES_0003868,SVC_0088,service_account,2026-01-05 12:48:44,25,0.1167810019913295,0.55,normal,Cold-start: score vs population baseline (confidence ramping)
SES_0003896,SVC_0088,service_account,2026-01-05 13:25:37,26,0.2379223260302528,0.5640000000000001,normal,Cold-start: score vs population baseline (confidence ramping)
SES_0003932,SVC_0088,service_account,2026-01-05 13:50:08,27,0.215172797773236,0.5780000000000001,normal,Cold-start: score vs population baseline (confidence ramping)
SES_0004326,SVC_0088,service_account,2026-01-05 21:03:18,28,0.2418341727782411,0.5920000000000001,normal,Cold-start: score vs population baseline (confidence ramping)
SES_0004481,SVC_0088,service_account,2026-01-06 07:46:46,29,0.0707337260164072,0.606,normal,Cold-start: score vs population baseline (confidence ramping)
SES_0004614,SVC_0088,service_account,2026-01-06 09:54:00,30,0.0489766066198759,0.62,normal,Cold-start: score vs population baseline (confidence ramping)
SES_0004769,SVC_0088,service_account,2026-01-06 12:36:33,31,0.187282517216611,0.634,normal,Cold-start: score vs population baseline (confidence ramping)
SES_0004814,SVC_0088,service_account,2026-01-06 13:31:34,32,0.0417220699166122,0.6479999999999999,normal,Cold-start: score vs population baseline (confidence ramping)
SES_0004888,SVC_0088,service_account,2026-01-06 14:55:02,33,0.0387656873700696,0.6619999999999999,normal,Cold-start: score vs population baseline (confidence ramping)
SES_0004894,SVC_0088,service_account,2026-01-06 14:57:20,34,0.0407597867271144,0.6759999999999999,normal,Cold-start: score vs population baseline (confidence ramping)
SES_0005327,SVC_0088,service_account,2026-01-07 07:21:24,35,0.0553985957799978,0.69,normal,Cold-start: score vs population baseline (confidence ramping)
SES_0005330,SVC_0088,service_account,2026-01-07 07:24:42,36,0.0691434640382708,0.704,normal,Cold-start: score vs population baseline (confidence ramping)
SES_0005436,SVC_0088,service_account,2026-01-07 08:35:18,37,0.0667641387602414,0.718,normal,Cold-start: score vs population baseline (confidence ramping)
SES_0005449,SVC_0088,service_account,2026-01-07 08:51:36,38,0.0735593323351949,0.732,normal,Cold-start: score vs population baseline (confidence ramping)
SES_0005517,SVC_0088,service_account,2026-01-07 09:59:00,39,0.0900028842372572,0.746,normal,Cold-start: score vs population baseline (confidence ramping)
SES_0006131,SVC_0088,service_account,2026-01-07 21:35:57,40,0.2188114662560698,0.76,normal,Cold-start: score vs population baseline (confidence ramping)
SES_0006250,SVC_0088,service_account,2026-01-08 07:52:48,41,0.0714143961955828,0.774,normal,Cold-start: score vs population baseline (confidence ramping)
SES_0006291,SVC_0088,service_account,2026-01-08 08:19:52,42,0.0416627967977889,0.788,normal,Cold-start: score vs population baseline (confidence ramping)
SES_0006295,SVC_0088,service_account,2026-01-08 08:21:46,43,0.0754299064585424,0.802,normal,Cold-start: score vs population baseline (confidence ramping)
SES_0006304,SVC_0088,service_account,2026-01-08 08:35:44,44,0.0785117772848168,0.8160000000000001,normal,Cold-start: score vs population baseline (confidence ramping)
SES_0006331,SVC_0088,service_account,2026-01-08 09:04:10,45,0.0558965086086084,0.8300000000000001,normal,Cold-start: score vs population baseline (confidence ramping)
SES_0006339,SVC_0088,service_account,2026-01-08 09:11:12,46,0.0277266611652826,0.8440000000000001,normal,Cold-start: score vs population baseline (confidence ramping)
SES_0006559,SVC_0088,service_account,2026-01-08 12:53:57,47,0.0453447432366677,0.8579999999999999,normal,Cold-start: score vs population baseline (confidence ramping)
SES_0006567,SVC_0088,service_account,2026-01-08 13:03:03,48,0.057689842499845,0.8719999999999999,normal,Cold-start: score vs population baseline (confidence ramping)
SES_0006568,SVC_0088,service_account,2026-01-08 13:03:46,49,0.0341663813519655,0.8859999999999999,normal,Cold-start: score vs population baseline (confidence ramping)
SES_0006662,SVC_0088,service_account,2026-01-08 14:53:07,50,0.0251732419278964,0.8999999999999999,normal,Cold-start: score vs population baseline (confidence ramping)
SES_0000231,SVC_0089,service_account,2026-01-01 10:01:37,1,0.3743630681777425,0.21400000000000002,normal,Cold-start: score vs population baseline (confidence ramping)
SES_0000892,SVC_0089,service_account,2026-01-01 21:45:15,2,0.41030991250729,0.228,normal,Cold-start: score vs population baseline (confidence ramping)
SES_0001127,SVC_0089,service_account,2026-01-02 10:10:26,3,0.2966693999237885,0.242,normal,Cold-start: score vs population baseline (confidence ramping)
SES_0001148,SVC_0089,service_account,2026-01-02 10:33:40,4,0.359545184716552,0.256,normal,Cold-start: score vs population baseline (confidence ramping)
SES_0001238,SVC_0089,service_account,2026-01-02 12:20:27,5,0.2333249073548648,0.27,normal,Cold-start: score vs population baseline (confidence ramping)
SES_0001251,SVC_0089,service_account,2026-01-02 12:34:41,6,0.1657402190744436,0.28400000000000003,normal,Cold-start: score vs population baseline (confidence ramping)
SES_0001397,SVC_0089,service_account,2026-01-02 15:38:42,7,0.1518912618110783,0.29800000000000004,normal,Cold-start: score vs population baseline (confidence ramping)
SES_0001964,SVC_0089,service_account,2026-01-03 10:05:32,8,0.1556461402911661,0.312,normal,Cold-start: score vs population baseline (confidence ramping)
SES_0002008,SVC_0089,service_account,2026-01-03 10:53:52,9,0.1470437794039732,0.326,normal,Cold-start: score vs population baseline (confidence ramping)
SES_0002089,SVC_0089,service_account,2026-01-03 12:22:36,10,0.1375982587099532,0.33999999999999997,normal,Cold-start: score vs population baseline (confidence ramping)
SES_0002096,SVC_0089,service_account,2026-01-03 12:26:28,11,0.3231577135467248,0.354,normal,Cold-start: score vs population baseline (confidence ramping)
SES_0002213,SVC_0089,service_account,2026-01-03 15:03:40,12,0.1421423602192229,0.368,normal,Cold-start: score vs population baseline (confidence ramping)
SES_0002263,SVC_0089,service_account,2026-01-03 15:50:53,13,0.1102579249080004,0.382,normal,Cold-start: score vs population baseline (confidence ramping)
SES_0002534,SVC_0089,service_account,2026-01-03 21:02:43,14,0.2453399298026138,0.396,normal,Cold-start: score vs population baseline (confidence ramping)
SES_0002575,SVC_0089,service_account,2026-01-03 21:47:37,15,0.2239558845380825,0.41000000000000003,normal,Cold-start: score vs population baseline (confidence ramping)
SES_0002832,SVC_0089,service_account,2026-01-04 10:03:09,16,0.1956867325112999,0.424,normal,Cold-start: score vs population baseline (confidence ramping)
SES_0002883,SVC_0089,service_account,2026-01-04 10:48:15,17,0.1494974831745027,0.438,normal,Cold-start: score vs population baseline (confidence ramping)
SES_0002991,SVC_0089,service_account,2026-01-04 12:40:57,18,0.2236861162990028,0.452,normal,Cold-start: score vs population baseline (confidence ramping)
SES_0003132,SVC_0089,service_account,2026-01-04 15:15:05,19,0.1447885538717049,0.46599999999999997,normal,Cold-start: score vs population baseline (confidence ramping)
SES_0003168,SVC_0089,service_account,2026-01-04 15:43:57,20,0.1472642280459898,0.48,normal,Cold-start: score vs population baseline (confidence ramping)
SES_0003456,SVC_0089,service_account,2026-01-04 21:33:37,21,0.3695067754269854,0.494,normal,Cold-start: score vs population baseline (confidence ramping)
SES_0003708,SVC_0089,service_account,2026-01-05 10:04:51,22,0.1351257238483765,0.508,normal,Cold-start: score vs population baseline (confidence ramping)
SES_0003850,SVC_0089,service_account,2026-01-05 12:27:58,23,0.1176196915733066,0.522,normal,Cold-start: score vs population baseline (confidence ramping)
SES_0003860,SVC_0089,service_account,2026-01-05 12:39:39,24,0.1208778778358242,0.536,normal,Cold-start: score vs population baseline (confidence ramping)
SES_0003862,SVC_0089,service_account,2026-01-05 12:43:09,25,0.1055087529602808,0.55,normal,Cold-start: score vs population baseline (confidence ramping)
SES_0004043,SVC_0089,service_account,2026-01-05 15:46:49,26,0.2032803321073598,0.5640000000000001,normal,Cold-start: score vs population baseline (confidence ramping)
SES_0004349,SVC_0089,service_account,2026-01-05 21:28:27,27,0.204619340041235,0.5780000000000001,normal,Cold-start: score vs population baseline (confidence ramping)
SES_0004368,SVC_0089,service_account,2026-01-05 21:41:29,28,0.2493315227808172,0.5920000000000001,normal,Cold-start: score vs population baseline (confidence ramping)
SES_0004791,SVC_0089,service_account,2026-01-06 12:52:52,29,0.0925135809830475,0.606,normal,Cold-start: score vs population baseline (confidence ramping)
SES_0004917,SVC_0089,service_account,2026-01-06 15:21:00,30,0.0855094979771767,0.62,normal,Cold-start: score vs population baseline (confidence ramping)
SES_0004922,SVC_0089,service_account,2026-01-06 15:26:56,31,0.0717775794296692,0.634,normal,Cold-start: score vs population baseline (confidence ramping)
SES_0005242,SVC_0089,service_account,2026-01-06 21:39:42,32,0.2146804943109789,0.6479999999999999,normal,Cold-start: score vs population baseline (confidence ramping)
SES_0005531,SVC_0089,service_account,2026-01-07 10:14:18,33,0.0795949326598638,0.6619999999999999,normal,Cold-start: score vs population baseline (confidence ramping)
SES_0005568,SVC_0089,service_account,2026-01-07 10:46:12,34,0.0657540757443906,0.6759999999999999,normal,Cold-start: score vs population baseline (confidence ramping)
SES_0005577,SVC_0089,service_account,2026-01-07 10:55:35,35,0.1021838809133305,0.69,normal,Cold-start: score vs population baseline (confidence ramping)
SES_0005660,SVC_0089,service_account,2026-01-07 12:23:01,36,0.0751812615462965,0.704,normal,Cold-start: score vs population baseline (confidence ramping)
SES_0005823,SVC_0089,service_account,2026-01-07 15:35:36,37,0.1165064117347136,0.718,normal,Cold-start: score vs population baseline (confidence ramping)
SES_0006094,SVC_0089,service_account,2026-01-07 21:02:24,38,0.2761837785789918,0.732,normal,Cold-start: score vs population baseline (confidence ramping)
SES_0006105,SVC_0089,service_account,2026-01-07 21:10:18,39,0.2169950157823605,0.746,normal,Cold-start: score vs population baseline (confidence ramping)
SES_0006134,SVC_0089,service_account,2026-01-07 21:39:59,40,0.3119065091334553,0.76,normal,Cold-start: score vs population baseline (confidence ramping)
SES_0006140,SVC_0089,service_account,2026-01-07 21:47:42,41,0.348633960165324,0.774,normal,Cold-start: score vs population baseline (confidence ramping)
SES_0006407,SVC_0089,service_account,2026-01-08 10:12:01,42,0.1566681166001173,0.788,normal,Cold-start: score vs population baseline (confidence ramping)
SES_0006428,SVC_0089,service_account,2026-01-08 10:32:01,43,0.0859602866437321,0.802,normal,Cold-start: score vs population baseline (confidence ramping)
SES_0006443,SVC_0089,service_account,2026-01-08 10:40:40,44,0.2336348739324728,0.8160000000000001,normal,Cold-start: score vs population baseline (confidence ramping)
SES_0006445,SVC_0089,service_account,2026-01-08 10:44:09,45,0.0676534767299422,0.8300000000000001,normal,Cold-start: score vs population baseline (confidence ramping)
SES_0006564,SVC_0089,service_account,2026-01-08 12:59:47,46,0.0521799823381623,0.8440000000000001,normal,Cold-start: score vs population baseline (confidence ramping)
SES_0006670,SVC_0089,service_account,2026-01-08 15:01:46,47,0.1039598383534266,0.8579999999999999,normal,Cold-start: score vs population baseline (confidence ramping)
SES_0006675,SVC_0089,service_account,2026-01-08 15:08:09,48,0.0783698907826412,0.8719999999999999,normal,Cold-start: score vs population baseline (confidence ramping)
SES_0006677,SVC_0089,service_account,2026-01-08 15:09:10,49,0.0533693304792574,0.8859999999999999,normal,Cold-start: score vs population baseline (confidence ramping)
SES_0007011,SVC_0089,service_account,2026-01-08 21:44:46,50,0.185174841335734,0.8999999999999999,normal,Cold-start: score vs population baseline (confidence ramping)
SES_0000027,SVC_0090,service_account,2026-01-01 06:41:13,1,0.4296313031678646,0.21400000000000002,normal,Cold-start: score vs population baseline (confidence ramping)
SES_0000046,SVC_0090,service_account,2026-01-01 07:02:43,2,0.3668601918869015,0.228,normal,Cold-start: score vs population baseline (confidence ramping)
SES_0000060,SVC_0090,service_account,2026-01-01 07:12:37,3,0.4481138041359582,0.242,normal,Cold-start: score vs population baseline (confidence ramping)
SES_0000090,SVC_0090,service_account,2026-01-01 07:36:12,4,0.2916069557589022,0.256,normal,Cold-start: score vs population baseline (confidence ramping)
SES_0000172,SVC_0090,service_account,2026-01-01 09:02:05,5,0.2582570937306365,0.27,normal,Cold-start: score vs population baseline (confidence ramping)
SES_0000197,SVC_0090,service_account,2026-01-01 09:27:52,6,0.1364751180410827,0.28400000000000003,normal,Cold-start: score vs population baseline (confidence ramping)
SES_0000208,SVC_0090,service_account,2026-01-01 09:38:32,7,0.1180222334379645,0.29800000000000004,normal,Cold-start: score vs population baseline (confidence ramping)
SES_0000245,SVC_0090,service_account,2026-01-01 10:18:10,8,0.0903993395427302,0.312,normal,Cold-start: score vs population baseline (confidence ramping)
SES_0000272,SVC_0090,service_account,2026-01-01 10:49:02,9,0.0868350341722331,0.326,normal,Cold-start: score vs population baseline (confidence ramping)
SES_0000347,SVC_0090,service_account,2026-01-01 12:04:40,10,0.2423199513567307,0.33999999999999997,normal,Cold-start: score vs population baseline (confidence ramping)
SES_0000630,SVC_0090,service_account,2026-01-01 17:04:47,11,0.1679245086071872,0.354,normal,Cold-start: score vs population baseline (confidence ramping)
SES_0000633,SVC_0090,service_account,2026-01-01 17:09:40,12,0.0973184711406022,0.368,normal,Cold-start: score vs population baseline (confidence ramping)
SES_0000686,SVC_0090,service_account,2026-01-01 17:53:21,13,0.17070433425411,0.382,normal,Cold-start: score vs population baseline (confidence ramping)
SES_0000922,SVC_0090,service_account,2026-01-02 06:22:21,14,0.2184882703196237,0.396,normal,Cold-start: score vs population baseline (confidence ramping)
SES_0000949,SVC_0090,service_account,2026-01-02 06:50:45,15,0.2430644681787512,0.41000000000000003,normal,Cold-start: score vs population baseline (confidence ramping)
SES_0000965,SVC_0090,service_account,2026-01-02 07:08:31,16,0.2904012127008016,0.424,normal,Cold-start: score vs population baseline (confidence ramping)
SES_0000986,SVC_0090,service_account,2026-01-02 07:24:02,17,0.1254354070073287,0.438,normal,Cold-start: score vs population baseline (confidence ramping)
SES_0001099,SVC_0090,service_account,2026-01-02 09:27:38,18,0.1833059698269862,0.452,normal,Cold-start: score vs population baseline (confidence ramping)
SES_0001101,SVC_0090,service_account,2026-01-02 09:29:38,19,0.3881368309559587,0.46599999999999997,normal,Cold-start: score vs population baseline (confidence ramping)
SES_0001102,SVC_0090,service_account,2026-01-02 09:30:47,20,0.1161747214374162,0.48,normal,Cold-start: score vs population baseline (confidence ramping)
SES_0001133,SVC_0090,service_account,2026-01-02 10:16:21,21,0.0976032485405184,0.494,normal,Cold-start: score vs population baseline (confidence ramping)
SES_0001240,SVC_0090,service_account,2026-01-02 12:23:39,22,0.0949407589067687,0.508,normal,Cold-start: score vs population baseline (confidence ramping)
SES_0001972,SVC_0090,service_account,2026-01-03 10:10:37,23,0.1701797353047502,0.522,normal,Cold-start: score vs population baseline (confidence ramping)
SES_0002079,SVC_0090,service_account,2026-01-03 12:12:44,24,0.120717288189215,0.536,normal,Cold-start: score vs population baseline (confidence ramping)
SES_0002109,SVC_0090,service_account,2026-01-03 12:49:46,25,0.1207617388968502,0.55,normal,Cold-start: score vs population baseline (confidence ramping)
SES_0002117,SVC_0090,service_account,2026-01-03 12:55:20,26,0.1124767188246592,0.5640000000000001,normal,Cold-start: score vs population baseline (confidence ramping)
SES_0002392,SVC_0090,service_account,2026-01-03 17:56:51,27,0.144203180039424,0.5780000000000001,normal,Cold-start: score vs population baseline (confidence ramping)
SES_0002624,SVC_0090,service_account,2026-01-04 06:43:31,28,0.2857984490765511,0.5920000000000001,normal,Cold-start: score vs population baseline (confidence ramping)
SES_0002681,SVC_0090,service_account,2026-01-04 07:37:46,29,0.1671384849401961,0.606,normal,Cold-start: score vs population baseline (confidence ramping)
SES_0002703,SVC_0090,service_account,2026-01-04 07:52:54,30,0.1403459442771504,0.62,normal,Cold-start: score vs population baseline (confidence ramping)
SES_0002792,SVC_0090,service_account,2026-01-04 09:12:26,31,0.2781873364656732,0.634,normal,Cold-start: score vs population baseline (confidence ramping)
SES_0002806,SVC_0090,service_account,2026-01-04 09:38:15,32,0.2111203964739253,0.6479999999999999,normal,Cold-start: score vs population baseline (confidence ramping)
SES_0002821,SVC_0090,service_account,2026-01-04 09:54:04,33,0.2412708590057688,0.6619999999999999,normal,Cold-start: score vs population baseline (confidence ramping)
SES_0002995,SVC_0090,service_account,2026-01-04 12:46:00,34,0.23647171480824,0.6759999999999999,normal,Cold-start: score vs population baseline (confidence ramping)
SES_0003262,SVC_0090,service_account,2026-01-04 17:31:45,35,0.2093776738714478,0.69,normal,Cold-start: score vs population baseline (confidence ramping)
SES_0003634,SVC_0090,service_account,2026-01-05 09:00:54,36,0.1015849345866391,0.704,normal,Cold-start: score vs population baseline (confidence ramping)
SES_0003667,SVC_0090,service_account,2026-01-05 09:27:55,37,0.1058861606333379,0.718,normal,Cold-start: score vs population baseline (confidence ramping)
SES_0003760,SVC_0090,service_account,2026-01-05 10:55:17,38,0.1532650786378933,0.732,normal,Cold-start: score vs population baseline (confidence ramping)
SES_0003841,SVC_0090,service_account,2026-01-05 12:22:59,39,0.1674168468017402,0.746,normal,Cold-start: score vs population baseline (confidence ramping)
SES_0003867,SVC_0090,service_account,2026-01-05 12:48:35,40,0.1623018094984213,0.76,normal,Cold-start: score vs population baseline (confidence ramping)
SES_0003872,SVC_0090,service_account,2026-01-05 12:50:23,41,0.1503442685168866,0.774,normal,Cold-start: score vs population baseline (confidence ramping)
SES_0004162,SVC_0090,service_account,2026-01-05 17:39:28,42,0.2960093501786969,0.788,normal,Cold-start: score vs population baseline (confidence ramping)
SES_0004177,SVC_0090,service_account,2026-01-05 17:57:55,43,0.1895209613438842,0.802,normal,Cold-start: score vs population baseline (confidence ramping)
SES_0004407,SVC_0090,service_account,2026-01-06 06:36:55,44,0.2780911047470349,0.8160000000000001,normal,Cold-start: score vs population baseline (confidence ramping)
SES_0004467,SVC_0090,service_account,2026-01-06 07:32:13,45,0.2375553528851117,0.8300000000000001,normal,Cold-start: score vs population baseline (confidence ramping)
SES_0004474,SVC_0090,service_account,2026-01-06 07:38:03,46,0.3876190271942498,0.8440000000000001,normal,Cold-start: score vs population baseline (confidence ramping)
SES_0004562,SVC_0090,service_account,2026-01-06 09:02:22,47,0.1485504860733632,0.8579999999999999,normal,Cold-start: score vs population baseline (confidence ramping)
SES_0004583,SVC_0090,service_account,2026-01-06 09:25:49,48,0.1951395840555086,0.8719999999999999,normal,Cold-start: score vs population baseline (confidence ramping)
SES_0004636,SVC_0090,service_account,2026-01-06 10:06:45,49,0.1344313797615863,0.8859999999999999,normal,Cold-start: score vs population baseline (confidence ramping)
SES_0004665,SVC_0090,service_account,2026-01-06 10:34:41,50,0.1243747959489332,0.8999999999999999,normal,Cold-start: score vs population baseline (confidence ramping)
SES_0000047,SVC_0091,service_account,2026-01-01 07:03:15,1,0.3375519398898566,0.21400000000000002,normal,Cold-start: score vs population baseline (confidence ramping)
SES_0000064,SVC_0091,service_account,2026-01-01 07:14:15,2,0.1460800078022403,0.228,normal,Cold-start: score vs population baseline (confidence ramping)
SES_0000066,SVC_0091,service_account,2026-01-01 07:18:17,3,0.1569156458485661,0.242,normal,Cold-start: score vs population baseline (confidence ramping)
SES_0000072,SVC_0091,service_account,2026-01-01 07:19:26,4,0.1794458639352338,0.256,normal,Cold-start: score vs population baseline (confidence ramping)
SES_0000091,SVC_0091,service_account,2026-01-01 07:36:12,5,0.2200155561077921,0.27,normal,Cold-start: score vs population baseline (confidence ramping)
SES_0000107,SVC_0091,service_account,2026-01-01 07:47:50,6,0.3104391081674201,0.28400000000000003,normal,Cold-start: score vs population baseline (confidence ramping)
SES_0000109,SVC_0091,service_account,2026-01-01 07:48:57,7,0.1877583378328717,0.29800000000000004,normal,Cold-start: score vs population baseline (confidence ramping)
SES_0000175,SVC_0091,service_account,2026-01-01 09:04:16,8,0.1367355753912225,0.312,normal,Cold-start: score vs population baseline (confidence ramping)
SES_0000234,SVC_0091,service_account,2026-01-01 10:04:58,9,0.1005090248779033,0.326,normal,Cold-start: score vs population baseline (confidence ramping)
SES_0000252,SVC_0091,service_account,2026-01-01 10:30:22,10,0.096283496824822,0.33999999999999997,normal,Cold-start: score vs population baseline (confidence ramping)
SES_0000546,SVC_0091,service_account,2026-01-01 15:29:04,11,0.0917686130368109,0.354,normal,Cold-start: score vs population baseline (confidence ramping)
SES_0000557,SVC_0091,service_account,2026-01-01 15:41:14,12,0.0665534905126929,0.368,normal,Cold-start: score vs population baseline (confidence ramping)
SES_0000713,SVC_0091,service_account,2026-01-01 18:22:00,13,0.1808073878511427,0.382,normal,Cold-start: score vs population baseline (confidence ramping)
SES_0000726,SVC_0091,service_account,2026-01-01 18:37:49,14,0.398243481600694,0.396,normal,Cold-start: score vs population baseline (confidence ramping)
SES_0000730,SVC_0091,service_account,2026-01-01 18:39:36,15,0.1157862371700567,0.41000000000000003,normal,Cold-start: score vs population baseline (confidence ramping)
SES_0000733,SVC_0091,service_account,2026-01-01 18:44:14,16,0.1054094709488721,0.424,normal,Cold-start: score vs population baseline (confidence ramping)
SES_0000970,SVC_0091,service_account,2026-01-02 07:10:43,17,0.0768555001078604,0.438,normal,Cold-start: score vs population baseline (confidence ramping)
SES_0000974,SVC_0091,service_account,2026-01-02 07:14:18,18,0.3250569371898503,0.452,normal,Cold-start: score vs population baseline (confidence ramping)
SES_0001087,SVC_0091,service_account,2026-01-02 09:15:15,19,0.1372675827375043,0.46599999999999997,normal,Cold-start: score vs population baseline (confidence ramping)
SES_0001155,SVC_0091,service_account,2026-01-02 10:47:24,20,0.0632849236193143,0.48,normal,Cold-start: score vs population baseline (confidence ramping)
SES_0001528,SVC_0091,service_account,2026-01-02 18:10:31,21,0.1183597638903415,0.494,normal,Cold-start: score vs population baseline (confidence ramping)
SES_0001932,SVC_0091,service_account,2026-01-03 09:35:55,22,0.1080586901480716,0.508,normal,Cold-start: score vs population baseline (confidence ramping)
SES_0001934,SVC_0091,service_account,2026-01-03 09:38:35,23,0.1195513024994338,0.522,normal,Cold-start: score vs population baseline (confidence ramping)
SES_0002229,SVC_0091,service_account,2026-01-03 15:13:39,24,0.1144009118281875,0.536,normal,Cold-start: score vs population baseline (confidence ramping)
SES_0002238,SVC_0091,service_account,2026-01-03 15:28:25,25,0.2599100220892597,0.55,normal,Cold-start: score vs population baseline (confidence ramping)
SES_0002396,SVC_0091,service_account,2026-01-03 18:02:06,26,0.1111515765347967,0.5640000000000001,normal,Cold-start: score vs population baseline (confidence ramping)
SES_0002409,SVC_0091,service_account,2026-01-03 18:18:01,27,0.1494094877874982,0.5780000000000001,normal,Cold-start: score vs population baseline (confidence ramping)
SES_0002658,SVC_0091,service_account,2026-01-04 07:17:12,28,0.2245979536403448,0.5920000000000001,normal,Cold-start: score vs population baseline (confidence ramping)
SES_0002671,SVC_0091,service_account,2026-01-04 07:26:22,29,0.0989629012412228,0.606,normal,Cold-start: score vs population baseline (confidence ramping)
SES_0002811,SVC_0091,service_account,2026-01-04 09:47:12,30,0.0933209066037763,0.62,normal,Cold-start: score vs population baseline (confidence ramping)
SES_0002837,SVC_0091,service_account,2026-01-04 10:06:22,31,0.0916652653792078,0.634,normal,Cold-start: score vs population baseline (confidence ramping)
SES_0003157,SVC_0091,service_account,2026-01-04 15:37:10,32,0.1110297855420965,0.6479999999999999,normal,Cold-start: score vs population baseline (confidence ramping)
SES_0003283,SVC_0091,service_account,2026-01-04 18:01:53,33,0.1026390242828758,0.6619999999999999,normal,Cold-start: score vs population baseline (confidence ramping)
SES_0003302,SVC_0091,service_account,2026-01-04 18:23:39,34,0.2092285721283746,0.6759999999999999,normal,Cold-start: score vs population baseline (confidence ramping)
SES_0003329,SVC_0091,service_account,2026-01-04 18:54:33,35,0.1052557124757218,0.69,normal,Cold-start: score vs population baseline (confidence ramping)
SES_0003674,SVC_0091,service_account,2026-01-05 09:31:09,36,0.0700977763204585,0.704,normal,Cold-start: score vs population baseline (confidence ramping)
SES_0004017,SVC_0091,service_account,2026-01-05 15:19:36,37,0.0526725211508951,0.718,normal,Cold-start: score vs population baseline (confidence ramping)
SES_0004027,SVC_0091,service_account,2026-01-05 15:26:33,38,0.059982852861075,0.732,normal,Cold-start: score vs population baseline (confidence ramping)
SES_0004053,SVC_0091,service_account,2026-01-05 15:53:52,39,0.0349657654558195,0.746,normal,Cold-start: score vs population baseline (confidence ramping)
SES_0004201,SVC_0091,service_account,2026-01-05 18:28:49,40,0.0528208945550036,0.76,normal,Cold-start: score vs population baseline (confidence ramping)
SES_0004209,SVC_0091,service_account,2026-01-05 18:34:21,41,0.0582815963606216,0.774,normal,Cold-start: score vs population baseline (confidence ramping)
SES_0004563,SVC_0091,service_account,2026-01-06 09:02:47,42,0.0262234384336533,0.788,normal,Cold-start: score vs population baseline (confidence ramping)
SES_0004565,SVC_0091,service_account,2026-01-06 09:03:45,43,0.0386908631299904,0.802,normal,Cold-start: score vs population baseline (confidence ramping)
SES_0004618,SVC_0091,service_account,2026-01-06 09:56:33,44,0.0661185924797515,0.8160000000000001,normal,Cold-start: score vs population baseline (confidence ramping)
SES_0004624,SVC_0091,service_account,2026-01-06 10:00:33,45,0.0601149468659393,0.8300000000000001,normal,Cold-start: score vs population baseline (confidence ramping)
SES_0004631,SVC_0091,service_account,2026-01-06 10:03:57,46,0.0446618659013286,0.8440000000000001,normal,Cold-start: score vs population baseline (confidence ramping)
SES_0004911,SVC_0091,service_account,2026-01-06 15:14:21,47,0.0915942066862998,0.8579999999999999,normal,Cold-start: score vs population baseline (confidence ramping)
SES_0004934,SVC_0091,service_account,2026-01-06 15:44:35,48,0.2035021577618979,0.8719999999999999,normal,Cold-start: score vs population baseline (confidence ramping)
SES_0004944,SVC_0091,service_account,2026-01-06 15:53:32,49,0.0334707332331932,0.8859999999999999,normal,Cold-start: score vs population baseline (confidence ramping)
SES_0004945,SVC_0091,service_account,2026-01-06 15:54:42,50,0.0242142508311235,0.8999999999999999,normal,Cold-start: score vs population baseline (confidence ramping)
SES_0000129,SVC_0092,service_account,2026-01-01 08:21:00,1,0.3389169687946411,0.21400000000000002,normal,Cold-start: score vs population baseline (confidence ramping)
SES_0000133,SVC_0092,service_account,2026-01-01 08:25:17,2,0.324159015598633,0.228,normal,Cold-start: score vs population baseline (confidence ramping)
SES_0000469,SVC_0092,service_account,2026-01-01 14:00:05,3,0.092473500909221,0.242,normal,Cold-start: score vs population baseline (confidence ramping)
SES_0000512,SVC_0092,service_account,2026-01-01 14:49:00,4,0.1916772935948182,0.256,normal,Cold-start: score vs population baseline (confidence ramping)
SES_0000515,SVC_0092,service_account,2026-01-01 14:49:59,5,0.1701817864119129,0.27,normal,Cold-start: score vs population baseline (confidence ramping)
SES_0000754,SVC_0092,service_account,2026-01-01 19:13:28,6,0.2425432731183363,0.28400000000000003,normal,Cold-start: score vs population baseline (confidence ramping)
SES_0000806,SVC_0092,service_account,2026-01-01 20:09:37,7,0.2343339389989726,0.29800000000000004,normal,Cold-start: score vs population baseline (confidence ramping)
SES_0001037,SVC_0092,service_account,2026-01-02 08:06:53,8,0.3271431470285115,0.312,normal,Cold-start: score vs population baseline (confidence ramping)
SES_0001071,SVC_0092,service_account,2026-01-02 08:55:42,9,0.1875375443063031,0.326,normal,Cold-start: score vs population baseline (confidence ramping)
SES_0001576,SVC_0092,service_account,2026-01-02 19:18:47,10,0.1776016603934483,0.33999999999999997,normal,Cold-start: score vs population baseline (confidence ramping)
SES_0001614,SVC_0092,service_account,2026-01-02 20:09:03,11,0.2337023982261862,0.354,normal,Cold-start: score vs population baseline (confidence ramping)
SES_0001620,SVC_0092,service_account,2026-01-02 20:18:52,12,0.3601774442885365,0.368,normal,Cold-start: score vs population baseline (confidence ramping)
SES_0001629,SVC_0092,service_account,2026-01-02 20:32:23,13,0.2462726510572912,0.382,normal,Cold-start: score vs population baseline (confidence ramping)
SES_0001637,SVC_0092,service_account,2026-01-02 20:46:04,14,0.2454632365485457,0.396,normal,Cold-start: score vs population baseline (confidence ramping)
SES_0001892,SVC_0092,service_account,2026-01-03 08:46:17,15,0.2090991568963729,0.41000000000000003,normal,Cold-start: score vs population baseline (confidence ramping)
SES_0002471,SVC_0092,service_account,2026-01-03 19:37:14,16,0.1529837914483171,0.424,normal,Cold-start: score vs population baseline (confidence ramping)
SES_0002481,SVC_0092,service_account,2026-01-03 19:51:08,17,0.2003713579733645,0.438,normal,Cold-start: score vs population baseline (confidence ramping)
SES_0002514,SVC_0092,service_account,2026-01-03 20:40:13,18,0.220847149452441,0.452,normal,Cold-start: score vs population baseline (confidence ramping)
SES_0002736,SVC_0092,service_account,2026-01-04 08:20:34,19,0.1730431516732067,0.46599999999999997,normal,Cold-start: score vs population baseline (confidence ramping)
SES_0003099,SVC_0092,service_account,2026-01-04 14:40:25,20,0.1556957760127244,0.48,normal,Cold-start: score vs population baseline (confidence ramping)
SES_0003110,SVC_0092,service_account,2026-01-04 14:53:20,21,0.1058842600444456,0.494,normal,Cold-start: score vs population baseline (confidence ramping)
SES_0003339,SVC_0092,service_account,2026-01-04 19:09:41,22,0.1627414983429767,0.508,normal,Cold-start: score vs population baseline (confidence ramping)
SES_0003351,SVC_0092,service_account,2026-01-04 19:16:43,23,0.2422687976808825,0.522,normal,Cold-start: score vs population baseline (confidence ramping)
SES_0003365,SVC_0092,service_account,2026-01-04 19:33:59,24,0.1604034039830831,0.536,normal,Cold-start: score vs population baseline (confidence ramping)
SES_0003366,SVC_0092,service_account,2026-01-04 19:34:02,25,0.1258054528694619,0.55,normal,Cold-start: score vs population baseline (confidence ramping)
SES_0003391,SVC_0092,service_account,2026-01-04 20:12:38,26,0.1437210618486655,0.5640000000000001,normal,Cold-start: score vs population baseline (confidence ramping)
SES_0003407,SVC_0092,service_account,2026-01-04 20:32:36,27,0.1510884924635301,0.5780000000000001,normal,Cold-start: score vs population baseline (confidence ramping)
SES_0003623,SVC_0092,service_account,2026-01-05 08:43:13,28,0.1271918559281372,0.5920000000000001,normal,Cold-start: score vs population baseline (confidence ramping)
SES_0003970,SVC_0092,service_account,2026-01-05 14:28:54,29,0.0900183219509149,0.606,normal,Cold-start: score vs population baseline (confidence ramping)
SES_0003984,SVC_0092,service_account,2026-01-05 14:43:24,30,0.1016418524352513,0.62,normal,Cold-start: score vs population baseline (confidence ramping)
SES_0003998,SVC_0092,service_account,2026-01-05 14:54:17,31,0.1907977955025474,0.634,normal,Cold-start: score vs population baseline (confidence ramping)
SES_0004234,SVC_0092,service_account,2026-01-05 19:07:13,32,0.1024993637830758,0.6479999999999999,normal,Cold-start: score vs population baseline (confidence ramping)
SES_0004270,SVC_0092,service_account,2026-01-05 20:04:06,33,0.1574440640936491,0.6619999999999999,normal,Cold-start: score vs population baseline (confidence ramping)
SES_0004508,SVC_0092,service_account,2026-01-06 08:11:09,34,0.2052943940714874,0.6759999999999999,normal,Cold-start: score vs population baseline (confidence ramping)
SES_0004555,SVC_0092,service_account,2026-01-06 08:55:41,35,0.1822282529314708,0.69,normal,Cold-start: score vs population baseline (confidence ramping)
SES_0004896,SVC_0092,service_account,2026-01-06 14:58:05,36,0.1561435148073027,0.704,normal,Cold-start: score vs population baseline (confidence ramping)
SES_0005131,SVC_0092,service_account,2026-01-06 19:16:27,37,0.2624327277399326,0.718,normal,Cold-start: score vs population baseline (confidence ramping)
SES_0005157,SVC_0092,service_account,2026-01-06 19:45:49,38,0.1602445836466581,0.732,normal,Cold-start: score vs population baseline (confidence ramping)
SES_0005166,SVC_0092,service_account,2026-01-06 19:55:21,39,0.1945106843889291,0.746,normal,Cold-start: score vs population baseline (confidence ramping)
SES_0005178,SVC_0092,service_account,2026-01-06 20:14:29,40,0.1144282037170364,0.76,normal,Cold-start: score vs population baseline (confidence ramping)
SES_0005208,SVC_0092,service_account,2026-01-06 20:55:23,41,0.1504180326568272,0.774,normal,Cold-start: score vs population baseline (confidence ramping)
SES_0005416,SVC_0092,service_account,2026-01-07 08:08:19,42,0.0832345469456132,0.788,normal,Cold-start: score vs population baseline (confidence ramping)
SES_0005432,SVC_0092,service_account,2026-01-07 08:30:17,43,0.1216729070011257,0.802,normal,Cold-start: score vs population baseline (confidence ramping)
SES_0005444,SVC_0092,service_account,2026-01-07 08:45:24,44,0.1139016814963447,0.8160000000000001,normal,Cold-start: score vs population baseline (confidence ramping)
SES_0006034,SVC_0092,service_account,2026-01-07 19:43:42,45,0.072354311473653,0.8300000000000001,normal,Cold-start: score vs population baseline (confidence ramping)
SES_0006051,SVC_0092,service_account,2026-01-07 20:05:05,46,0.0651880559403941,0.8440000000000001,normal,Cold-start: score vs population baseline (confidence ramping)
SES_0006061,SVC_0092,service_account,2026-01-07 20:20:35,47,0.0777229101290336,0.8579999999999999,normal,Cold-start: score vs population baseline (confidence ramping)
SES_0006070,SVC_0092,service_account,2026-01-07 20:30:25,48,0.0526031185230963,0.8719999999999999,normal,Cold-start: score vs population baseline (confidence ramping)
SES_0006281,SVC_0092,service_account,2026-01-08 08:10:55,49,0.0780292806029992,0.8859999999999999,normal,Cold-start: score vs population baseline (confidence ramping)
SES_0006924,SVC_0092,service_account,2026-01-08 20:04:01,50,0.097543103110054,0.8999999999999999,normal,Cold-start: score vs population baseline (confidence ramping)
SES_0000247,SVC_0093,service_account,2026-01-01 10:21:03,1,0.3753571766293201,0.21400000000000002,normal,Cold-start: score vs population baseline (confidence ramping)
SES_0000300,SVC_0093,service_account,2026-01-01 11:15:18,2,0.1909866020359474,0.228,normal,Cold-start: score vs population baseline (confidence ramping)
SES_0000442,SVC_0093,service_account,2026-01-01 13:33:58,3,0.1092191061171008,0.242,normal,Cold-start: score vs population baseline (confidence ramping)
SES_0000446,SVC_0093,service_account,2026-01-01 13:43:01,4,0.1185822603659896,0.256,normal,Cold-start: score vs population baseline (confidence ramping)
SES_0000536,SVC_0093,service_account,2026-01-01 15:15:33,5,0.1356116835239372,0.27,normal,Cold-start: score vs population baseline (confidence ramping)
SES_0000910,SVC_0093,service_account,2026-01-02 06:01:56,6,0.3221000592139459,0.28400000000000003,normal,Cold-start: score vs population baseline (confidence ramping)
SES_0000912,SVC_0093,service_account,2026-01-02 06:05:43,7,0.2287439219871734,0.29800000000000004,normal,Cold-start: score vs population baseline (confidence ramping)
SES_0000928,SVC_0093,service_account,2026-01-02 06:31:55,8,0.3099751082813329,0.312,normal,Cold-start: score vs population baseline (confidence ramping)
SES_0000940,SVC_0093,service_account,2026-01-02 06:45:55,9,0.2404569505687631,0.326,normal,Cold-start: score vs population baseline (confidence ramping)
SES_0000947,SVC_0093,service_account,2026-01-02 06:49:42,10,0.2142252875835278,0.33999999999999997,normal,Cold-start: score vs population baseline (confidence ramping)
SES_0000951,SVC_0093,service_account,2026-01-02 06:56:32,11,0.2271039360759344,0.354,normal,Cold-start: score vs population baseline (confidence ramping)
SES_0001053,SVC_0093,service_account,2026-01-02 08:24:14,12,0.1254156232200639,0.368,normal,Cold-start: score vs population baseline (confidence ramping)
SES_0001149,SVC_0093,service_account,2026-01-02 10:34:46,13,0.1087506441626921,0.382,normal,Cold-start: score vs population baseline (confidence ramping)
SES_0001201,SVC_0093,service_account,2026-01-02 11:40:48,14,0.1064402779250565,0.396,normal,Cold-start: score vs population baseline (confidence ramping)
SES_0001411,SVC_0093,service_account,2026-01-02 15:58:28,15,0.2312000962379717,0.41000000000000003,normal,Cold-start: score vs population baseline (confidence ramping)
SES_0001734,SVC_0093,service_account,2026-01-03 06:47:14,16,0.2785458380449223,0.424,normal,Cold-start: score vs population baseline (confidence ramping)
SES_0001881,SVC_0093,service_account,2026-01-03 08:33:41,17,0.1430708299220757,0.438,normal,Cold-start: score vs population baseline (confidence ramping)
SES_0001974,SVC_0093,service_account,2026-01-03 10:11:16,18,0.1444275773157972,0.452,normal,Cold-start: score vs population baseline (confidence ramping)
SES_0002016,SVC_0093,service_account,2026-01-03 11:02:10,19,0.1256384068827817,0.46599999999999997,normal,Cold-start: score vs population baseline (confidence ramping)
SES_0002162,SVC_0093,service_account,2026-01-03 13:46:11,20,0.1186107398657318,0.48,normal,Cold-start: score vs population baseline (confidence ramping)
SES_0002245,SVC_0093,service_account,2026-01-03 15:34:50,21,0.1214697216621658,0.494,normal,Cold-start: score vs population baseline (confidence ramping)
SES_0002597,SVC_0093,service_account,2026-01-04 06:16:04,22,0.2517202067744106,0.508,normal,Cold-start: score vs population baseline (confidence ramping)
SES_0002615,SVC_0093,service_account,2026-01-04 06:34:23,23,0.246243606942385,0.522,normal,Cold-start: score vs population baseline (confidence ramping)
SES_0002620,SVC_0093,service_account,2026-01-04 06:37:43,24,0.2580479424319286,0.536,normal,Cold-start: score vs population baseline (confidence ramping)
SES_0002716,SVC_0093,service_account,2026-01-04 08:00:00,25,0.3680571969787191,0.55,impossible_travel,Cold-start: score vs population baseline (confidence ramping)
SES_0002744,SVC_0093,service_account,2026-01-04 08:28:50,26,0.4362774699465666,0.5640000000000001,normal,Cold-start: score vs population baseline (confidence ramping)
SES_0002747,SVC_0093,service_account,2026-01-04 08:31:06,27,0.3405332293587106,0.5780000000000001,normal,Cold-start: score vs population baseline (confidence ramping)
SES_0002767,SVC_0093,service_account,2026-01-04 08:45:05,28,0.45824687819707,0.5920000000000001,impossible_travel,Cold-start: score vs population baseline (confidence ramping)
SES_0003025,SVC_0093,service_account,2026-01-04 13:09:20,29,0.3504488540083494,0.606,normal,Cold-start: score vs population baseline (confidence ramping)
SES_0003041,SVC_0093,service_account,2026-01-04 13:25:48,30,0.1492638077829966,0.62,normal,Cold-start: score vs population baseline (confidence ramping)
SES_0003151,SVC_0093,service_account,2026-01-04 15:31:44,31,0.1453262986766639,0.634,normal,Cold-start: score vs population baseline (confidence ramping)
SES_0003513,SVC_0093,service_account,2026-01-05 06:31:47,32,0.2223312912870147,0.6479999999999999,normal,Cold-start: score vs population baseline (confidence ramping)
SES_0003723,SVC_0093,service_account,2026-01-05 10:17:07,33,0.1356744331013523,0.6619999999999999,normal,Cold-start: score vs population baseline (confidence ramping)
SES_0003745,SVC_0093,service_account,2026-01-05 10:43:14,34,0.1253447354465164,0.6759999999999999,normal,Cold-start: score vs population baseline (confidence ramping)
SES_0003815,SVC_0093,service_account,2026-01-05 11:50:32,35,0.1556317169572815,0.69,normal,Cold-start: score vs population baseline (confidence ramping)
SES_0003894,SVC_0093,service_account,2026-01-05 13:22:53,36,0.1492865502506793,0.704,normal,Cold-start: score vs population baseline (confidence ramping)
SES_0003915,SVC_0093,service_account,2026-01-05 13:37:22,37,0.1224707228769526,0.718,normal,Cold-start: score vs population baseline (confidence ramping)
SES_0004019,SVC_0093,service_account,2026-01-05 15:20:57,38,0.1118481026321624,0.732,normal,Cold-start: score vs population baseline (confidence ramping)
SES_0004057,SVC_0093,service_account,2026-01-05 15:58:31,39,0.1082428093468801,0.746,normal,Cold-start: score vs population baseline (confidence ramping)
SES_0004510,SVC_0093,service_account,2026-01-06 08:13:22,40,0.115884481996909,0.76,normal,Cold-start: score vs population baseline (confidence ramping)
SES_0004657,SVC_0093,service_account,2026-01-06 10:26:18,41,0.080170081301475,0.774,normal,Cold-start: score vs population baseline (confidence ramping)
SES_0004947,SVC_0093,service_account,2026-01-06 15:56:32,42,0.079263994810719,0.788,normal,Cold-start: score vs population baseline (confidence ramping)
SES_0005263,SVC_0093,service_account,2026-01-07 06:05:51,43,0.2201542404002617,0.802,normal,Cold-start: score vs population baseline (confidence ramping)
SES_0005281,SVC_0093,service_account,2026-01-07 06:24:07,44,0.2345842274396643,0.8160000000000001,normal,Cold-start: score vs population baseline (confidence ramping)
SES_0005431,SVC_0093,service_account,2026-01-07 08:29:44,45,0.1381316014160359,0.8300000000000001,normal,Cold-start: score vs population baseline (confidence ramping)
SES_0005689,SVC_0093,service_account,2026-01-07 13:08:33,46,0.0698011634264247,0.8440000000000001,normal,Cold-start: score vs population baseline (confidence ramping)
SES_0005716,SVC_0093,service_account,2026-01-07 13:34:46,47,0.2111787072783401,0.8579999999999999,normal,Cold-start: score vs population baseline (confidence ramping)
SES_0005732,SVC_0093,service_account,2026-01-07 13:57:17,48,0.0687682535574025,0.8719999999999999,normal,Cold-start: score vs population baseline (confidence ramping)
SES_0005834,SVC_0093,service_account,2026-01-07 15:46:50,49,0.1054420847030329,0.8859999999999999,normal,Cold-start: score vs population baseline (confidence ramping)
SES_0005844,SVC_0093,service_account,2026-01-07 15:52:46,50,0.0840701213337935,0.8999999999999999,normal,Cold-start: score vs population baseline (confidence ramping)
SES_0000019,SVC_0094,service_account,2026-01-01 06:31:32,1,0.4021744558767335,0.21400000000000002,normal,Cold-start: score vs population baseline (confidence ramping)
SES_0000228,SVC_0094,service_account,2026-01-01 09:57:34,2,0.2643976725006665,0.228,normal,Cold-start: score vs population baseline (confidence ramping)
SES_0000415,SVC_0094,service_account,2026-01-01 13:03:17,3,0.0848481055429742,0.242,normal,Cold-start: score vs population baseline (confidence ramping)
SES_0000882,SVC_0094,service_account,2026-01-01 21:34:49,4,0.202810870935811,0.256,normal,Cold-start: score vs population baseline (confidence ramping)
SES_0000909,SVC_0094,service_account,2026-01-02 06:01:33,5,0.3103699813240319,0.27,normal,Cold-start: score vs population baseline (confidence ramping)
SES_0001333,SVC_0094,service_account,2026-01-02 14:06:50,6,0.0957411991564589,0.28400000000000003,normal,Cold-start: score vs population baseline (confidence ramping)
SES_0001339,SVC_0094,service_account,2026-01-02 14:12:24,7,0.1405897132387656,0.29800000000000004,normal,Cold-start: score vs population baseline (confidence ramping)
SES_0001936,SVC_0094,service_account,2026-01-03 09:39:37,8,0.1809140368888751,0.312,normal,Cold-start: score vs population baseline (confidence ramping)
SES_0002141,SVC_0094,service_account,2026-01-03 13:20:08,9,0.1250567893364259,0.326,normal,Cold-start: score vs population baseline (confidence ramping)
SES_0002236,SVC_0094,service_account,2026-01-03 15:24:31,10,0.15598868683595,0.33999999999999997,normal,Cold-start: score vs population baseline (confidence ramping)
SES_0002270,SVC_0094,service_account,2026-01-03 15:55:48,11,0.3186204400499665,0.354,normal,Cold-start: score vs population baseline (confidence ramping)
SES_0002555,SVC_0094,service_account,2026-01-03 21:23:39,12,0.2630326298695555,0.368,normal,Cold-start: score vs population baseline (confidence ramping)
SES_0002580,SVC_0094,service_account,2026-01-03 21:53:13,13,0.2794727118884517,0.382,normal,Cold-start: score vs population baseline (confidence ramping)
SES_0002605,SVC_0094,service_account,2026-01-04 06:20:27,14,0.2596429082457137,0.396,normal,Cold-start: score vs population baseline (confidence ramping)
SES_0003028,SVC_0094,service_account,2026-01-04 13:16:00,15,0.1573554377242485,0.41000000000000003,normal,Cold-start: score vs population baseline (confidence ramping)
SES_0003094,SVC_0094,service_account,2026-01-04 14:34:31,16,0.1782309672274141,0.424,normal,Cold-start: score vs population baseline (confidence ramping)
SES_0003118,SVC_0094,service_account,2026-01-04 15:01:05,17,0.1784498416995959,0.438,normal,Cold-start: score vs population baseline (confidence ramping)
SES_0003146,SVC_0094,service_account,2026-01-04 15:24:58,18,0.22842742777898,0.452,normal,Cold-start: score vs population baseline (confidence ramping)
SES_0003164,SVC_0094,service_account,2026-01-04 15:41:19,19,0.276045483120358,0.46599999999999997,normal,Cold-start: score vs population baseline (confidence ramping)
SES_0003169,SVC_0094,service_account,2026-01-04 15:44:11,20,0.2482529906123509,0.48,normal,Cold-start: score vs population baseline (confidence ramping)
SES_0003173,SVC_0094,service_account,2026-01-04 15:46:40,21,0.2381938185497397,0.494,normal,Cold-start: score vs population baseline (confidence ramping)
SES_0003451,SVC_0094,service_account,2026-01-04 21:28:27,22,0.3272213443720648,0.508,normal,Cold-start: score vs population baseline (confidence ramping)
SES_0003462,SVC_0094,service_account,2026-01-04 21:37:57,23,0.3188408549906632,0.522,normal,Cold-start: score vs population baseline (confidence ramping)
SES_0003509,SVC_0094,service_account,2026-01-05 06:24:18,24,0.2996835757120428,0.536,normal,Cold-start: score vs population baseline (confidence ramping)
SES_0003534,SVC_0094,service_account,2026-01-05 06:54:24,25,0.3333889250514774,0.55,normal,Cold-start: score vs population baseline (confidence ramping)
SES_0003656,SVC_0094,service_account,2026-01-05 09:16:00,26,0.1815219335140355,0.5640000000000001,normal,Cold-start: score vs population baseline (confidence ramping)
SES_0003662,SVC_0094,service_account,2026-01-05 09:22:46,27,0.1147310717609585,0.5780000000000001,normal,Cold-start: score vs population baseline (confidence ramping)
SES_0003694,SVC_0094,service_account,2026-01-05 09:47:51,28,0.1033383789642712,0.5920000000000001,normal,Cold-start: score vs population baseline (confidence ramping)
SES_0003910,SVC_0094,service_account,2026-01-05 13:34:33,29,0.0932136179664085,0.606,normal,Cold-start: score vs population baseline (confidence ramping)
SES_0003956,SVC_0094,service_account,2026-01-05 14:16:22,30,0.0946577505701329,0.62,normal,Cold-start: score vs population baseline (confidence ramping)
SES_0003993,SVC_0094,service_account,2026-01-05 14:48:16,31,0.0962058131133507,0.634,normal,Cold-start: score vs population baseline (confidence ramping)
SES_0004331,SVC_0094,service_account,2026-01-05 21:07:31,32,0.2273509987281746,0.6479999999999999,normal,Cold-start: score vs population baseline (confidence ramping)
SES_0004358,SVC_0094,service_account,2026-01-05 21:34:34,33,0.2171153190153547,0.6619999999999999,normal,Cold-start: score vs population baseline (confidence ramping)
SES_0004359,SVC_0094,service_account,2026-01-05 21:34:40,34,0.1980579568976148,0.6759999999999999,normal,Cold-start: score vs population baseline (confidence ramping)
SES_0004416,SVC_0094,service_account,2026-01-06 06:45:24,35,0.2027365241333521,0.69,normal,Cold-start: score vs population baseline (confidence ramping)
SES_0004418,SVC_0094,service_account,2026-01-06 06:47:30,36,0.2146604308499265,0.704,normal,Cold-start: score vs population baseline (confidence ramping)
SES_0004559,SVC_0094,service_account,2026-01-06 09:00:47,37,0.0972306100684349,0.718,normal,Cold-start: score vs population baseline (confidence ramping)
SES_0004597,SVC_0094,service_account,2026-01-06 09:38:29,38,0.0779672220494809,0.732,normal,Cold-start: score vs population baseline (confidence ramping)
SES_0004897,SVC_0094,service_account,2026-01-06 14:59:50,39,0.0826712756296215,0.746,normal,Cold-start: score vs population baseline (confidence ramping)
SES_0004939,SVC_0094,service_account,2026-01-06 15:47:18,40,0.1994825147774042,0.76,normal,Cold-start: score vs population baseline (confidence ramping)
SES_0005474,SVC_0094,service_account,2026-01-07 09:15:10,41,0.1279479385740228,0.774,normal,Cold-start: score vs population baseline (confidence ramping)
SES_0005491,SVC_0094,service_account,2026-01-07 09:34:47,42,0.088207967906298,0.788,normal,Cold-start: score vs population baseline (confidence ramping)
SES_0005719,SVC_0094,service_account,2026-01-07 13:39:07,43,0.0992127472186495,0.802,normal,Cold-start: score vs population baseline (confidence ramping)
SES_0005758,SVC_0094,service_account,2026-01-07 14:26:38,44,0.0821774670200443,0.8160000000000001,normal,Cold-start: score vs population baseline (confidence ramping)
SES_0005837,SVC_0094,service_account,2026-01-07 15:48:50,45,0.0816928869505245,0.8300000000000001,normal,Cold-start: score vs population baseline (confidence ramping)
SES_0006100,SVC_0094,service_account,2026-01-07 21:05:22,46,0.1994746222070851,0.8440000000000001,normal,Cold-start: score vs population baseline (confidence ramping)
SES_0006145,SVC_0094,service_account,2026-01-07 21:54:22,47,0.2128217621482334,0.8579999999999999,normal,Cold-start: score vs population baseline (confidence ramping)
SES_0006149,SVC_0094,service_account,2026-01-07 21:59:45,48,0.1792973443778812,0.8719999999999999,normal,Cold-start: score vs population baseline (confidence ramping)
SES_0006262,SVC_0094,service_account,2026-01-08 08:00:00,49,0.2496382462987707,0.8859999999999999,device_spoofing,Cold-start: score vs population baseline (confidence ramping)
SES_0006603,SVC_0094,service_account,2026-01-08 13:46:08,50,0.0500340053887651,0.8999999999999999,normal,Cold-start: score vs population baseline (confidence ramping)
SES_0000311,SVC_0095,service_account,2026-01-01 11:23:43,1,0.370217360084086,0.21400000000000002,normal,Cold-start: score vs population baseline (confidence ramping)
SES_0000426,SVC_0095,service_account,2026-01-01 13:16:04,2,0.2448009893348309,0.228,normal,Cold-start: score vs population baseline (confidence ramping)
SES_0000664,SVC_0095,service_account,2026-01-01 17:38:58,3,0.227903044276445,0.242,normal,Cold-start: score vs population baseline (confidence ramping)
SES_0000837,SVC_0095,service_account,2026-01-01 20:47:33,4,0.2037896228997387,0.256,normal,Cold-start: score vs population baseline (confidence ramping)
SES_0001017,SVC_0095,service_account,2026-01-02 07:47:03,5,0.0630589917147515,0.27,normal,Cold-start: score vs population baseline (confidence ramping)
SES_0001086,SVC_0095,service_account,2026-01-02 09:14:46,6,0.2424961670099338,0.28400000000000003,normal,Cold-start: score vs population baseline (confidence ramping)
SES_0001174,SVC_0095,service_account,2026-01-02 11:12:37,7,0.0490783409548122,0.29800000000000004,normal,Cold-start: score vs population baseline (confidence ramping)
SES_0001204,SVC_0095,service_account,2026-01-02 11:41:54,8,0.0539645980069066,0.312,normal,Cold-start: score vs population baseline (confidence ramping)
SES_0001216,SVC_0095,service_account,2026-01-02 11:56:28,9,0.0680001394676511,0.326,normal,Cold-start: score vs population baseline (confidence ramping)
SES_0001289,SVC_0095,service_account,2026-01-02 13:21:01,10,0.0709986435517277,0.33999999999999997,normal,Cold-start: score vs population baseline (confidence ramping)
SES_0001293,SVC_0095,service_account,2026-01-02 13:24:20,11,0.3646450510495965,0.354,normal,Cold-start: score vs population baseline (confidence ramping)
SES_0001581,SVC_0095,service_account,2026-01-02 19:23:04,12,0.0771854372656378,0.368,normal,Cold-start: score vs population baseline (confidence ramping)
SES_0001615,SVC_0095,service_account,2026-01-02 20:10:00,13,0.1195918554263813,0.382,normal,Cold-start: score vs population baseline (confidence ramping)
SES_0001928,SVC_0095,service_account,2026-01-03 09:29:23,14,0.0717781160631481,0.396,normal,Cold-start: score vs population baseline (confidence ramping)
SES_0002067,SVC_0095,service_account,2026-01-03 11:58:26,15,0.2596077381093449,0.41000000000000003,normal,Cold-start: score vs population baseline (confidence ramping)
SES_0002120,SVC_0095,service_account,2026-01-03 13:00:38,16,0.1085152293708932,0.424,normal,Cold-start: score vs population baseline (confidence ramping)
SES_0002149,SVC_0095,service_account,2026-01-03 13:29:47,17,0.0517375768298121,0.438,normal,Cold-start: score vs population baseline (confidence ramping)
SES_0002362,SVC_0095,service_account,2026-01-03 17:29:59,18,0.2040117951886682,0.452,normal,Cold-start: score vs population baseline (confidence ramping)
SES_0002497,SVC_0095,service_account,2026-01-03 20:18:44,19,0.120566117326915,0.46599999999999997,normal,Cold-start: score vs population baseline (confidence ramping)
SES_0002644,SVC_0095,service_account,2026-01-04 07:09:09,20,0.1425285585908876,0.48,normal,Cold-start: score vs population baseline (confidence ramping)
SES_0002688,SVC_0095,service_account,2026-01-04 07:42:38,21,0.2526278483501385,0.494,normal,Cold-start: score vs population baseline (confidence ramping)
SES_0002802,SVC_0095,service_account,2026-01-04 09:28:45,22,0.1713071118036317,0.508,normal,Cold-start: score vs population baseline (confidence ramping)
SES_0002899,SVC_0095,service_account,2026-01-04 11:04:29,23,0.1659535284977886,0.522,normal,Cold-start: score vs population baseline (confidence ramping)
SES_0002925,SVC_0095,service_account,2026-01-04 11:33:56,24,0.1068319354753676,0.536,normal,Cold-start: score vs population baseline (confidence ramping)
SES_0003012,SVC_0095,service_account,2026-01-04 13:00:15,25,0.1520384030379213,0.55,normal,Cold-start: score vs population baseline (confidence ramping)
SES_0003017,SVC_0095,service_account,2026-01-04 13:04:02,26,0.2098610815240462,0.5640000000000001,normal,Cold-start: score vs population baseline (confidence ramping)
SES_0003254,SVC_0095,service_account,2026-01-04 17:23:03,27,0.2202942710629357,0.5780000000000001,normal,Cold-start: score vs population baseline (confidence ramping)
SES_0003271,SVC_0095,service_account,2026-01-04 17:46:38,28,0.1798747749195477,0.5920000000000001,normal,Cold-start: score vs population baseline (confidence ramping)
SES_0003277,SVC_0095,service_account,2026-01-04 17:49:30,29,0.1913831981004973,0.606,normal,Cold-start: score vs population baseline (confidence ramping)
SES_0003363,SVC_0095,service_account,2026-01-04 19:31:43,30,0.2002727949916687,0.62,normal,Cold-start: score vs population baseline (confidence ramping)
SES_0003364,SVC_0095,service_account,2026-01-04 19:32:40,31,0.1410177024177692,0.634,normal,Cold-start: score vs population baseline (confidence ramping)
SES_0003539,SVC_0095,service_account,2026-01-05 07:04:59,32,0.1452836258013072,0.6479999999999999,normal,Cold-start: score vs population baseline (confidence ramping)
SES_0003550,SVC_0095,service_account,2026-01-05 07:12:50,33,0.0924108388779609,0.6619999999999999,normal,Cold-start: score vs population baseline (confidence ramping)
SES_0003796,SVC_0095,service_account,2026-01-05 11:29:45,34,0.0643321004102066,0.6759999999999999,normal,Cold-start: score vs population baseline (confidence ramping)
SES_0003908,SVC_0095,service_account,2026-01-05 13:34:11,35,0.0758240936012245,0.69,normal,Cold-start: score vs population baseline (confidence ramping)
SES_0004248,SVC_0095,service_account,2026-01-05 19:27:50,36,0.0862577077847216,0.704,normal,Cold-start: score vs population baseline (confidence ramping)
SES_0004287,SVC_0095,service_account,2026-01-05 20:24:03,37,0.1317252914243794,0.718,normal,Cold-start: score vs population baseline (confidence ramping)
SES_0004616,SVC_0095,service_account,2026-01-06 09:55:53,38,0.0585475302646827,0.732,normal,Cold-start: score vs population baseline (confidence ramping)
SES_0004714,SVC_0095,service_account,2026-01-06 11:25:48,39,0.0411145422483831,0.746,normal,Cold-start: score vs population baseline (confidence ramping)
SES_0005337,SVC_0095,service_account,2026-01-07 07:32:50,40,0.0685648165310777,0.76,normal,Cold-start: score vs population baseline (confidence ramping)
SES_0005469,SVC_0095,service_account,2026-01-07 09:09:43,41,0.0720229240249832,0.774,normal,Cold-start: score vs population baseline (confidence ramping)
SES_0005607,SVC_0095,service_account,2026-01-07 11:31:46,42,0.0680029649935491,0.788,normal,Cold-start: score vs population baseline (confidence ramping)
SES_0005609,SVC_0095,service_account,2026-01-07 11:34:49,43,0.0744951793684264,0.802,normal,Cold-start: score vs population baseline (confidence ramping)
SES_0005720,SVC_0095,service_account,2026-01-07 13:40:17,44,0.0715338433989341,0.8160000000000001,normal,Cold-start: score vs population baseline (confidence ramping)
SES_0006064,SVC_0095,service_account,2026-01-07 20:22:55,45,0.0666424053901681,0.8300000000000001,normal,Cold-start: score vs population baseline (confidence ramping)
SES_0006080,SVC_0095,service_account,2026-01-07 20:47:12,46,0.093506253053815,0.8440000000000001,normal,Cold-start: score vs population baseline (confidence ramping)
SES_0006336,SVC_0095,service_account,2026-01-08 09:09:00,47,0.0582176746825935,0.8579999999999999,normal,Cold-start: score vs population baseline (confidence ramping)
SES_0006347,SVC_0095,service_account,2026-01-08 09:17:48,48,0.0762692348498101,0.8719999999999999,normal,Cold-start: score vs population baseline (confidence ramping)
SES_0006395,SVC_0095,service_account,2026-01-08 09:58:19,49,0.0696247910554756,0.8859999999999999,normal,Cold-start: score vs population baseline (confidence ramping)
SES_0006495,SVC_0095,service_account,2026-01-08 11:34:48,50,0.0170212792938121,0.8999999999999999,normal,Cold-start: score vs population baseline (confidence ramping)
SES_0000095,SVC_0096,service_account,2026-01-01 07:40:42,1,0.4677537370667313,0.21400000000000002,normal,Cold-start: score vs population baseline (confidence ramping)
SES_0000584,SVC_0096,service_account,2026-01-01 16:17:58,2,0.4062102827192395,0.228,normal,Cold-start: score vs population baseline (confidence ramping)
SES_0000601,SVC_0096,service_account,2026-01-01 16:40:15,3,0.3663574232666221,0.242,normal,Cold-start: score vs population baseline (confidence ramping)
SES_0000672,SVC_0096,service_account,2026-01-01 17:43:59,4,0.2327667935834058,0.256,normal,Cold-start: score vs population baseline (confidence ramping)
SES_0000698,SVC_0096,service_account,2026-01-01 18:07:55,5,0.3016675461691294,0.27,normal,Cold-start: score vs population baseline (confidence ramping)
SES_0000705,SVC_0096,service_account,2026-01-01 18:14:04,6,0.1408844451656909,0.28400000000000003,normal,Cold-start: score vs population baseline (confidence ramping)
SES_0000706,SVC_0096,service_account,2026-01-01 18:15:49,7,0.1409056223090624,0.29800000000000004,normal,Cold-start: score vs population baseline (confidence ramping)
SES_0000820,SVC_0096,service_account,2026-01-01 20:29:10,8,0.1139213003476034,0.312,normal,Cold-start: score vs population baseline (confidence ramping)
SES_0000825,SVC_0096,service_account,2026-01-01 20:31:03,9,0.2212301031613384,0.326,normal,Cold-start: score vs population baseline (confidence ramping)
SES_0000828,SVC_0096,service_account,2026-01-01 20:34:53,10,0.2552244443765794,0.33999999999999997,normal,Cold-start: score vs population baseline (confidence ramping)
SES_0000992,SVC_0096,service_account,2026-01-02 07:27:59,11,0.0973229867273383,0.354,normal,Cold-start: score vs population baseline (confidence ramping)
SES_0001422,SVC_0096,service_account,2026-01-02 16:08:40,12,0.0731103764912258,0.368,normal,Cold-start: score vs population baseline (confidence ramping)
SES_0001463,SVC_0096,service_account,2026-01-02 17:01:45,13,0.0677111528606119,0.382,normal,Cold-start: score vs population baseline (confidence ramping)
SES_0001529,SVC_0096,service_account,2026-01-02 18:12:48,14,0.0644337508389945,0.396,normal,Cold-start: score vs population baseline (confidence ramping)
SES_0001540,SVC_0096,service_account,2026-01-02 18:24:58,15,0.0949325252583975,0.41000000000000003,normal,Cold-start: score vs population baseline (confidence ramping)
SES_0001548,SVC_0096,service_account,2026-01-02 18:38:34,16,0.0646966252492022,0.424,normal,Cold-start: score vs population baseline (confidence ramping)
SES_0001638,SVC_0096,service_account,2026-01-02 20:46:09,17,0.0529495094731849,0.438,normal,Cold-start: score vs population baseline (confidence ramping)
SES_0001647,SVC_0096,service_account,2026-01-02 20:53:19,18,0.1031736983606638,0.452,normal,Cold-start: score vs population baseline (confidence ramping)
SES_0002285,SVC_0096,service_account,2026-01-03 16:10:15,19,0.0847587227812601,0.46599999999999997,normal,Cold-start: score vs population baseline (confidence ramping)
SES_0002399,SVC_0096,service_account,2026-01-03 18:06:35,20,0.3207396292511005,0.48,normal,Cold-start: score vs population baseline (confidence ramping)
SES_0002675,SVC_0096,service_account,2026-01-04 07:28:27,21,0.1608236435247118,0.494,normal,Cold-start: score vs population baseline (confidence ramping)
SES_0002712,SVC_0096,service_account,2026-01-04 07:58:38,22,0.1125883229760666,0.508,normal,Cold-start: score vs population baseline (confidence ramping)
SES_0003293,SVC_0096,service_account,2026-01-04 18:10:46,23,0.1108723385578354,0.522,normal,Cold-start: score vs population baseline (confidence ramping)
SES_0003294,SVC_0096,service_account,2026-01-04 18:11:48,24,0.1171559189550875,0.536,normal,Cold-start: score vs population baseline (confidence ramping)
SES_0003330,SVC_0096,service_account,2026-01-04 18:54:48,25,0.1202994519303946,0.55,normal,Cold-start: score vs population baseline (confidence ramping)
SES_0003334,SVC_0096,service_account,2026-01-04 19:05:55,26,0.1235310894272603,0.5640000000000001,normal,Cold-start: score vs population baseline (confidence ramping)
SES_0003360,SVC_0096,service_account,2026-01-04 19:26:43,27,0.1273680994395879,0.5780000000000001,normal,Cold-start: score vs population baseline (confidence ramping)
SES_0003559,SVC_0096,service_account,2026-01-05 07:24:35,28,0.1499495237483099,0.5920000000000001,normal,Cold-start: score vs population baseline (confidence ramping)
SES_0003939,SVC_0096,service_account,2026-01-05 14:01:02,29,0.0430621736940789,0.606,normal,Cold-start: score vs population baseline (confidence ramping)
SES_0004118,SVC_0096,service_account,2026-01-05 17:02:20,30,0.0623404379583028,0.62,normal,Cold-start: score vs population baseline (confidence ramping)
SES_0004175,SVC_0096,service_account,2026-01-05 17:55:29,31,0.0881639806309137,0.634,normal,Cold-start: score vs population baseline (confidence ramping)
SES_0004214,SVC_0096,service_account,2026-01-05 18:38:06,32,0.2330499335495271,0.6479999999999999,normal,Cold-start: score vs population baseline (confidence ramping)
SES_0004238,SVC_0096,service_account,2026-01-05 19:15:31,33,0.1053152426724016,0.6619999999999999,normal,Cold-start: score vs population baseline (confidence ramping)
SES_0004243,SVC_0096,service_account,2026-01-05 19:21:10,34,0.0862649084761953,0.6759999999999999,normal,Cold-start: score vs population baseline (confidence ramping)
SES_0004278,SVC_0096,service_account,2026-01-05 20:13:18,35,0.107038248549598,0.69,normal,Cold-start: score vs population baseline (confidence ramping)
SES_0004286,SVC_0096,service_account,2026-01-05 20:23:28,36,0.0982811146635496,0.704,normal,Cold-start: score vs population baseline (confidence ramping)
SES_0004871,SVC_0096,service_account,2026-01-06 14:39:34,37,0.2634131727522246,0.718,normal,Cold-start: score vs population baseline (confidence ramping)
SES_0004973,SVC_0096,service_account,2026-01-06 16:28:00,38,0.1095860739703445,0.732,normal,Cold-start: score vs population baseline (confidence ramping)
SES_0004994,SVC_0096,service_account,2026-01-06 16:43:59,39,0.1076832252125009,0.746,normal,Cold-start: score vs population baseline (confidence ramping)
SES_0005119,SVC_0096,service_account,2026-01-06 18:59:15,40,0.1355157533950501,0.76,normal,Cold-start: score vs population baseline (confidence ramping)
SES_0005196,SVC_0096,service_account,2026-01-06 20:38:53,41,0.1422405032054072,0.774,normal,Cold-start: score vs population baseline (confidence ramping)
SES_0005753,SVC_0096,service_account,2026-01-07 14:21:01,42,0.0679419780184814,0.788,normal,Cold-start: score vs population baseline (confidence ramping)
SES_0005776,SVC_0096,service_account,2026-01-07 14:47:00,43,0.0784617180357771,0.802,normal,Cold-start: score vs population baseline (confidence ramping)
SES_0005917,SVC_0096,service_account,2026-01-07 17:23:13,44,0.0760823786052833,0.8160000000000001,normal,Cold-start: score vs population baseline (confidence ramping)
SES_0005921,SVC_0096,service_account,2026-01-07 17:25:51,45,0.1269753242002217,0.8300000000000001,normal,Cold-start: score vs population baseline (confidence ramping)
SES_0005923,SVC_0096,service_account,2026-01-07 17:26:51,46,0.1229558305626565,0.8440000000000001,normal,Cold-start: score vs population baseline (confidence ramping)
SES_0005993,SVC_0096,service_account,2026-01-07 18:58:00,47,0.1001142563254143,0.8579999999999999,normal,Cold-start: score vs population baseline (confidence ramping)
SES_0006018,SVC_0096,service_account,2026-01-07 19:22:20,48,0.1368524138184602,0.8719999999999999,normal,Cold-start: score vs population baseline (confidence ramping)
SES_0006019,SVC_0096,service_account,2026-01-07 19:22:36,49,0.1447899883401416,0.8859999999999999,normal,Cold-start: score vs population baseline (confidence ramping)
SES_0006081,SVC_0096,service_account,2026-01-07 20:47:59,50,0.1075781002074267,0.8999999999999999,normal,Cold-start: score vs population baseline (confidence ramping)
SES_0000312,SVC_0097,service_account,2026-01-01 11:24:03,1,0.3349037489635295,0.21400000000000002,normal,Cold-start: score vs population baseline (confidence ramping)
SES_0000324,SVC_0097,service_account,2026-01-01 11:36:58,2,0.2646088457560282,0.228,normal,Cold-start: score vs population baseline (confidence ramping)
SES_0000332,SVC_0097,service_account,2026-01-01 11:44:26,3,0.1829942869048836,0.242,normal,Cold-start: score vs population baseline (confidence ramping)
SES_0000372,SVC_0097,service_account,2026-01-01 12:28:02,4,0.19418166102057,0.256,normal,Cold-start: score vs population baseline (confidence ramping)
SES_0000393,SVC_0097,service_account,2026-01-01 12:46:11,5,0.2039616238346597,0.27,normal,Cold-start: score vs population baseline (confidence ramping)
SES_0000646,SVC_0097,service_account,2026-01-01 17:24:08,6,0.0431059964728327,0.28400000000000003,normal,Cold-start: score vs population baseline (confidence ramping)
SES_0000657,SVC_0097,service_account,2026-01-01 17:33:34,7,0.0660795652690829,0.29800000000000004,normal,Cold-start: score vs population baseline (confidence ramping)
SES_0000710,SVC_0097,service_account,2026-01-01 18:19:00,8,0.0940982825116725,0.312,normal,Cold-start: score vs population baseline (confidence ramping)
SES_0000761,SVC_0097,service_account,2026-01-01 19:24:26,9,0.2013024136951381,0.326,normal,Cold-start: score vs population baseline (confidence ramping)
SES_0001154,SVC_0097,service_account,2026-01-02 10:45:40,10,0.0671739551548904,0.33999999999999997,normal,Cold-start: score vs population baseline (confidence ramping)
SES_0001193,SVC_0097,service_account,2026-01-02 11:35:12,11,0.1202166977747647,0.354,normal,Cold-start: score vs population baseline (confidence ramping)
SES_0001223,SVC_0097,service_account,2026-01-02 12:06:57,12,0.1020046964441023,0.368,normal,Cold-start: score vs population baseline (confidence ramping)
SES_0001226,SVC_0097,service_account,2026-01-02 12:10:11,13,0.0701953290448209,0.382,normal,Cold-start: score vs population baseline (confidence ramping)
SES_0001484,SVC_0097,service_account,2026-01-02 17:27:17,14,0.0549002089134156,0.396,normal,Cold-start: score vs population baseline (confidence ramping)
SES_0001490,SVC_0097,service_account,2026-01-02 17:36:07,15,0.0714422061272756,0.41000000000000003,normal,Cold-start: score vs population baseline (confidence ramping)
SES_0001568,SVC_0097,service_account,2026-01-02 19:08:02,16,0.0812013014594853,0.424,normal,Cold-start: score vs population baseline (confidence ramping)
SES_0001804,SVC_0097,service_account,2026-01-03 07:31:45,17,0.1124427723544336,0.438,normal,Cold-start: score vs population baseline (confidence ramping)
SES_0001992,SVC_0097,service_account,2026-01-03 10:30:31,18,0.1143715180958793,0.452,normal,Cold-start: score vs population baseline (confidence ramping)
SES_0002032,SVC_0097,service_account,2026-01-03 11:20:24,19,0.0974590843243581,0.46599999999999997,normal,Cold-start: score vs population baseline (confidence ramping)
SES_0002340,SVC_0097,service_account,2026-01-03 17:06:07,20,0.157534196107205,0.48,normal,Cold-start: score vs population baseline (confidence ramping)
SES_0002372,SVC_0097,service_account,2026-01-03 17:41:17,21,0.0873739562382809,0.494,normal,Cold-start: score vs population baseline (confidence ramping)
SES_0002478,SVC_0097,service_account,2026-01-03 19:48:20,22,0.23801806955598,0.508,normal,Cold-start: score vs population baseline (confidence ramping)
SES_0002479,SVC_0097,service_account,2026-01-03 19:49:37,23,0.1273103879386194,0.522,normal,Cold-start: score vs population baseline (confidence ramping)
SES_0002872,SVC_0097,service_account,2026-01-04 10:41:51,24,0.1134192134751216,0.536,normal,Cold-start: score vs population baseline (confidence ramping)
SES_0002912,SVC_0097,service_account,2026-01-04 11:21:13,25,0.0915479804968622,0.55,normal,Cold-start: score vs population baseline (confidence ramping)
SES_0002918,SVC_0097,service_account,2026-01-04 11:30:09,26,0.0903435745595033,0.5640000000000001,normal,Cold-start: score vs population baseline (confidence ramping)
SES_0002982,SVC_0097,service_account,2026-01-04 12:26:10,27,0.0881393511918191,0.5780000000000001,normal,Cold-start: score vs population baseline (confidence ramping)
SES_0003008,SVC_0097,service_account,2026-01-04 12:53:20,28,0.1394321668993441,0.5920000000000001,normal,Cold-start: score vs population baseline (confidence ramping)
SES_0003270,SVC_0097,service_account,2026-01-04 17:46:32,29,0.1102389835015436,0.606,normal,Cold-start: score vs population baseline (confidence ramping)
SES_0003312,SVC_0097,service_account,2026-01-04 18:36:14,30,0.1039745448257619,0.62,normal,Cold-start: score vs population baseline (confidence ramping)
SES_0003316,SVC_0097,service_account,2026-01-04 18:39:58,31,0.1168941899537217,0.634,normal,Cold-start: score vs population baseline (confidence ramping)
SES_0003591,SVC_0097,service_account,2026-01-05 07:54:31,32,0.2147300190413676,0.6479999999999999,normal,Cold-start: score vs population baseline (confidence ramping)
SES_0003735,SVC_0097,service_account,2026-01-05 10:31:53,33,0.0509407052786304,0.6619999999999999,normal,Cold-start: score vs population baseline (confidence ramping)
SES_0003770,SVC_0097,service_account,2026-01-05 11:04:54,34,0.1928638751479349,0.6759999999999999,normal,Cold-start: score vs population baseline (confidence ramping)
SES_0003777,SVC_0097,service_account,2026-01-05 11:11:10,35,0.0577889447752128,0.69,normal,Cold-start: score vs population baseline (confidence ramping)
SES_0004119,SVC_0097,service_account,2026-01-05 17:02:56,36,0.0523780961863868,0.704,normal,Cold-start: score vs population baseline (confidence ramping)
SES_0004126,SVC_0097,service_account,2026-01-05 17:08:36,37,0.0857687666717269,0.718,normal,Cold-start: score vs population baseline (confidence ramping)
SES_0004163,SVC_0097,service_account,2026-01-05 17:39:43,38,0.078452761010297,0.732,normal,Cold-start: score vs population baseline (confidence ramping)
SES_0004205,SVC_0097,service_account,2026-01-05 18:30:26,39,0.0582239818695987,0.746,normal,Cold-start: score vs population baseline (confidence ramping)
SES_0004723,SVC_0097,service_account,2026-01-06 11:39:23,40,0.0567205994801241,0.76,normal,Cold-start: score vs population baseline (confidence ramping)
SES_0004784,SVC_0097,service_account,2026-01-06 12:50:24,41,0.0419169643072089,0.774,normal,Cold-start: score vs population baseline (confidence ramping)
SES_0005086,SVC_0097,service_account,2026-01-06 18:20:00,42,0.0690875896988335,0.788,normal,Cold-start: score vs population baseline (confidence ramping)
SES_0005120,SVC_0097,service_account,2026-01-06 19:01:29,43,0.1016064499132809,0.802,normal,Cold-start: score vs population baseline (confidence ramping)
SES_0005342,SVC_0097,service_account,2026-01-07 07:34:52,44,0.064218192707761,0.8160000000000001,normal,Cold-start: score vs population baseline (confidence ramping)
SES_0005350,SVC_0097,service_account,2026-01-07 07:39:49,45,0.0657896862930376,0.8300000000000001,normal,Cold-start: score vs population baseline (confidence ramping)
SES_0005361,SVC_0097,service_account,2026-01-07 07:54:00,46,0.055938493125567,0.8440000000000001,normal,Cold-start: score vs population baseline (confidence ramping)
SES_0005582,SVC_0097,service_account,2026-01-07 11:05:39,47,0.0317076833858468,0.8579999999999999,normal,Cold-start: score vs population baseline (confidence ramping)
SES_0005931,SVC_0097,service_account,2026-01-07 17:33:35,48,0.0383436026489264,0.8719999999999999,normal,Cold-start: score vs population baseline (confidence ramping)
SES_0005935,SVC_0097,service_account,2026-01-07 17:36:46,49,0.0347407443437062,0.8859999999999999,normal,Cold-start: score vs population baseline (confidence ramping)
SES_0005942,SVC_0097,service_account,2026-01-07 17:45:07,50,0.0542087140778907,0.8999999999999999,normal,Cold-start: score vs population baseline (confidence ramping)
SES_0000089,SVC_0098,service_account,2026-01-01 07:33:25,1,0.3630965815823347,0.21400000000000002,normal,Cold-start: score vs population baseline (confidence ramping)
SES_0000132,SVC_0098,service_account,2026-01-01 08:24:42,2,0.1726505882591018,0.228,normal,Cold-start: score vs population baseline (confidence ramping)
SES_0000137,SVC_0098,service_account,2026-01-01 08:30:48,3,0.1606626709176497,0.242,normal,Cold-start: score vs population baseline (confidence ramping)
SES_0000167,SVC_0098,service_account,2026-01-01 08:54:11,4,0.1720808510035058,0.256,normal,Cold-start: score vs population baseline (confidence ramping)
SES_0000349,SVC_0098,service_account,2026-01-01 12:06:36,5,0.1241626827229434,0.27,normal,Cold-start: score vs population baseline (confidence ramping)
SES_0000351,SVC_0098,service_account,2026-01-01 12:07:04,6,0.234541754088612,0.28400000000000003,normal,Cold-start: score vs population baseline (confidence ramping)
SES_0000368,SVC_0098,service_account,2026-01-01 12:24:05,7,0.0919180936616774,0.29800000000000004,normal,Cold-start: score vs population baseline (confidence ramping)
SES_0000400,SVC_0098,service_account,2026-01-01 12:50:22,8,0.0889760198858621,0.312,normal,Cold-start: score vs population baseline (confidence ramping)
SES_0000640,SVC_0098,service_account,2026-01-01 17:16:44,9,0.3392232564222673,0.326,normal,Cold-start: score vs population baseline (confidence ramping)
SES_0000978,SVC_0098,service_account,2026-01-02 07:17:06,10,0.11314125003934,0.33999999999999997,normal,Cold-start: score vs population baseline (confidence ramping)
SES_0000984,SVC_0098,service_account,2026-01-02 07:23:44,11,0.1868271815103189,0.354,normal,Cold-start: score vs population baseline (confidence ramping)
SES_0001030,SVC_0098,service_account,2026-01-02 07:57:00,12,0.1781162294664804,0.368,normal,Cold-start: score vs population baseline (confidence ramping)
SES_0001052,SVC_0098,service_account,2026-01-02 08:23:27,13,0.2398959933714471,0.382,normal,Cold-start: score vs population baseline (confidence ramping)
SES_0001065,SVC_0098,service_account,2026-01-02 08:47:37,14,0.170210274294537,0.396,normal,Cold-start: score vs population baseline (confidence ramping)
SES_0001472,SVC_0098,service_account,2026-01-02 17:17:52,15,0.1714990539249331,0.41000000000000003,normal,Cold-start: score vs population baseline (confidence ramping)
SES_0001509,SVC_0098,service_account,2026-01-02 17:54:25,16,0.1904852587628695,0.424,normal,Cold-start: score vs population baseline (confidence ramping)
SES_0001812,SVC_0098,service_account,2026-01-03 07:36:52,17,0.2304544772043397,0.438,normal,Cold-start: score vs population baseline (confidence ramping)
SES_0001858,SVC_0098,service_account,2026-01-03 08:10:46,18,0.292927277857257,0.452,normal,Cold-start: score vs population baseline (confidence ramping)
SES_0001866,SVC_0098,service_account,2026-01-03 08:19:06,19,0.1702835579589717,0.46599999999999997,normal,Cold-start: score vs population baseline (confidence ramping)
SES_0001891,SVC_0098,service_account,2026-01-03 08:45:44,20,0.1458452473307789,0.48,normal,Cold-start: score vs population baseline (confidence ramping)
SES_0002339,SVC_0098,service_account,2026-01-03 17:05:16,21,0.094592843873976,0.494,normal,Cold-start: score vs population baseline (confidence ramping)
SES_0002344,SVC_0098,service_account,2026-01-03 17:08:16,22,0.1106313231707653,0.508,normal,Cold-start: score vs population baseline (confidence ramping)
SES_0002682,SVC_0098,service_account,2026-01-04 07:39:15,23,0.1320617114820023,0.522,normal,Cold-start: score vs population baseline (confidence ramping)
SES_0002726,SVC_0098,service_account,2026-01-04 08:11:19,24,0.1172799040093536,0.536,normal,Cold-start: score vs population baseline (confidence ramping)
SES_0002756,SVC_0098,service_account,2026-01-04 08:38:13,25,0.2080267055735512,0.55,normal,Cold-start: score vs population baseline (confidence ramping)
SES_0002758,SVC_0098,service_account,2026-01-04 08:39:08,26,0.1298675620300469,0.5640000000000001,normal,Cold-start: score vs population baseline (confidence ramping)
SES_0002780,SVC_0098,service_account,2026-01-04 08:55:25,27,0.1368470438483764,0.5780000000000001,normal,Cold-start: score vs population baseline (confidence ramping)
SES_0002971,SVC_0098,service_account,2026-01-04 12:14:42,28,0.0867545401039374,0.5920000000000001,normal,Cold-start: score vs population baseline (confidence ramping)
SES_0002978,SVC_0098,service_account,2026-01-04 12:21:31,29,0.1463171118377083,0.606,normal,Cold-start: score vs population baseline (confidence ramping)
SES_0003000,SVC_0098,service_account,2026-01-04 12:49:13,30,0.1086443459496245,0.62,normal,Cold-start: score vs population baseline (confidence ramping)
SES_0003279,SVC_0098,service_account,2026-01-04 17:56:59,31,0.0940298294411881,0.634,normal,Cold-start: score vs population baseline (confidence ramping)
SES_0003557,SVC_0098,service_account,2026-01-05 07:21:32,32,0.1076194791904834,0.6479999999999999,normal,Cold-start: score vs population baseline (confidence ramping)
SES_0003563,SVC_0098,service_account,2026-01-05 07:27:33,33,0.0722616030936329,0.6619999999999999,normal,Cold-start: score vs population baseline (confidence ramping)
SES_0003586,SVC_0098,service_account,2026-01-05 07:49:22,34,0.179367677521064,0.6759999999999999,normal,Cold-start: score vs population baseline (confidence ramping)
SES_0003620,SVC_0098,service_account,2026-01-05 08:41:55,35,0.0979041442297701,0.69,normal,Cold-start: score vs population baseline (confidence ramping)
SES_0004179,SVC_0098,service_account,2026-01-05 17:59:01,36,0.060782179912036,0.704,normal,Cold-start: score vs population baseline (confidence ramping)
SES_0004518,SVC_0098,service_account,2026-01-06 08:18:57,37,0.0597335073072454,0.718,normal,Cold-start: score vs population baseline (confidence ramping)
SES_0004742,SVC_0098,service_account,2026-01-06 12:05:31,38,0.0651720600714334,0.732,normal,Cold-start: score vs population baseline (confidence ramping)
SES_0004743,SVC_0098,service_account,2026-01-06 12:06:49,39,0.0570066813504122,0.746,normal,Cold-start: score vs population baseline (confidence ramping)
SES_0005016,SVC_0098,service_account,2026-01-06 17:05:16,40,0.0563890613131243,0.76,normal,Cold-start: score vs population baseline (confidence ramping)
SES_0005054,SVC_0098,service_account,2026-01-06 17:47:28,41,0.034177449375705,0.774,normal,Cold-start: score vs population baseline (confidence ramping)
SES_0005326,SVC_0098,service_account,2026-01-07 07:20:49,42,0.0457370382876349,0.788,normal,Cold-start: score vs population baseline (confidence ramping)
SES_0005413,SVC_0098,service_account,2026-01-07 08:06:55,43,0.2440331224133069,0.802,normal,Cold-start: score vs population baseline (confidence ramping)
SES_0005434,SVC_0098,service_account,2026-01-07 08:31:16,44,0.0520520646574226,0.8160000000000001,normal,Cold-start: score vs population baseline (confidence ramping)
SES_0005650,SVC_0098,service_account,2026-01-07 12:09:52,45,0.0483725402304237,0.8300000000000001,normal,Cold-start: score vs population baseline (confidence ramping)
SES_0005678,SVC_0098,service_account,2026-01-07 12:50:37,46,0.0645458586535885,0.8440000000000001,normal,Cold-start: score vs population baseline (confidence ramping)
SES_0006199,SVC_0098,service_account,2026-01-08 07:17:18,47,0.0753160950457001,0.8579999999999999,normal,Cold-start: score vs population baseline (confidence ramping)
SES_0006245,SVC_0098,service_account,2026-01-08 07:50:53,48,0.0603051220989637,0.8719999999999999,normal,Cold-start: score vs population baseline (confidence ramping)
SES_0006322,SVC_0098,service_account,2026-01-08 08:58:22,49,0.2443882481671991,0.8859999999999999,normal,Cold-start: score vs population baseline (confidence ramping)
SES_0006529,SVC_0098,service_account,2026-01-08 12:11:24,50,0.0650136850062683,0.8999999999999999,normal,Cold-start: score vs population baseline (confidence ramping)
SES_0000315,SVC_0099,service_account,2026-01-01 11:28:44,1,0.3397637692713677,0.21400000000000002,normal,Cold-start: score vs population baseline (confidence ramping)
SES_0000317,SVC_0099,service_account,2026-01-01 11:29:39,2,0.2722670578854603,0.228,normal,Cold-start: score vs population baseline (confidence ramping)
SES_0000337,SVC_0099,service_account,2026-01-01 11:49:07,3,0.1982078888763729,0.242,normal,Cold-start: score vs population baseline (confidence ramping)
SES_0000811,SVC_0099,service_account,2026-01-01 20:16:37,4,0.2578736596061608,0.256,normal,Cold-start: score vs population baseline (confidence ramping)
SES_0000870,SVC_0099,service_account,2026-01-01 21:18:08,5,0.1570970230158991,0.27,normal,Cold-start: score vs population baseline (confidence ramping)
SES_0000883,SVC_0099,service_account,2026-01-01 21:37:37,6,0.1600683133413385,0.28400000000000003,normal,Cold-start: score vs population baseline (confidence ramping)
SES_0000904,SVC_0099,service_account,2026-01-01 21:55:58,7,0.1419853895221189,0.29800000000000004,normal,Cold-start: score vs population baseline (confidence ramping)
SES_0001163,SVC_0099,service_account,2026-01-02 10:59:06,8,0.0595094861152913,0.312,normal,Cold-start: score vs population baseline (confidence ramping)
SES_0001190,SVC_0099,service_account,2026-01-02 11:32:16,9,0.0840871658438415,0.326,normal,Cold-start: score vs population baseline (confidence ramping)
SES_0001203,SVC_0099,service_account,2026-01-02 11:41:44,10,0.085959552808851,0.33999999999999997,normal,Cold-start: score vs population baseline (confidence ramping)
SES_0001642,SVC_0099,service_account,2026-01-02 20:50:33,11,0.0666096661638923,0.354,normal,Cold-start: score vs population baseline (confidence ramping)
SES_0001698,SVC_0099,service_account,2026-01-02 21:53:01,12,0.1581563083950291,0.368,normal,Cold-start: score vs population baseline (confidence ramping)
SES_0001700,SVC_0099,service_account,2026-01-02 21:54:57,13,0.2029430430215056,0.382,normal,Cold-start: score vs population baseline (confidence ramping)
SES_0002212,SVC_0099,service_account,2026-01-03 15:02:48,14,0.1461124583931946,0.396,normal,Cold-start: score vs population baseline (confidence ramping)
SES_0002271,SVC_0099,service_account,2026-01-03 15:56:45,15,0.0740723353777304,0.41000000000000003,normal,Cold-start: score vs population baseline (confidence ramping)
SES_0002439,SVC_0099,service_account,2026-01-03 19:04:04,16,0.086223065339007,0.424,normal,Cold-start: score vs population baseline (confidence ramping)
SES_0002708,SVC_0099,service_account,2026-01-04 07:55:03,17,0.123167610194501,0.438,normal,Cold-start: score vs population baseline (confidence ramping)
SES_0002844,SVC_0099,service_account,2026-01-04 10:13:18,18,0.212038444481055,0.452,normal,Cold-start: score vs population baseline (confidence ramping)
SES_0002848,SVC_0099,service_account,2026-01-04 10:17:03,19,0.1063185744819208,0.46599999999999997,normal,Cold-start: score vs population baseline (confidence ramping)
SES_0003142,SVC_0099,service_account,2026-01-04 15:22:14,20,0.0834400312504977,0.48,normal,Cold-start: score vs population baseline (confidence ramping)
SES_0003347,SVC_0099,service_account,2026-01-04 19:14:08,21,0.1447493829125387,0.494,normal,Cold-start: score vs population baseline (confidence ramping)
SES_0003431,SVC_0099,service_account,2026-01-04 21:03:34,22,0.2510987576049331,0.508,normal,Cold-start: score vs population baseline (confidence ramping)
SES_0003452,SVC_0099,service_account,2026-01-04 21:28:33,23,0.4009887071225403,0.522,normal,Cold-start: score vs population baseline (confidence ramping)
SES_0003474,SVC_0099,service_account,2026-01-04 21:49:05,24,0.3271287021302236,0.536,normal,Cold-start: score vs population baseline (confidence ramping)
SES_0003540,SVC_0099,service_account,2026-01-05 07:05:24,25,0.1617057369678927,0.55,normal,Cold-start: score vs population baseline (confidence ramping)
SES_0003571,SVC_0099,service_account,2026-01-05 07:33:37,26,0.11565390134423,0.5640000000000001,normal,Cold-start: score vs population baseline (confidence ramping)
SES_0004010,SVC_0099,service_account,2026-01-05 15:08:24,27,0.0750138041782621,0.5780000000000001,normal,Cold-start: score vs population baseline (confidence ramping)
SES_0004039,SVC_0099,service_account,2026-01-05 15:42:56,28,0.0556827131377033,0.5920000000000001,normal,Cold-start: score vs population baseline (confidence ramping)
SES_0004451,SVC_0099,service_account,2026-01-06 07:19:52,29,0.051769959535128,0.606,normal,Cold-start: score vs population baseline (confidence ramping)
SES_0004660,SVC_0099,service_account,2026-01-06 10:30:44,30,0.0850896146896021,0.62,normal,Cold-start: score vs population baseline (confidence ramping)
SES_0004692,SVC_0099,service_account,2026-01-06 10:55:10,31,0.0532733787582054,0.634,normal,Cold-start: score vs population baseline (confidence ramping)
SES_0004735,SVC_0099,service_account,2026-01-06 11:57:12,32,0.1658612897976973,0.6479999999999999,normal,Cold-start: score vs population baseline (confidence ramping)
SES_0005195,SVC_0099,service_account,2026-01-06 20:35:28,33,0.0776792035475231,0.6619999999999999,normal,Cold-start: score vs population baseline (confidence ramping)
SES_0005210,SVC_0099,service_account,2026-01-06 20:59:32,34,0.0653011066003506,0.6759999999999999,normal,Cold-start: score vs population baseline (confidence ramping)
SES_0005521,SVC_0099,service_account,2026-01-07 10:03:23,35,0.0171663900350238,0.69,normal,Cold-start: score vs population baseline (confidence ramping)
SES_0005815,SVC_0099,service_account,2026-01-07 15:23:43,36,0.010060674941499,0.704,normal,Cold-start: score vs population baseline (confidence ramping)
SES_0005999,SVC_0099,service_account,2026-01-07 19:01:57,37,0.0514524093093623,0.718,normal,Cold-start: score vs population baseline (confidence ramping)
SES_0006104,SVC_0099,service_account,2026-01-07 21:09:42,38,0.1548066906142861,0.732,normal,Cold-start: score vs population baseline (confidence ramping)
SES_0006115,SVC_0099,service_account,2026-01-07 21:18:58,39,0.1494354719194668,0.746,normal,Cold-start: score vs population baseline (confidence ramping)
SES_0006225,SVC_0099,service_account,2026-01-08 07:36:06,40,0.0325484923970644,0.76,normal,Cold-start: score vs population baseline (confidence ramping)
SES_0006425,SVC_0099,service_account,2026-01-08 10:29:51,41,0.0271842197399088,0.774,normal,Cold-start: score vs population baseline (confidence ramping)
SES_0006685,SVC_0099,service_account,2026-01-08 15:17:09,42,0.0372120392759092,0.788,normal,Cold-start: score vs population baseline (confidence ramping)
SES_0006701,SVC_0099,service_account,2026-01-08 15:37:07,43,0.2036784519279085,0.802,normal,Cold-start: score vs population baseline (confidence ramping)
SES_0006882,SVC_0099,service_account,2026-01-08 19:03:28,44,0.045775192246807,0.8160000000000001,normal,Cold-start: score vs population baseline (confidence ramping)
SES_0006892,SVC_0099,service_account,2026-01-08 19:18:52,45,0.0733411386601201,0.8300000000000001,normal,Cold-start: score vs population baseline (confidence ramping)
SES_0006983,SVC_0099,service_account,2026-01-08 21:13:25,46,0.1825905424775259,0.8440000000000001,normal,Cold-start: score vs population baseline (confidence ramping)
SES_0006993,SVC_0099,service_account,2026-01-08 21:24:29,47,0.1649767378025172,0.8579999999999999,normal,Cold-start: score vs population baseline (confidence ramping)
SES_0007002,SVC_0099,service_account,2026-01-08 21:34:48,48,0.1538175839909625,0.8719999999999999,normal,Cold-start: score vs population baseline (confidence ramping)
SES_0007276,SVC_0099,service_account,2026-01-09 10:19:45,49,0.0492371000404922,0.8859999999999999,normal,Cold-start: score vs population baseline (confidence ramping)
SES_0007542,SVC_0099,service_account,2026-01-09 15:14:18,50,0.0958876931333488,0.8999999999999999,normal,Cold-start: score vs population baseline (confidence ramping)
SES_0000258,SVC_0100,service_account,2026-01-01 10:35:34,1,0.3284465313058397,0.21400000000000002,normal,Cold-start: score vs population baseline (confidence ramping)
SES_0000364,SVC_0100,service_account,2026-01-01 12:17:19,2,0.2474918172191315,0.228,normal,Cold-start: score vs population baseline (confidence ramping)
SES_0000398,SVC_0100,service_account,2026-01-01 12:49:59,3,0.1767776700423647,0.242,normal,Cold-start: score vs population baseline (confidence ramping)
SES_0000500,SVC_0100,service_account,2026-01-01 14:38:12,4,0.1089911784324407,0.256,normal,Cold-start: score vs population baseline (confidence ramping)
SES_0000507,SVC_0100,service_account,2026-01-01 14:43:46,5,0.1965629293837361,0.27,normal,Cold-start: score vs population baseline (confidence ramping)
SES_0000566,SVC_0100,service_account,2026-01-01 15:57:19,6,0.0918012523158471,0.28400000000000003,normal,Cold-start: score vs population baseline (confidence ramping)
SES_0000634,SVC_0100,service_account,2026-01-01 17:09:59,7,0.0773603849211376,0.29800000000000004,normal,Cold-start: score vs population baseline (confidence ramping)
SES_0000674,SVC_0100,service_account,2026-01-01 17:45:58,8,0.0652216109267958,0.312,normal,Cold-start: score vs population baseline (confidence ramping)
SES_0000975,SVC_0100,service_account,2026-01-02 07:14:37,9,0.0720284148423853,0.326,normal,Cold-start: score vs population baseline (confidence ramping)
SES_0000980,SVC_0100,service_account,2026-01-02 07:18:03,10,0.0952735943552361,0.33999999999999997,normal,Cold-start: score vs population baseline (confidence ramping)
SES_0001111,SVC_0100,service_account,2026-01-02 09:41:16,11,0.065477589694274,0.354,normal,Cold-start: score vs population baseline (confidence ramping)
SES_0001326,SVC_0100,service_account,2026-01-02 14:03:49,12,0.050097995147879,0.368,normal,Cold-start: score vs population baseline (confidence ramping)
SES_0001401,SVC_0100,service_account,2026-01-02 15:43:00,13,0.0741699949980597,0.382,normal,Cold-start: score vs population baseline (confidence ramping)
SES_0001406,SVC_0100,service_account,2026-01-02 15:52:24,14,0.1124141669859373,0.396,normal,Cold-start: score vs population baseline (confidence ramping)
SES_0001517,SVC_0100,service_account,2026-01-02 18:00:25,15,0.1150494733397546,0.41000000000000003,normal,Cold-start: score vs population baseline (confidence ramping)
SES_0001521,SVC_0100,service_account,2026-01-02 18:04:44,16,0.3758710649747541,0.424,normal,Cold-start: score vs population baseline (confidence ramping)
SES_0001800,SVC_0100,service_account,2026-01-03 07:29:55,17,0.1177281707842168,0.438,normal,Cold-start: score vs population baseline (confidence ramping)
SES_0001908,SVC_0100,service_account,2026-01-03 09:10:52,18,0.0848745556152371,0.452,normal,Cold-start: score vs population baseline (confidence ramping)
SES_0001911,SVC_0100,service_account,2026-01-03 09:12:39,19,0.23441574975363,0.46599999999999997,normal,Cold-start: score vs population baseline (confidence ramping)
SES_0001935,SVC_0100,service_account,2026-01-03 09:38:35,20,0.0860869135874252,0.48,normal,Cold-start: score vs population baseline (confidence ramping)
SES_0001937,SVC_0100,service_account,2026-01-03 09:40:40,21,0.1102439322824126,0.494,normal,Cold-start: score vs population baseline (confidence ramping)
SES_0001965,SVC_0100,service_account,2026-01-03 10:05:42,22,0.0856039350963907,0.508,normal,Cold-start: score vs population baseline (confidence ramping)
SES_0002075,SVC_0100,service_account,2026-01-03 12:07:13,23,0.0684849540191433,0.522,normal,Cold-start: score vs population baseline (confidence ramping)
SES_0002194,SVC_0100,service_account,2026-01-03 14:36:11,24,0.064655945066238,0.536,normal,Cold-start: score vs population baseline (confidence ramping)
SES_0002222,SVC_0100,service_account,2026-01-03 15:07:59,25,0.072237521961603,0.55,normal,Cold-start: score vs population baseline (confidence ramping)
SES_0002225,SVC_0100,service_account,2026-01-03 15:10:23,26,0.0934178744106508,0.5640000000000001,normal,Cold-start: score vs population baseline (confidence ramping)
SES_0002246,SVC_0100,service_account,2026-01-03 15:34:53,27,0.0814315508107747,0.5780000000000001,normal,Cold-start: score vs population baseline (confidence ramping)
SES_0002345,SVC_0100,service_account,2026-01-03 17:09:36,28,0.1158330528903364,0.5920000000000001,normal,Cold-start: score vs population baseline (confidence ramping)
SES_0002351,SVC_0100,service_account,2026-01-03 17:17:09,29,0.2826699378016243,0.606,normal,Cold-start: score vs population baseline (confidence ramping)
SES_0002383,SVC_0100,service_account,2026-01-03 17:51:33,30,0.1510823997506558,0.62,normal,Cold-start: score vs population baseline (confidence ramping)
SES_0002871,SVC_0100,service_account,2026-01-04 10:41:50,31,0.1110996032728637,0.634,normal,Cold-start: score vs population baseline (confidence ramping)
SES_0002962,SVC_0100,service_account,2026-01-04 12:05:28,32,0.2653628357011789,0.6479999999999999,normal,Cold-start: score vs population baseline (confidence ramping)
SES_0002990,SVC_0100,service_account,2026-01-04 12:35:52,33,0.0774931272261278,0.6619999999999999,normal,Cold-start: score vs population baseline (confidence ramping)
SES_0003093,SVC_0100,service_account,2026-01-04 14:34:01,34,0.122829074147233,0.6759999999999999,normal,Cold-start: score vs population baseline (confidence ramping)
SES_0003141,SVC_0100,service_account,2026-01-04 15:20:49,35,0.1392923016920023,0.69,normal,Cold-start: score vs population baseline (confidence ramping)
SES_0003154,SVC_0100,service_account,2026-01-04 15:35:50,36,0.1963311375904688,0.704,normal,Cold-start: score vs population baseline (confidence ramping)
SES_0003239,SVC_0100,service_account,2026-01-04 17:06:36,37,0.1888302343890564,0.718,normal,Cold-start: score vs population baseline (confidence ramping)
SES_0003287,SVC_0100,service_account,2026-01-04 18:06:32,38,0.1585585859524565,0.732,normal,Cold-start: score vs population baseline (confidence ramping)
SES_0003865,SVC_0100,service_account,2026-01-05 12:47:04,39,0.2476552606752064,0.746,normal,Cold-start: score vs population baseline (confidence ramping)
SES_0004136,SVC_0100,service_account,2026-01-05 17:16:42,40,0.0831253749532213,0.76,normal,Cold-start: score vs population baseline (confidence ramping)
SES_0004202,SVC_0100,service_account,2026-01-05 18:29:16,41,0.0512831358699418,0.774,normal,Cold-start: score vs population baseline (confidence ramping)
SES_0004499,SVC_0100,service_account,2026-01-06 07:59:26,42,0.0346802462659085,0.788,normal,Cold-start: score vs population baseline (confidence ramping)
SES_0004851,SVC_0100,service_account,2026-01-06 14:07:04,43,0.036459508142602,0.802,normal,Cold-start: score vs population baseline (confidence ramping)
SES_0004889,SVC_0100,service_account,2026-01-06 14:55:23,44,0.0160538414557404,0.8160000000000001,normal,Cold-start: score vs population baseline (confidence ramping)
SES_0004906,SVC_0100,service_account,2026-01-06 15:09:05,45,0.0370583055341126,0.8300000000000001,normal,Cold-start: score vs population baseline (confidence ramping)
SES_0005112,SVC_0100,service_account,2026-01-06 18:49:25,46,0.0476171414487599,0.8440000000000001,normal,Cold-start: score vs population baseline (confidence ramping)
SES_0005320,SVC_0100,service_account,2026-01-07 07:15:59,47,0.0192515754574771,0.8579999999999999,normal,Cold-start: score vs population baseline (confidence ramping)
SES_0005347,SVC_0100,service_account,2026-01-07 07:37:21,48,0.1766431627862737,0.8719999999999999,normal,Cold-start: score vs population baseline (confidence ramping)
SES_0005492,SVC_0100,service_account,2026-01-07 09:36:15,49,0.0355670827800746,0.8859999999999999,normal,Cold-start: score vs population baseline (confidence ramping)
SES_0005498,SVC_0100,service_account,2026-01-07 09:45:39,50,0.0364013673043568,0.8999999999999999,normal,Cold-start: score vs population baseline (confidence ramping)
SES_0000126,SVC_0101,service_account,2026-01-01 08:12:54,1,0.3440911362316204,0.21400000000000002,normal,Cold-start: score vs population baseline (confidence ramping)
SES_0000147,SVC_0101,service_account,2026-01-01 08:32:49,2,0.2885170248189295,0.228,normal,Cold-start: score vs population baseline (confidence ramping)
SES_0000153,SVC_0101,service_account,2026-01-01 08:37:31,3,0.0791955121298151,0.242,normal,Cold-start: score vs population baseline (confidence ramping)
SES_0000340,SVC_0101,service_account,2026-01-01 11:51:54,4,0.2301561577797593,0.256,normal,Cold-start: score vs population baseline (confidence ramping)
SES_0000535,SVC_0101,service_account,2026-01-01 15:13:33,5,0.1230578358635743,0.27,normal,Cold-start: score vs population baseline (confidence ramping)
SES_0000709,SVC_0101,service_account,2026-01-01 18:17:03,6,0.2222450567340199,0.28400000000000003,normal,Cold-start: score vs population baseline (confidence ramping)
SES_0000919,SVC_0101,service_account,2026-01-02 06:18:30,7,0.190296846998254,0.29800000000000004,normal,Cold-start: score vs population baseline (confidence ramping)
SES_0000932,SVC_0101,service_account,2026-01-02 06:38:14,8,0.2047248486859621,0.312,normal,Cold-start: score vs population baseline (confidence ramping)
SES_0001184,SVC_0101,service_account,2026-01-02 11:27:15,9,0.0622748492271675,0.326,normal,Cold-start: score vs population baseline (confidence ramping)
SES_0001381,SVC_0101,service_account,2026-01-02 15:16:47,10,0.0715799434409188,0.33999999999999997,normal,Cold-start: score vs population baseline (confidence ramping)
SES_0001552,SVC_0101,service_account,2026-01-02 18:45:57,11,0.0571713597068081,0.354,normal,Cold-start: score vs population baseline (confidence ramping)
SES_0001712,SVC_0101,service_account,2026-01-03 06:14:30,12,0.2309725764162689,0.368,normal,Cold-start: score vs population baseline (confidence ramping)
SES_0001738,SVC_0101,service_account,2026-01-03 06:49:22,13,0.1969921247767754,0.382,normal,Cold-start: score vs population baseline (confidence ramping)
SES_0001861,SVC_0101,service_account,2026-01-03 08:11:56,14,0.089303531476909,0.396,normal,Cold-start: score vs population baseline (confidence ramping)
SES_0001864,SVC_0101,service_account,2026-01-03 08:14:16,15,0.0909474961950098,0.41000000000000003,normal,Cold-start: score vs population baseline (confidence ramping)
SES_0001876,SVC_0101,service_account,2026-01-03 08:29:57,16,0.0977348713606492,0.424,normal,Cold-start: score vs population baseline (confidence ramping)
SES_0001894,SVC_0101,service_account,2026-01-03 08:50:55,17,0.1163577363374702,0.438,normal,Cold-start: score vs population baseline (confidence ramping)
SES_0002026,SVC_0101,service_account,2026-01-03 11:13:09,18,0.1376900625324902,0.452,normal,Cold-start: score vs population baseline (confidence ramping)
SES_0002044,SVC_0101,service_account,2026-01-03 11:41:32,19,0.1155469999403391,0.46599999999999997,normal,Cold-start: score vs population baseline (confidence ramping)
SES_0002255,SVC_0101,service_account,2026-01-03 15:42:44,20,0.206054615869663,0.48,normal,Cold-start: score vs population baseline (confidence ramping)
SES_0002269,SVC_0101,service_account,2026-01-03 15:55:40,21,0.2956705635008281,0.494,normal,Cold-start: score vs population baseline (confidence ramping)
SES_0002292,SVC_0101,service_account,2026-01-03 16:15:43,22,0.3619403932273934,0.508,normal,Cold-start: score vs population baseline (confidence ramping)
SES_0002424,SVC_0101,service_account,2026-01-03 18:37:18,23,0.1628603166223306,0.522,normal,Cold-start: score vs population baseline (confidence ramping)
SES_0002601,SVC_0101,service_account,2026-01-04 06:17:57,24,0.2618971119365151,0.536,normal,Cold-start: score vs population baseline (confidence ramping)
SES_0002613,SVC_0101,service_account,2026-01-04 06:32:06,25,0.2470910927259918,0.55,normal,Cold-start: score vs population baseline (confidence ramping)
SES_0002717,SVC_0101,service_account,2026-01-04 08:00:53,26,0.1501682391183392,0.5640000000000001,normal,Cold-start: score vs population baseline (confidence ramping)
SES_0002898,SVC_0101,service_account,2026-01-04 11:04:19,27,0.1350667542315397,0.5780000000000001,normal,Cold-start: score vs population baseline (confidence ramping)
SES_0002953,SVC_0101,service_account,2026-01-04 11:55:45,28,0.1227005347906469,0.5920000000000001,normal,Cold-start: score vs population baseline (confidence ramping)
SES_0003152,SVC_0101,service_account,2026-01-04 15:32:31,29,0.1024414200467438,0.606,normal,Cold-start: score vs population baseline (confidence ramping)
SES_0003195,SVC_0101,service_account,2026-01-04 16:16:05,30,0.1111221628366077,0.62,normal,Cold-start: score vs population baseline (confidence ramping)
SES_0003198,SVC_0101,service_account,2026-01-04 16:18:34,31,0.2593896698498295,0.634,normal,Cold-start: score vs population baseline (confidence ramping)
SES_0003231,SVC_0101,service_account,2026-01-04 16:57:32,32,0.1888915258001588,0.6479999999999999,normal,Cold-start: score vs population baseline (confidence ramping)
SES_0003314,SVC_0101,service_account,2026-01-04 18:38:53,33,0.2667239220770306,0.6619999999999999,normal,Cold-start: score vs population baseline (confidence ramping)
SES_0003609,SVC_0101,service_account,2026-01-05 08:21:45,34,0.1119724421038209,0.6759999999999999,normal,Cold-start: score vs population baseline (confidence ramping)
SES_0004031,SVC_0101,service_account,2026-01-05 15:29:57,35,0.0543345349778589,0.69,normal,Cold-start: score vs population baseline (confidence ramping)
SES_0004058,SVC_0101,service_account,2026-01-05 16:00:11,36,0.0836422825303674,0.704,normal,Cold-start: score vs population baseline (confidence ramping)
SES_0004196,SVC_0101,service_account,2026-01-05 18:21:32,37,0.2085585646867062,0.718,normal,Cold-start: score vs population baseline (confidence ramping)
SES_0004539,SVC_0101,service_account,2026-01-06 08:41:31,38,0.1093943376872531,0.732,normal,Cold-start: score vs population baseline (confidence ramping)
SES_0004941,SVC_0101,service_account,2026-01-06 15:48:38,39,0.0822275258816916,0.746,normal,Cold-start: score vs population baseline (confidence ramping)
SES_0004953,SVC_0101,service_account,2026-01-06 16:05:32,40,0.0508957838165911,0.76,normal,Cold-start: score vs population baseline (confidence ramping)
SES_0005097,SVC_0101,service_account,2026-01-06 18:31:31,41,0.1135839678752851,0.774,normal,Cold-start: score vs population baseline (confidence ramping)
SES_0005107,SVC_0101,service_account,2026-01-06 18:44:54,42,0.2590423471152422,0.788,normal,Cold-start: score vs population baseline (confidence ramping)
SES_0005296,SVC_0101,service_account,2026-01-07 06:47:26,43,0.1737851363818929,0.802,normal,Cold-start: score vs population baseline (confidence ramping)
SES_0005453,SVC_0101,service_account,2026-01-07 08:53:58,44,0.052214328549125,0.8160000000000001,normal,Cold-start: score vs population baseline (confidence ramping)
SES_0005616,SVC_0101,service_account,2026-01-07 11:39:41,45,0.2034691473328561,0.8300000000000001,normal,Cold-start: score vs population baseline (confidence ramping)
SES_0005635,SVC_0101,service_account,2026-01-07 11:57:33,46,0.0461193574277908,0.8440000000000001,normal,Cold-start: score vs population baseline (confidence ramping)
SES_0005636,SVC_0101,service_account,2026-01-07 11:57:51,47,0.0353132388669484,0.8579999999999999,normal,Cold-start: score vs population baseline (confidence ramping)
SES_0005801,SVC_0101,service_account,2026-01-07 15:06:28,48,0.0268265513765181,0.8719999999999999,normal,Cold-start: score vs population baseline (confidence ramping)
SES_0005847,SVC_0101,service_account,2026-01-07 15:53:32,49,0.0994402595427809,0.8859999999999999,normal,Cold-start: score vs population baseline (confidence ramping)
SES_0005857,SVC_0101,service_account,2026-01-07 16:12:00,50,0.2266441137124122,0.8999999999999999,normal,Cold-start: score vs population baseline (confidence ramping)
SES_0000123,SVC_0102,service_account,2026-01-01 08:00:09,1,0.3520305594865655,0.21400000000000002,normal,Cold-start: score vs population baseline (confidence ramping)
SES_0000343,SVC_0102,service_account,2026-01-01 11:57:03,2,0.2730393390242814,0.228,normal,Cold-start: score vs population baseline (confidence ramping)
SES_0000357,SVC_0102,service_account,2026-01-01 12:12:32,3,0.2106005400359717,0.242,normal,Cold-start: score vs population baseline (confidence ramping)
SES_0000359,SVC_0102,service_account,2026-01-01 12:13:39,4,0.0402457598039253,0.256,normal,Cold-start: score vs population baseline (confidence ramping)
SES_0000448,SVC_0102,service_account,2026-01-01 13:44:39,5,0.1521581414706873,0.27,normal,Cold-start: score vs population baseline (confidence ramping)
SES_0000458,SVC_0102,service_account,2026-01-01 13:53:29,6,0.1690373358292764,0.28400000000000003,normal,Cold-start: score vs population baseline (confidence ramping)
SES_0001036,SVC_0102,service_account,2026-01-02 08:04:50,7,0.1547613849931563,0.29800000000000004,normal,Cold-start: score vs population baseline (confidence ramping)
SES_0001170,SVC_0102,service_account,2026-01-02 11:07:37,8,0.0935057037774167,0.312,normal,Cold-start: score vs population baseline (confidence ramping)
SES_0001188,SVC_0102,service_account,2026-01-02 11:30:28,9,0.2576805352554865,0.326,normal,Cold-start: score vs population baseline (confidence ramping)
SES_0001219,SVC_0102,service_account,2026-01-02 12:04:56,10,0.1411028326738367,0.33999999999999997,normal,Cold-start: score vs population baseline (confidence ramping)
SES_0001246,SVC_0102,service_account,2026-01-02 12:30:26,11,0.0634453323043959,0.354,normal,Cold-start: score vs population baseline (confidence ramping)
SES_0001247,SVC_0102,service_account,2026-01-02 12:31:24,12,0.3600950953804749,0.368,normal,Cold-start: score vs population baseline (confidence ramping)
SES_0001265,SVC_0102,service_account,2026-01-02 12:50:48,13,0.1332796290771276,0.382,normal,Cold-start: score vs population baseline (confidence ramping)
SES_0001308,SVC_0102,service_account,2026-01-02 13:42:28,14,0.071704141662216,0.396,normal,Cold-start: score vs population baseline (confidence ramping)
SES_0002030,SVC_0102,service_account,2026-01-03 11:18:50,15,0.0884866101653625,0.41000000000000003,normal,Cold-start: score vs population baseline (confidence ramping)
SES_0002125,SVC_0102,service_account,2026-01-03 13:05:24,16,0.1065021528622928,0.424,normal,Cold-start: score vs population baseline (confidence ramping)
SES_0002163,SVC_0102,service_account,2026-01-03 13:46:53,17,0.2516671029226613,0.438,normal,Cold-start: score vs population baseline (confidence ramping)
SES_0002412,SVC_0102,service_account,2026-01-03 18:21:31,18,0.122883676821756,0.452,normal,Cold-start: score vs population baseline (confidence ramping)
SES_0002730,SVC_0102,service_account,2026-01-04 08:14:24,19,0.1151622557538112,0.46599999999999997,normal,Cold-start: score vs population baseline (confidence ramping)
SES_0002906,SVC_0102,service_account,2026-01-04 11:15:15,20,0.0948535902041669,0.48,normal,Cold-start: score vs population baseline (confidence ramping)
SES_0002920,SVC_0102,service_account,2026-01-04 11:30:20,21,0.1100830194346909,0.494,normal,Cold-start: score vs population baseline (confidence ramping)
SES_0002957,SVC_0102,service_account,2026-01-04 12:02:14,22,0.1044299748440808,0.508,normal,Cold-start: score vs population baseline (confidence ramping)
SES_0003310,SVC_0102,service_account,2026-01-04 18:33:59,23,0.0963567511423037,0.522,normal,Cold-start: score vs population baseline (confidence ramping)
SES_0003327,SVC_0102,service_account,2026-01-04 18:53:06,24,0.1319135369766779,0.536,normal,Cold-start: score vs population baseline (confidence ramping)
SES_0003328,SVC_0102,service_account,2026-01-04 18:53:43,25,0.1071090898800017,0.55,normal,Cold-start: score vs population baseline (confidence ramping)
SES_0003597,SVC_0102,service_account,2026-01-05 08:03:43,26,0.0558352225464222,0.5640000000000001,normal,Cold-start: score vs population baseline (confidence ramping)
SES_0003604,SVC_0102,service_account,2026-01-05 08:12:21,27,0.1031305451257426,0.5780000000000001,normal,Cold-start: score vs population baseline (confidence ramping)
SES_0003624,SVC_0102,service_account,2026-01-05 08:43:57,28,0.0866039081903482,0.5920000000000001,normal,Cold-start: score vs population baseline (confidence ramping)
SES_0003807,SVC_0102,service_account,2026-01-05 11:40:57,29,0.1163663777463138,0.606,normal,Cold-start: score vs population baseline (confidence ramping)
SES_0003905,SVC_0102,service_account,2026-01-05 13:32:00,30,0.108624783893053,0.62,normal,Cold-start: score vs population baseline (confidence ramping)
SES_0003919,SVC_0102,service_account,2026-01-05 13:39:03,31,0.0556641019915439,0.634,normal,Cold-start: score vs population baseline (confidence ramping)
SES_0004197,SVC_0102,service_account,2026-01-05 18:23:32,32,0.0659506411173984,0.6479999999999999,normal,Cold-start: score vs population baseline (confidence ramping)
SES_0004506,SVC_0102,service_account,2026-01-06 08:10:15,33,0.0382931349131134,0.6619999999999999,normal,Cold-start: score vs population baseline (confidence ramping)
SES_0004512,SVC_0102,service_account,2026-01-06 08:14:20,34,0.0516880202257212,0.6759999999999999,normal,Cold-start: score vs population baseline (confidence ramping)
SES_0004552,SVC_0102,service_account,2026-01-06 08:53:05,35,0.0586924645096603,0.69,normal,Cold-start: score vs population baseline (confidence ramping)
SES_0004556,SVC_0102,service_account,2026-01-06 08:56:51,36,0.0442749713079585,0.704,normal,Cold-start: score vs population baseline (confidence ramping)
SES_0004696,SVC_0102,service_account,2026-01-06 11:00:52,37,0.0414367702632457,0.718,normal,Cold-start: score vs population baseline (confidence ramping)
SES_0004707,SVC_0102,service_account,2026-01-06 11:14:05,38,0.0382753883042191,0.732,normal,Cold-start: score vs population baseline (confidence ramping)
SES_0004710,SVC_0102,service_account,2026-01-06 11:20:56,39,0.0512260373432825,0.746,normal,Cold-start: score vs population baseline (confidence ramping)
SES_0004804,SVC_0102,service_account,2026-01-06 13:16:31,40,0.0461820064070794,0.76,normal,Cold-start: score vs population baseline (confidence ramping)
SES_0004811,SVC_0102,service_account,2026-01-06 13:29:06,41,0.032153478334582,0.774,normal,Cold-start: score vs population baseline (confidence ramping)
SES_0004819,SVC_0102,service_account,2026-01-06 13:38:21,42,0.2456390050236927,0.788,normal,Cold-start: score vs population baseline (confidence ramping)
SES_0004831,SVC_0102,service_account,2026-01-06 13:48:43,43,0.2490544952400561,0.802,normal,Cold-start: score vs population baseline (confidence ramping)
SES_0004838,SVC_0102,service_account,2026-01-06 13:56:11,44,0.044973469160276,0.8160000000000001,normal,Cold-start: score vs population baseline (confidence ramping)
SES_0005371,SVC_0102,service_account,2026-01-07 08:00:00,45,0.4164130442480422,0.8300000000000001,brute_force,Cold-start: score vs population baseline (confidence ramping)
SES_0005372,SVC_0102,service_account,2026-01-07 08:00:02,46,0.3626812428650777,0.8440000000000001,brute_force,Cold-start: score vs population baseline (confidence ramping)
SES_0005373,SVC_0102,service_account,2026-01-07 08:00:06,47,0.471978871212934,0.8579999999999999,brute_force,Cold-start: score vs population baseline (confidence ramping)
SES_0005374,SVC_0102,service_account,2026-01-07 08:00:12,48,0.427743500541093,0.8719999999999999,brute_force,Cold-start: score vs population baseline (confidence ramping)
SES_0005375,SVC_0102,service_account,2026-01-07 08:00:12,49,0.4392089137801696,0.8859999999999999,brute_force,Cold-start: score vs population baseline (confidence ramping)
SES_0005376,SVC_0102,service_account,2026-01-07 08:00:20,50,0.4504947272619582,0.8999999999999999,brute_force,Cold-start: score vs population baseline (confidence ramping)
SES_0000101,SVC_0103,service_account,2026-01-01 07:45:07,1,0.3550790622774981,0.21400000000000002,normal,Cold-start: score vs population baseline (confidence ramping)
SES_0000281,SVC_0103,service_account,2026-01-01 10:56:07,2,0.1636596263249881,0.228,normal,Cold-start: score vs population baseline (confidence ramping)
SES_0000404,SVC_0103,service_account,2026-01-01 12:51:47,3,0.1189307568934373,0.242,normal,Cold-start: score vs population baseline (confidence ramping)
SES_0000407,SVC_0103,service_account,2026-01-01 12:53:29,4,0.0854546902227181,0.256,normal,Cold-start: score vs population baseline (confidence ramping)
SES_0000423,SVC_0103,service_account,2026-01-01 13:10:53,5,0.1986473923862314,0.27,normal,Cold-start: score vs population baseline (confidence ramping)
SES_0000440,SVC_0103,service_account,2026-01-01 13:33:06,6,0.2509985161475371,0.28400000000000003,normal,Cold-start: score vs population baseline (confidence ramping)
SES_0000905,SVC_0103,service_account,2026-01-01 21:56:17,7,0.2107897357923551,0.29800000000000004,normal,Cold-start: score vs population baseline (confidence ramping)
SES_0000960,SVC_0103,service_account,2026-01-02 07:05:38,8,0.135765134130869,0.312,normal,Cold-start: score vs population baseline (confidence ramping)
SES_0000976,SVC_0103,service_account,2026-01-02 07:15:45,9,0.1167572704502924,0.326,normal,Cold-start: score vs population baseline (confidence ramping)
SES_0001020,SVC_0103,service_account,2026-01-02 07:50:24,10,0.0923179103528712,0.33999999999999997,normal,Cold-start: score vs population baseline (confidence ramping)
SES_0001264,SVC_0103,service_account,2026-01-02 12:50:12,11,0.0823161241701457,0.354,normal,Cold-start: score vs population baseline (confidence ramping)
SES_0001315,SVC_0103,service_account,2026-01-02 13:51:26,12,0.0810196081435898,0.368,normal,Cold-start: score vs population baseline (confidence ramping)
SES_0001320,SVC_0103,service_account,2026-01-02 13:57:11,13,0.145275978203066,0.382,normal,Cold-start: score vs population baseline (confidence ramping)
SES_0001430,SVC_0103,service_account,2026-01-02 16:24:22,14,0.1168401128077023,0.396,normal,Cold-start: score vs population baseline (confidence ramping)
SES_0001470,SVC_0103,service_account,2026-01-02 17:16:09,15,0.0826594991086074,0.41000000000000003,normal,Cold-start: score vs population baseline (confidence ramping)
SES_0001481,SVC_0103,service_account,2026-01-02 17:24:02,16,0.1093933706073436,0.424,normal,Cold-start: score vs population baseline (confidence ramping)
SES_0001662,SVC_0103,service_account,2026-01-02 21:10:57,17,0.2097848331373711,0.438,normal,Cold-start: score vs population baseline (confidence ramping)
SES_0001821,SVC_0103,service_account,2026-01-03 07:42:06,18,0.1300877902194539,0.452,normal,Cold-start: score vs population baseline (confidence ramping)
SES_0002000,SVC_0103,service_account,2026-01-03 10:43:32,19,0.1250879971782652,0.46599999999999997,normal,Cold-start: score vs population baseline (confidence ramping)
SES_0002011,SVC_0103,service_account,2026-01-03 10:58:46,20,0.1286674266405189,0.48,normal,Cold-start: score vs population baseline (confidence ramping)
SES_0002074,SVC_0103,service_account,2026-01-03 12:06:19,21,0.1537528600136652,0.494,normal,Cold-start: score vs population baseline (confidence ramping)
SES_0002139,SVC_0103,service_account,2026-01-03 13:17:17,22,0.1757893366356762,0.508,normal,Cold-start: score vs population baseline (confidence ramping)
SES_0002148,SVC_0103,service_account,2026-01-03 13:29:20,23,0.1105854286742756,0.522,normal,Cold-start: score vs population baseline (confidence ramping)
SES_0002291,SVC_0103,service_account,2026-01-03 16:14:28,24,0.1172125609751761,0.536,normal,Cold-start: score vs population baseline (confidence ramping)
SES_0002495,SVC_0103,service_account,2026-01-03 20:12:48,25,0.1445544858262501,0.55,normal,Cold-start: score vs population baseline (confidence ramping)
SES_0002531,SVC_0103,service_account,2026-01-03 21:02:06,26,0.2373717321166525,0.5640000000000001,normal,Cold-start: score vs population baseline (confidence ramping)
SES_0002559,SVC_0103,service_account,2026-01-03 21:26:53,27,0.2286947965042808,0.5780000000000001,normal,Cold-start: score vs population baseline (confidence ramping)
SES_0002577,SVC_0103,service_account,2026-01-03 21:49:27,28,0.246268953279845,0.5920000000000001,normal,Cold-start: score vs population baseline (confidence ramping)
SES_0002687,SVC_0103,service_account,2026-01-04 07:42:07,29,0.1725377181054027,0.606,normal,Cold-start: score vs population baseline (confidence ramping)
SES_0002713,SVC_0103,service_account,2026-01-04 07:59:28,30,0.1910183448918658,0.62,normal,Cold-start: score vs population baseline (confidence ramping)
SES_0002975,SVC_0103,service_account,2026-01-04 12:18:16,31,0.1847298223875164,0.634,normal,Cold-start: score vs population baseline (confidence ramping)
SES_0003034,SVC_0103,service_account,2026-01-04 13:17:51,32,0.1275578848895528,0.6479999999999999,normal,Cold-start: score vs population baseline (confidence ramping)
SES_0003185,SVC_0103,service_account,2026-01-04 16:00:12,33,0.1516783903256995,0.6619999999999999,normal,Cold-start: score vs population baseline (confidence ramping)
SES_0003216,SVC_0103,service_account,2026-01-04 16:40:50,34,0.1183243481813871,0.6759999999999999,normal,Cold-start: score vs population baseline (confidence ramping)
SES_0003395,SVC_0103,service_account,2026-01-04 20:17:20,35,0.1850126505247681,0.69,normal,Cold-start: score vs population baseline (confidence ramping)
SES_0003549,SVC_0103,service_account,2026-01-05 07:09:45,36,0.1082550204961889,0.704,normal,Cold-start: score vs population baseline (confidence ramping)
SES_0003888,SVC_0103,service_account,2026-01-05 13:19:27,37,0.0977343539087839,0.718,normal,Cold-start: score vs population baseline (confidence ramping)
SES_0004060,SVC_0103,service_account,2026-01-05 16:01:01,38,0.1330349220410521,0.732,normal,Cold-start: score vs population baseline (confidence ramping)
SES_0004169,SVC_0103,service_account,2026-01-05 17:44:40,39,0.1076502035515858,0.746,normal,Cold-start: score vs population baseline (confidence ramping)
SES_0004309,SVC_0103,service_account,2026-01-05 20:42:26,40,0.1341690969848213,0.76,normal,Cold-start: score vs population baseline (confidence ramping)
SES_0004376,SVC_0103,service_account,2026-01-05 21:49:02,41,0.2620137047147297,0.774,normal,Cold-start: score vs population baseline (confidence ramping)
SES_0004500,SVC_0103,service_account,2026-01-06 07:59:53,42,0.1111665433271808,0.788,normal,Cold-start: score vs population baseline (confidence ramping)
SES_0004759,SVC_0103,service_account,2026-01-06 12:26:00,43,0.1108143296315021,0.802,normal,Cold-start: score vs population baseline (confidence ramping)
SES_0004797,SVC_0103,service_account,2026-01-06 13:04:15,44,0.0813986632761556,0.8160000000000001,normal,Cold-start: score vs population baseline (confidence ramping)
SES_0004826,SVC_0103,service_account,2026-01-06 13:45:50,45,0.0749918824496025,0.8300000000000001,normal,Cold-start: score vs population baseline (confidence ramping)
SES_0004996,SVC_0103,service_account,2026-01-06 16:46:36,46,0.0713680121437151,0.8440000000000001,normal,Cold-start: score vs population baseline (confidence ramping)
SES_0004998,SVC_0103,service_account,2026-01-06 16:47:21,47,0.1001045289750394,0.8579999999999999,normal,Cold-start: score vs population baseline (confidence ramping)
SES_0005036,SVC_0103,service_account,2026-01-06 17:27:24,48,0.0765239778423435,0.8719999999999999,normal,Cold-start: score vs population baseline (confidence ramping)
SES_0005055,SVC_0103,service_account,2026-01-06 17:48:57,49,0.2177447731511678,0.8859999999999999,normal,Cold-start: score vs population baseline (confidence ramping)
SES_0005182,SVC_0103,service_account,2026-01-06 20:22:27,50,0.1218645086510189,0.8999999999999999,normal,Cold-start: score vs population baseline (confidence ramping)
SES_0000528,SVC_0104,service_account,2026-01-01 15:07:01,1,0.3701890350933243,0.21400000000000002,normal,Cold-start: score vs population baseline (confidence ramping)
SES_0000548,SVC_0104,service_account,2026-01-01 15:30:21,2,0.1922838019373011,0.228,normal,Cold-start: score vs population baseline (confidence ramping)
SES_0000572,SVC_0104,service_account,2026-01-01 16:02:51,3,0.2644559305680959,0.242,normal,Cold-start: score vs population baseline (confidence ramping)
SES_0000590,SVC_0104,service_account,2026-01-01 16:23:30,4,0.1199046007382393,0.256,normal,Cold-start: score vs population baseline (confidence ramping)
SES_0000612,SVC_0104,service_account,2026-01-01 16:52:21,5,0.1377507322439165,0.27,normal,Cold-start: score vs population baseline (confidence ramping)
SES_0000827,SVC_0104,service_account,2026-01-01 20:32:58,6,0.1671839075838683,0.28400000000000003,normal,Cold-start: score vs population baseline (confidence ramping)
SES_0001617,SVC_0104,service_account,2026-01-02 20:13:56,7,0.1654497308122927,0.29800000000000004,normal,Cold-start: score vs population baseline (confidence ramping)
SES_0001640,SVC_0104,service_account,2026-01-02 20:47:30,8,0.1585024422353537,0.312,normal,Cold-start: score vs population baseline (confidence ramping)
SES_0001649,SVC_0104,service_account,2026-01-02 20:53:47,9,0.1543858103229677,0.326,normal,Cold-start: score vs population baseline (confidence ramping)
SES_0001678,SVC_0104,service_account,2026-01-02 21:28:08,10,0.2385764623176472,0.33999999999999997,normal,Cold-start: score vs population baseline (confidence ramping)
SES_0002214,SVC_0104,service_account,2026-01-03 15:04:29,11,0.1763050557701056,0.354,normal,Cold-start: score vs population baseline (confidence ramping)
SES_0002265,SVC_0104,service_account,2026-01-03 15:53:14,12,0.1901357255374701,0.368,normal,Cold-start: score vs population baseline (confidence ramping)
SES_0002323,SVC_0104,service_account,2026-01-03 16:42:56,13,0.1695273516455287,0.382,normal,Cold-start: score vs population baseline (confidence ramping)
SES_0002568,SVC_0104,service_account,2026-01-03 21:41:56,14,0.3305803136726186,0.396,normal,Cold-start: score vs population baseline (confidence ramping)
SES_0003131,SVC_0104,service_account,2026-01-04 15:15:03,15,0.1455557710610996,0.41000000000000003,normal,Cold-start: score vs population baseline (confidence ramping)
SES_0003136,SVC_0104,service_account,2026-01-04 15:16:58,16,0.398570863587348,0.424,normal,Cold-start: score vs population baseline (confidence ramping)
SES_0003147,SVC_0104,service_account,2026-01-04 15:29:11,17,0.3043644293908962,0.438,normal,Cold-start: score vs population baseline (confidence ramping)
SES_0003158,SVC_0104,service_account,2026-01-04 15:37:13,18,0.1468850310642024,0.452,normal,Cold-start: score vs population baseline (confidence ramping)
SES_0003205,SVC_0104,service_account,2026-01-04 16:24:59,19,0.1345270534784048,0.46599999999999997,normal,Cold-start: score vs population baseline (confidence ramping)
SES_0003228,SVC_0104,service_account,2026-01-04 16:51:06,20,0.1520904491965205,0.48,normal,Cold-start: score vs population baseline (confidence ramping)
SES_0003385,SVC_0104,service_account,2026-01-04 20:06:03,21,0.1712024229074475,0.494,normal,Cold-start: score vs population baseline (confidence ramping)
SES_0003388,SVC_0104,service_account,2026-01-04 20:07:02,22,0.1539872653394689,0.508,normal,Cold-start: score vs population baseline (confidence ramping)
SES_0003415,SVC_0104,service_account,2026-01-04 20:46:46,23,0.1587721832441209,0.522,normal,Cold-start: score vs population baseline (confidence ramping)
SES_0003416,SVC_0104,service_account,2026-01-04 20:46:51,24,0.1733706442863425,0.536,normal,Cold-start: score vs population baseline (confidence ramping)
SES_0003428,SVC_0104,service_account,2026-01-04 21:02:27,25,0.3254124996912997,0.55,normal,Cold-start: score vs population baseline (confidence ramping)
SES_0003471,SVC_0104,service_account,2026-01-04 21:44:45,26,0.2390500616687763,0.5640000000000001,normal,Cold-start: score vs population baseline (confidence ramping)
SES_0003482,SVC_0104,service_account,2026-01-04 21:53:56,27,0.2418592398655895,0.5780000000000001,normal,Cold-start: score vs population baseline (confidence ramping)
SES_0004014,SVC_0104,service_account,2026-01-05 15:17:30,28,0.2224330098167902,0.5920000000000001,normal,Cold-start: score vs population baseline (confidence ramping)
SES_0004048,SVC_0104,service_account,2026-01-05 15:50:57,29,0.0923342609448712,0.606,normal,Cold-start: score vs population baseline (confidence ramping)
SES_0004059,SVC_0104,service_account,2026-01-05 16:00:44,30,0.130285695643604,0.62,normal,Cold-start: score vs population baseline (confidence ramping)
SES_0004061,SVC_0104,service_account,2026-01-05 16:01:31,31,0.1180993309812177,0.634,normal,Cold-start: score vs population baseline (confidence ramping)
SES_0004065,SVC_0104,service_account,2026-01-05 16:04:54,32,0.0863867763412979,0.6479999999999999,normal,Cold-start: score vs population baseline (confidence ramping)
SES_0004091,SVC_0104,service_account,2026-01-05 16:26:10,33,0.084971081701008,0.6619999999999999,normal,Cold-start: score vs population baseline (confidence ramping)
SES_0004107,SVC_0104,service_account,2026-01-05 16:47:58,34,0.0860026888665573,0.6759999999999999,normal,Cold-start: score vs population baseline (confidence ramping)
SES_0004283,SVC_0104,service_account,2026-01-05 20:21:33,35,0.1210416922353896,0.69,normal,Cold-start: score vs population baseline (confidence ramping)
SES_0004291,SVC_0104,service_account,2026-01-05 20:26:19,36,0.112539058775207,0.704,normal,Cold-start: score vs population baseline (confidence ramping)
SES_0004306,SVC_0104,service_account,2026-01-05 20:39:52,37,0.1185417048141391,0.718,normal,Cold-start: score vs population baseline (confidence ramping)
SES_0004307,SVC_0104,service_account,2026-01-05 20:40:23,38,0.1116643217714553,0.732,normal,Cold-start: score vs population baseline (confidence ramping)
SES_0004315,SVC_0104,service_account,2026-01-05 20:51:07,39,0.244207232044316,0.746,normal,Cold-start: score vs population baseline (confidence ramping)
SES_0004324,SVC_0104,service_account,2026-01-05 21:02:28,40,0.3633492137148641,0.76,normal,Cold-start: score vs population baseline (confidence ramping)
SES_0004377,SVC_0104,service_account,2026-01-05 21:50:11,41,0.2625857185279313,0.774,normal,Cold-start: score vs population baseline (confidence ramping)
SES_0004900,SVC_0104,service_account,2026-01-06 15:01:32,42,0.0805850525604627,0.788,normal,Cold-start: score vs population baseline (confidence ramping)
SES_0004913,SVC_0104,service_account,2026-01-06 15:14:24,43,0.094382620276279,0.802,normal,Cold-start: score vs population baseline (confidence ramping)
SES_0004957,SVC_0104,service_account,2026-01-06 16:08:04,44,0.1235356793058279,0.8160000000000001,normal,Cold-start: score vs population baseline (confidence ramping)
SES_0005171,SVC_0104,service_account,2026-01-06 20:01:24,45,0.0978154919158395,0.8300000000000001,normal,Cold-start: score vs population baseline (confidence ramping)
SES_0005172,SVC_0104,service_account,2026-01-06 20:01:27,46,0.1226387037346332,0.8440000000000001,normal,Cold-start: score vs population baseline (confidence ramping)
SES_0005176,SVC_0104,service_account,2026-01-06 20:12:26,47,0.2256923565080983,0.8579999999999999,normal,Cold-start: score vs population baseline (confidence ramping)
SES_0005181,SVC_0104,service_account,2026-01-06 20:22:09,48,0.1231698084000472,0.8719999999999999,normal,Cold-start: score vs population baseline (confidence ramping)
SES_0005227,SVC_0104,service_account,2026-01-06 21:25:39,49,0.1965689472929438,0.8859999999999999,normal,Cold-start: score vs population baseline (confidence ramping)
SES_0005247,SVC_0104,service_account,2026-01-06 21:43:30,50,0.1997652788829793,0.8999999999999999,normal,Cold-start: score vs population baseline (confidence ramping)
SES_0000190,SVC_0105,service_account,2026-01-01 09:20:21,1,0.398941439409349,0.21400000000000002,normal,Cold-start: score vs population baseline (confidence ramping)
SES_0000193,SVC_0105,service_account,2026-01-01 09:24:20,2,0.2752251019072935,0.228,normal,Cold-start: score vs population baseline (confidence ramping)
SES_0000195,SVC_0105,service_account,2026-01-01 09:25:11,3,0.1501134832658365,0.242,normal,Cold-start: score vs population baseline (confidence ramping)
SES_0000216,SVC_0105,service_account,2026-01-01 09:43:32,4,0.2172569991026149,0.256,normal,Cold-start: score vs population baseline (confidence ramping)
SES_0000217,SVC_0105,service_account,2026-01-01 09:43:55,5,0.1786037179469119,0.27,normal,Cold-start: score vs population baseline (confidence ramping)
SES_0000369,SVC_0105,service_account,2026-01-01 12:25:18,6,0.2239845242099905,0.28400000000000003,normal,Cold-start: score vs population baseline (confidence ramping)
SES_0000373,SVC_0105,service_account,2026-01-01 12:28:26,7,0.0475825647336552,0.29800000000000004,normal,Cold-start: score vs population baseline (confidence ramping)
SES_0000386,SVC_0105,service_account,2026-01-01 12:40:29,8,0.2011839392458165,0.312,normal,Cold-start: score vs population baseline (confidence ramping)
SES_0000388,SVC_0105,service_account,2026-01-01 12:42:34,9,0.227637709988319,0.326,normal,Cold-start: score vs population baseline (confidence ramping)
SES_0000699,SVC_0105,service_account,2026-01-01 18:09:34,10,0.1038058769629181,0.33999999999999997,normal,Cold-start: score vs population baseline (confidence ramping)
SES_0001113,SVC_0105,service_account,2026-01-02 09:44:16,11,0.0796150380974295,0.354,normal,Cold-start: score vs population baseline (confidence ramping)
SES_0001142,SVC_0105,service_account,2026-01-02 10:29:32,12,0.0964424956962104,0.368,normal,Cold-start: score vs population baseline (confidence ramping)
SES_0001157,SVC_0105,service_account,2026-01-02 10:50:08,13,0.0787673214883494,0.382,normal,Cold-start: score vs population baseline (confidence ramping)
SES_0001259,SVC_0105,service_account,2026-01-02 12:46:14,14,0.1110715680202563,0.396,normal,Cold-start: score vs population baseline (confidence ramping)
SES_0001524,SVC_0105,service_account,2026-01-02 18:05:46,15,0.0772100305351392,0.41000000000000003,normal,Cold-start: score vs population baseline (confidence ramping)
SES_0001903,SVC_0105,service_account,2026-01-03 09:04:21,16,0.2471284623987127,0.424,normal,Cold-start: score vs population baseline (confidence ramping)
SES_0001905,SVC_0105,service_account,2026-01-03 09:06:04,17,0.1344040923687894,0.438,normal,Cold-start: score vs population baseline (confidence ramping)
SES_0001921,SVC_0105,service_account,2026-01-03 09:22:23,18,0.1167780134664259,0.452,normal,Cold-start: score vs population baseline (confidence ramping)
SES_0001955,SVC_0105,service_account,2026-01-03 10:01:29,19,0.1539556755081692,0.46599999999999997,normal,Cold-start: score vs population baseline (confidence ramping)
SES_0001979,SVC_0105,service_account,2026-01-03 10:17:30,20,0.2262433857825999,0.48,normal,Cold-start: score vs population baseline (confidence ramping)
SES_0002069,SVC_0105,service_account,2026-01-03 12:00:47,21,0.0935958753652803,0.494,normal,Cold-start: score vs population baseline (confidence ramping)
SES_0002084,SVC_0105,service_account,2026-01-03 12:18:37,22,0.0798906610868232,0.508,normal,Cold-start: score vs population baseline (confidence ramping)
SES_0002115,SVC_0105,service_account,2026-01-03 12:54:30,23,0.1759914336304724,0.522,normal,Cold-start: score vs population baseline (confidence ramping)
SES_0002822,SVC_0105,service_account,2026-01-04 09:54:19,24,0.246792738120468,0.536,normal,Cold-start: score vs population baseline (confidence ramping)
SES_0002831,SVC_0105,service_account,2026-01-04 10:00:47,25,0.2310951366051291,0.55,normal,Cold-start: score vs population baseline (confidence ramping)
SES_0002876,SVC_0105,service_account,2026-01-04 10:43:13,26,0.2342559465320852,0.5640000000000001,normal,Cold-start: score vs population baseline (confidence ramping)
SES_0002880,SVC_0105,service_account,2026-01-04 10:46:04,27,0.2245896284032485,0.5780000000000001,normal,Cold-start: score vs population baseline (confidence ramping)
SES_0002885,SVC_0105,service_account,2026-01-04 10:51:38,28,0.4557022427228141,0.5920000000000001,normal,Cold-start: score vs population baseline (confidence ramping)
SES_0002894,SVC_0105,service_account,2026-01-04 10:57:39,29,0.3725958820595506,0.606,normal,Cold-start: score vs population baseline (confidence ramping)
SES_0002956,SVC_0105,service_account,2026-01-04 12:00:22,30,0.2152222861506837,0.62,normal,Cold-start: score vs population baseline (confidence ramping)
SES_0002958,SVC_0105,service_account,2026-01-04 12:02:46,31,0.2123163727086576,0.634,normal,Cold-start: score vs population baseline (confidence ramping)
SES_0003325,SVC_0105,service_account,2026-01-04 18:51:49,32,0.1853440069845552,0.6479999999999999,normal,Cold-start: score vs population baseline (confidence ramping)
SES_0003664,SVC_0105,service_account,2026-01-05 09:26:19,33,0.1311149225831374,0.6619999999999999,normal,Cold-start: score vs population baseline (confidence ramping)
SES_0003665,SVC_0105,service_account,2026-01-05 09:26:51,34,0.2143167649512183,0.6759999999999999,normal,Cold-start: score vs population baseline (confidence ramping)
SES_0003677,SVC_0105,service_account,2026-01-05 09:33:42,35,0.0712861264215665,0.69,normal,Cold-start: score vs population baseline (confidence ramping)
SES_0003756,SVC_0105,service_account,2026-01-05 10:52:36,36,0.0792228030281783,0.704,normal,Cold-start: score vs population baseline (confidence ramping)
SES_0003758,SVC_0105,service_account,2026-01-05 10:54:41,37,0.112214263317715,0.718,normal,Cold-start: score vs population baseline (confidence ramping)
SES_0003830,SVC_0105,service_account,2026-01-05 12:08:20,38,0.0734341626611434,0.732,normal,Cold-start: score vs population baseline (confidence ramping)
SES_0003832,SVC_0105,service_account,2026-01-05 12:12:26,39,0.0909184927132193,0.746,normal,Cold-start: score vs population baseline (confidence ramping)
SES_0003838,SVC_0105,service_account,2026-01-05 12:19:31,40,0.0546363545291934,0.76,normal,Cold-start: score vs population baseline (confidence ramping)
SES_0003840,SVC_0105,service_account,2026-01-05 12:22:01,41,0.0621165303872452,0.774,normal,Cold-start: score vs population baseline (confidence ramping)
SES_0003869,SVC_0105,service_account,2026-01-05 12:49:22,42,0.059108283528953,0.788,normal,Cold-start: score vs population baseline (confidence ramping)
SES_0004568,SVC_0105,service_account,2026-01-06 09:05:12,43,0.0459826832814054,0.802,normal,Cold-start: score vs population baseline (confidence ramping)
SES_0004591,SVC_0105,service_account,2026-01-06 09:32:28,44,0.0457558556085152,0.8160000000000001,normal,Cold-start: score vs population baseline (confidence ramping)
SES_0004632,SVC_0105,service_account,2026-01-06 10:04:38,45,0.0430871251334664,0.8300000000000001,normal,Cold-start: score vs population baseline (confidence ramping)
SES_0004639,SVC_0105,service_account,2026-01-06 10:08:35,46,0.0531415136197265,0.8440000000000001,normal,Cold-start: score vs population baseline (confidence ramping)
SES_0004690,SVC_0105,service_account,2026-01-06 10:54:12,47,0.0366834709876855,0.8579999999999999,normal,Cold-start: score vs population baseline (confidence ramping)
SES_0004695,SVC_0105,service_account,2026-01-06 10:58:46,48,0.0513768496589137,0.8719999999999999,normal,Cold-start: score vs population baseline (confidence ramping)
SES_0004782,SVC_0105,service_account,2026-01-06 12:48:18,49,0.0354020169069058,0.8859999999999999,normal,Cold-start: score vs population baseline (confidence ramping)
SES_0004783,SVC_0105,service_account,2026-01-06 12:49:48,50,0.0311242731033892,0.8999999999999999,normal,Cold-start: score vs population baseline (confidence ramping)
SES_0000159,SVC_0106,service_account,2026-01-01 08:41:39,1,0.3282921623389634,0.21400000000000002,normal,Cold-start: score vs population baseline (confidence ramping)
SES_0000186,SVC_0106,service_account,2026-01-01 09:16:58,2,0.2950618070754039,0.228,normal,Cold-start: score vs population baseline (confidence ramping)
SES_0000344,SVC_0106,service_account,2026-01-01 11:58:21,3,0.2376299233026275,0.242,normal,Cold-start: score vs population baseline (confidence ramping)
SES_0000376,SVC_0106,service_account,2026-01-01 12:30:09,4,0.169885472459244,0.256,normal,Cold-start: score vs population baseline (confidence ramping)
SES_0000409,SVC_0106,service_account,2026-01-01 12:58:53,5,0.0926227257467449,0.27,normal,Cold-start: score vs population baseline (confidence ramping)
SES_0000504,SVC_0106,service_account,2026-01-01 14:41:09,6,0.0702504331925808,0.28400000000000003,normal,Cold-start: score vs population baseline (confidence ramping)
SES_0001118,SVC_0106,service_account,2026-01-02 09:50:53,7,0.1107020970403821,0.29800000000000004,normal,Cold-start: score vs population baseline (confidence ramping)
SES_0001182,SVC_0106,service_account,2026-01-02 11:21:52,8,0.1324675753194472,0.312,normal,Cold-start: score vs population baseline (confidence ramping)
SES_0001209,SVC_0106,service_account,2026-01-02 11:47:50,9,0.1102082581692825,0.326,normal,Cold-start: score vs population baseline (confidence ramping)
SES_0001234,SVC_0106,service_account,2026-01-02 12:17:25,10,0.0786267960827081,0.33999999999999997,normal,Cold-start: score vs population baseline (confidence ramping)
SES_0001345,SVC_0106,service_account,2026-01-02 14:22:50,11,0.0827103071480835,0.354,normal,Cold-start: score vs population baseline (confidence ramping)
SES_0001357,SVC_0106,service_account,2026-01-02 14:37:25,12,0.1086474037497631,0.368,normal,Cold-start: score vs population baseline (confidence ramping)
SES_0001360,SVC_0106,service_account,2026-01-02 14:42:03,13,0.0921011113859621,0.382,normal,Cold-start: score vs population baseline (confidence ramping)
SES_0001559,SVC_0106,service_account,2026-01-02 18:55:30,14,0.0979591675839861,0.396,normal,Cold-start: score vs population baseline (confidence ramping)
SES_0001860,SVC_0106,service_account,2026-01-03 08:11:34,15,0.2392466415811554,0.41000000000000003,normal,Cold-start: score vs population baseline (confidence ramping)
SES_0001882,SVC_0106,service_account,2026-01-03 08:33:50,16,0.1372630796454245,0.424,normal,Cold-start: score vs population baseline (confidence ramping)
SES_0001952,SVC_0106,service_account,2026-01-03 09:59:43,17,0.1325570571077293,0.438,normal,Cold-start: score vs population baseline (confidence ramping)
SES_0002100,SVC_0106,service_account,2026-01-03 12:33:29,18,0.163390715513835,0.452,normal,Cold-start: score vs population baseline (confidence ramping)
SES_0002207,SVC_0106,service_account,2026-01-03 14:51:13,19,0.1528868791837279,0.46599999999999997,normal,Cold-start: score vs population baseline (confidence ramping)
SES_0002403,SVC_0106,service_account,2026-01-03 18:10:26,20,0.1458006665924824,0.48,normal,Cold-start: score vs population baseline (confidence ramping)
SES_0002778,SVC_0106,service_account,2026-01-04 08:54:42,21,0.2978800298072202,0.494,normal,Cold-start: score vs population baseline (confidence ramping)
SES_0002913,SVC_0106,service_account,2026-01-04 11:22:48,22,0.1218515154452232,0.508,normal,Cold-start: score vs population baseline (confidence ramping)
SES_0002926,SVC_0106,service_account,2026-01-04 11:33:58,23,0.1253969809282484,0.522,normal,Cold-start: score vs population baseline (confidence ramping)
SES_0002960,SVC_0106,service_account,2026-01-04 12:04:57,24,0.3035891757105707,0.536,normal,Cold-start: score vs population baseline (confidence ramping)
SES_0002983,SVC_0106,service_account,2026-01-04 12:28:44,25,0.1388048441456523,0.55,normal,Cold-start: score vs population baseline (confidence ramping)
SES_0002984,SVC_0106,service_account,2026-01-04 12:30:01,26,0.1406829917604426,0.5640000000000001,normal,Cold-start: score vs population baseline (confidence ramping)
SES_0003281,SVC_0106,service_account,2026-01-04 17:57:52,27,0.2419195423030633,0.5780000000000001,normal,Cold-start: score vs population baseline (confidence ramping)
SES_0003321,SVC_0106,service_account,2026-01-04 18:47:08,28,0.1249074079257144,0.5920000000000001,normal,Cold-start: score vs population baseline (confidence ramping)
SES_0003655,SVC_0106,service_account,2026-01-05 09:15:22,29,0.1256747799696123,0.606,normal,Cold-start: score vs population baseline (confidence ramping)
SES_0003812,SVC_0106,service_account,2026-01-05 11:44:14,30,0.0961858680011182,0.62,normal,Cold-start: score vs population baseline (confidence ramping)
SES_0003847,SVC_0106,service_account,2026-01-05 12:25:47,31,0.1011394100261212,0.634,normal,Cold-start: score vs population baseline (confidence ramping)
SES_0004156,SVC_0106,service_account,2026-01-05 17:28:50,32,0.1064840071553063,0.6479999999999999,normal,Cold-start: score vs population baseline (confidence ramping)
SES_0004207,SVC_0106,service_account,2026-01-05 18:32:33,33,0.1275233927917605,0.6619999999999999,normal,Cold-start: score vs population baseline (confidence ramping)
SES_0004533,SVC_0106,service_account,2026-01-06 08:32:04,34,0.0830430238068101,0.6759999999999999,normal,Cold-start: score vs population baseline (confidence ramping)
SES_0004858,SVC_0106,service_account,2026-01-06 14:22:48,35,0.0847956122817249,0.69,normal,Cold-start: score vs population baseline (confidence ramping)
SES_0004867,SVC_0106,service_account,2026-01-06 14:36:05,36,0.1223666206150947,0.704,normal,Cold-start: score vs population baseline (confidence ramping)
SES_0004881,SVC_0106,service_account,2026-01-06 14:50:15,37,0.0722062310012544,0.718,normal,Cold-start: score vs population baseline (confidence ramping)
SES_0005401,SVC_0106,service_account,2026-01-07 08:02:39,38,0.0851427808896518,0.732,normal,Cold-start: score vs population baseline (confidence ramping)
SES_0005592,SVC_0106,service_account,2026-01-07 11:13:25,39,0.1135289438084427,0.746,normal,Cold-start: score vs population baseline (confidence ramping)
SES_0005598,SVC_0106,service_account,2026-01-07 11:17:25,40,0.0603289200802719,0.76,normal,Cold-start: score vs population baseline (confidence ramping)
SES_0005627,SVC_0106,service_account,2026-01-07 11:47:32,41,0.0770299732269448,0.774,normal,Cold-start: score vs population baseline (confidence ramping)
SES_0005679,SVC_0106,service_account,2026-01-07 12:53:00,42,0.0817469885180749,0.788,normal,Cold-start: score vs population baseline (confidence ramping)
SES_0005682,SVC_0106,service_account,2026-01-07 12:56:44,43,0.0657909659185979,0.802,normal,Cold-start: score vs population baseline (confidence ramping)
SES_0005789,SVC_0106,service_account,2026-01-07 14:59:36,44,0.082066067948966,0.8160000000000001,normal,Cold-start: score vs population baseline (confidence ramping)
SES_0005901,SVC_0106,service_account,2026-01-07 17:04:42,45,0.2697204806732304,0.8300000000000001,normal,Cold-start: score vs population baseline (confidence ramping)
SES_0005988,SVC_0106,service_account,2026-01-07 18:50:33,46,0.08967878201718,0.8440000000000001,normal,Cold-start: score vs population baseline (confidence ramping)
SES_0006345,SVC_0106,service_account,2026-01-08 09:16:03,47,0.0622742994254026,0.8579999999999999,normal,Cold-start: score vs population baseline (confidence ramping)
SES_0006352,SVC_0106,service_account,2026-01-08 09:24:17,48,0.0911964371959213,0.8719999999999999,normal,Cold-start: score vs population baseline (confidence ramping)
SES_0006510,SVC_0106,service_account,2026-01-08 11:51:14,49,0.0564218380253805,0.8859999999999999,normal,Cold-start: score vs population baseline (confidence ramping)
SES_0006511,SVC_0106,service_account,2026-01-08 11:51:23,50,0.0591144009916526,0.8999999999999999,normal,Cold-start: score vs population baseline (confidence ramping)
SES_0000006,SVC_0107,service_account,2026-01-01 06:09:32,1,0.4002535590905476,0.21400000000000002,normal,Cold-start: score vs population baseline (confidence ramping)
SES_0000033,SVC_0107,service_account,2026-01-01 06:48:15,2,0.3638280300405889,0.228,normal,Cold-start: score vs population baseline (confidence ramping)
SES_0000051,SVC_0107,service_account,2026-01-01 07:06:38,3,0.1297781252394611,0.242,normal,Cold-start: score vs population baseline (confidence ramping)
SES_0000114,SVC_0107,service_account,2026-01-01 07:52:39,4,0.1353775120390644,0.256,normal,Cold-start: score vs population baseline (confidence ramping)
SES_0000122,SVC_0107,service_account,2026-01-01 07:59:53,5,0.2927341248671462,0.27,normal,Cold-start: score vs population baseline (confidence ramping)
SES_0000421,SVC_0107,service_account,2026-01-01 13:09:49,6,0.0639360239686937,0.28400000000000003,normal,Cold-start: score vs population baseline (confidence ramping)
SES_0000434,SVC_0107,service_account,2026-01-01 13:27:31,7,0.070181784556351,0.29800000000000004,normal,Cold-start: score vs population baseline (confidence ramping)
SES_0000435,SVC_0107,service_account,2026-01-01 13:28:17,8,0.0872560975165305,0.312,normal,Cold-start: score vs population baseline (confidence ramping)
SES_0000444,SVC_0107,service_account,2026-01-01 13:34:54,9,0.2141137492932348,0.326,normal,Cold-start: score vs population baseline (confidence ramping)
SES_0000452,SVC_0107,service_account,2026-01-01 13:48:05,10,0.0602998826762269,0.33999999999999997,normal,Cold-start: score vs population baseline (confidence ramping)
SES_0000747,SVC_0107,service_account,2026-01-01 19:03:50,11,0.085411871237717,0.354,normal,Cold-start: score vs population baseline (confidence ramping)
SES_0000942,SVC_0107,service_account,2026-01-02 06:46:15,12,0.2367153174054914,0.368,normal,Cold-start: score vs population baseline (confidence ramping)
SES_0000948,SVC_0107,service_account,2026-01-02 06:50:07,13,0.2245219518875001,0.382,normal,Cold-start: score vs population baseline (confidence ramping)
SES_0000952,SVC_0107,service_account,2026-01-02 06:57:26,14,0.1937742304551019,0.396,normal,Cold-start: score vs population baseline (confidence ramping)
SES_0001275,SVC_0107,service_account,2026-01-02 13:07:24,15,0.1064054591450323,0.41000000000000003,normal,Cold-start: score vs population baseline (confidence ramping)
SES_0001302,SVC_0107,service_account,2026-01-02 13:34:07,16,0.1594492612095602,0.424,normal,Cold-start: score vs population baseline (confidence ramping)
SES_0001586,SVC_0107,service_account,2026-01-02 19:26:53,17,0.2260748397678423,0.438,normal,Cold-start: score vs population baseline (confidence ramping)
SES_0001710,SVC_0107,service_account,2026-01-03 06:10:23,18,0.2573161417860162,0.452,normal,Cold-start: score vs population baseline (confidence ramping)
SES_0001729,SVC_0107,service_account,2026-01-03 06:37:21,19,0.2557106306382469,0.46599999999999997,normal,Cold-start: score vs population baseline (confidence ramping)
SES_0001741,SVC_0107,service_account,2026-01-03 06:53:50,20,0.2472004448141314,0.48,normal,Cold-start: score vs population baseline (confidence ramping)
SES_0001764,SVC_0107,service_account,2026-01-03 07:07:17,21,0.1529289696570257,0.494,normal,Cold-start: score vs population baseline (confidence ramping)
SES_0001781,SVC_0107,service_account,2026-01-03 07:19:13,22,0.1704496138240845,0.508,normal,Cold-start: score vs population baseline (confidence ramping)
SES_0002465,SVC_0107,service_account,2026-01-03 19:30:13,23,0.1499088566324031,0.522,normal,Cold-start: score vs population baseline (confidence ramping)
SES_0002476,SVC_0107,service_account,2026-01-03 19:46:39,24,0.1318997408568845,0.536,normal,Cold-start: score vs population baseline (confidence ramping)
SES_0002649,SVC_0107,service_account,2026-01-04 07:12:36,25,0.1723388081727785,0.55,normal,Cold-start: score vs population baseline (confidence ramping)
SES_0002651,SVC_0107,service_account,2026-01-04 07:13:15,26,0.1477455075637765,0.5640000000000001,normal,Cold-start: score vs population baseline (confidence ramping)
SES_0002659,SVC_0107,service_account,2026-01-04 07:18:23,27,0.1742031624992114,0.5780000000000001,normal,Cold-start: score vs population baseline (confidence ramping)
SES_0002660,SVC_0107,service_account,2026-01-04 07:18:57,28,0.3010647542235008,0.5920000000000001,normal,Cold-start: score vs population baseline (confidence ramping)
SES_0003346,SVC_0107,service_account,2026-01-04 19:13:52,29,0.1529214959767689,0.606,normal,Cold-start: score vs population baseline (confidence ramping)
SES_0003517,SVC_0107,service_account,2026-01-05 06:34:29,30,0.2092297465576172,0.62,normal,Cold-start: score vs population baseline (confidence ramping)
SES_0003547,SVC_0107,service_account,2026-01-05 07:08:51,31,0.1259557147582938,0.634,normal,Cold-start: score vs population baseline (confidence ramping)
SES_0003548,SVC_0107,service_account,2026-01-05 07:09:43,32,0.1251505157406306,0.6479999999999999,normal,Cold-start: score vs population baseline (confidence ramping)
SES_0003883,SVC_0107,service_account,2026-01-05 13:09:54,33,0.1084407215344604,0.6619999999999999,normal,Cold-start: score vs population baseline (confidence ramping)
SES_0003927,SVC_0107,service_account,2026-01-05 13:45:17,34,0.121785502295851,0.6759999999999999,normal,Cold-start: score vs population baseline (confidence ramping)
SES_0004393,SVC_0107,service_account,2026-01-06 06:08:04,35,0.2050284243779667,0.69,normal,Cold-start: score vs population baseline (confidence ramping)
SES_0004394,SVC_0107,service_account,2026-01-06 06:08:07,36,0.1976921508115453,0.704,normal,Cold-start: score vs population baseline (confidence ramping)
SES_0004400,SVC_0107,service_account,2026-01-06 06:22:42,37,0.2240451341942778,0.718,normal,Cold-start: score vs population baseline (confidence ramping)
SES_0004414,SVC_0107,service_account,2026-01-06 06:45:03,38,0.2126297177004676,0.732,normal,Cold-start: score vs population baseline (confidence ramping)
SES_0004454,SVC_0107,service_account,2026-01-06 07:23:37,39,0.0992533222121915,0.746,normal,Cold-start: score vs population baseline (confidence ramping)
SES_0004469,SVC_0107,service_account,2026-01-06 07:34:27,40,0.1366343806125646,0.76,normal,Cold-start: score vs population baseline (confidence ramping)
SES_0004809,SVC_0107,service_account,2026-01-06 13:24:07,41,0.1312178633357524,0.774,normal,Cold-start: score vs population baseline (confidence ramping)
SES_0004839,SVC_0107,service_account,2026-01-06 13:56:19,42,0.2578241143527022,0.788,normal,Cold-start: score vs population baseline (confidence ramping)
SES_0005125,SVC_0107,service_account,2026-01-06 19:10:41,43,0.1337981681860607,0.802,normal,Cold-start: score vs population baseline (confidence ramping)
SES_0005147,SVC_0107,service_account,2026-01-06 19:33:11,44,0.1081795746560225,0.8160000000000001,normal,Cold-start: score vs population baseline (confidence ramping)
SES_0005152,SVC_0107,service_account,2026-01-06 19:42:25,45,0.0987883005844256,0.8300000000000001,normal,Cold-start: score vs population baseline (confidence ramping)
SES_0005156,SVC_0107,service_account,2026-01-06 19:45:40,46,0.0838626221693308,0.8440000000000001,normal,Cold-start: score vs population baseline (confidence ramping)
SES_0005269,SVC_0107,service_account,2026-01-07 06:11:41,47,0.1969765479736863,0.8579999999999999,normal,Cold-start: score vs population baseline (confidence ramping)
SES_0005290,SVC_0107,service_account,2026-01-07 06:33:32,48,0.331188867465104,0.8719999999999999,normal,Cold-start: score vs population baseline (confidence ramping)
SES_0005318,SVC_0107,service_account,2026-01-07 07:11:49,49,0.2695691119305246,0.8859999999999999,normal,Cold-start: score vs population baseline (confidence ramping)
SES_0005715,SVC_0107,service_account,2026-01-07 13:33:24,50,0.0428959485867495,0.8999999999999999,normal,Cold-start: score vs population baseline (confidence ramping)
SES_0000088,USR_0000,user,2026-01-01 07:33:00,1,0.3415217972400255,0.21400000000000002,normal,Cold-start: score vs population baseline (confidence ramping)
SES_0000138,USR_0000,user,2026-01-01 08:30:59,2,0.4048401966155415,0.228,normal,Cold-start: score vs population baseline (confidence ramping)
SES_0000430,USR_0000,user,2026-01-01 13:21:25,3,0.3259247562798251,0.242,normal,Cold-start: score vs population baseline (confidence ramping)
SES_0000437,USR_0000,user,2026-01-01 13:29:43,4,0.33177746510743,0.256,normal,Cold-start: score vs population baseline (confidence ramping)
SES_0000581,USR_0000,user,2026-01-01 16:15:13,5,0.3197856085976338,0.27,normal,Cold-start: score vs population baseline (confidence ramping)
SES_0000597,USR_0000,user,2026-01-01 16:32:06,6,0.2403423709437266,0.28400000000000003,normal,Cold-start: score vs population baseline (confidence ramping)
SES_0000603,USR_0000,user,2026-01-01 16:40:50,7,0.2320851505094827,0.29800000000000004,normal,Cold-start: score vs population baseline (confidence ramping)
SES_0000628,USR_0000,user,2026-01-01 17:04:02,8,0.1635714335651514,0.312,normal,Cold-start: score vs population baseline (confidence ramping)
SES_0000631,USR_0000,user,2026-01-01 17:04:48,9,0.1324494289117316,0.326,normal,Cold-start: score vs population baseline (confidence ramping)
SES_0001011,USR_0000,user,2026-01-02 07:42:33,10,0.1281004845747419,0.33999999999999997,normal,Cold-start: score vs population baseline (confidence ramping)
SES_0001029,USR_0000,user,2026-01-02 07:55:27,11,0.1731899232396891,0.354,normal,Cold-start: score vs population baseline (confidence ramping)
SES_0001049,USR_0000,user,2026-01-02 08:20:42,12,0.1448372177823611,0.368,normal,Cold-start: score vs population baseline (confidence ramping)
SES_0001305,USR_0000,user,2026-01-02 13:36:43,13,0.1141759594629749,0.382,normal,Cold-start: score vs population baseline (confidence ramping)
SES_0001454,USR_0000,user,2026-01-02 16:49:58,14,0.1216299375356348,0.396,normal,Cold-start: score vs population baseline (confidence ramping)
SES_0001466,USR_0000,user,2026-01-02 17:04:05,15,0.1133585295495014,0.41000000000000003,normal,Cold-start: score vs population baseline (confidence ramping)
SES_0001493,USR_0000,user,2026-01-02 17:37:33,16,0.1351250332095264,0.424,normal,Cold-start: score vs population baseline (confidence ramping)
SES_0001763,USR_0000,user,2026-01-03 07:06:38,17,0.162648496955896,0.438,normal,Cold-start: score vs population baseline (confidence ramping)
SES_0001793,USR_0000,user,2026-01-03 07:26:28,18,0.3399608236876691,0.452,normal,Cold-start: score vs population baseline (confidence ramping)
SES_0001865,USR_0000,user,2026-01-03 08:18:07,19,0.2202414288318195,0.46599999999999997,normal,Cold-start: score vs population baseline (confidence ramping)
SES_0002133,USR_0000,user,2026-01-03 13:12:05,20,0.1305122554673677,0.48,normal,Cold-start: score vs population baseline (confidence ramping)
SES_0002330,USR_0000,user,2026-01-03 16:54:05,21,0.1331399743328474,0.494,normal,Cold-start: score vs population baseline (confidence ramping)
SES_0002346,USR_0000,user,2026-01-03 17:09:48,22,0.1339932497548487,0.508,normal,Cold-start: score vs population baseline (confidence ramping)
SES_0002390,USR_0000,user,2026-01-03 17:55:11,23,0.1244611517545347,0.522,normal,Cold-start: score vs population baseline (confidence ramping)
SES_0002766,USR_0000,user,2026-01-04 08:44:27,24,0.1948969993509295,0.536,normal,Cold-start: score vs population baseline (confidence ramping)
SES_0003018,USR_0000,user,2026-01-04 13:04:24,25,0.1267071559555582,0.55,normal,Cold-start: score vs population baseline (confidence ramping)
SES_0003027,USR_0000,user,2026-01-04 13:14:09,26,0.1818349854816035,0.5640000000000001,normal,Cold-start: score vs population baseline (confidence ramping)
SES_0003209,USR_0000,user,2026-01-04 16:31:43,27,0.151675076130137,0.5780000000000001,normal,Cold-start: score vs population baseline (confidence ramping)
SES_0003211,USR_0000,user,2026-01-04 16:32:23,28,0.1582038775405938,0.5920000000000001,normal,Cold-start: score vs population baseline (confidence ramping)
SES_0003242,USR_0000,user,2026-01-04 17:09:12,29,0.1451986377323886,0.606,normal,Cold-start: score vs population baseline (confidence ramping)
SES_0004088,USR_0000,user,2026-01-05 16:23:23,30,0.1244588354936336,0.62,normal,Cold-start: score vs population baseline (confidence ramping)
SES_0004104,USR_0000,user,2026-01-05 16:42:31,31,0.2273749580882177,0.634,normal,Cold-start: score vs population baseline (confidence ramping)
SES_0004137,USR_0000,user,2026-01-05 17:18:10,32,0.1225809547463327,0.6479999999999999,normal,Cold-start: score vs population baseline (confidence ramping)
SES_0004155,USR_0000,user,2026-01-05 17:28:47,33,0.1504119218200414,0.6619999999999999,normal,Cold-start: score vs population baseline (confidence ramping)
SES_0004170,USR_0000,user,2026-01-05 17:52:12,34,0.1444568488231457,0.6759999999999999,normal,Cold-start: score vs population baseline (confidence ramping)
SES_0004176,USR_0000,user,2026-01-05 17:57:34,35,0.1177662170813367,0.69,normal,Cold-start: score vs population baseline (confidence ramping)
SES_0004535,USR_0000,user,2026-01-06 08:33:34,36,0.1104916777184776,0.704,normal,Cold-start: score vs population baseline (confidence ramping)
SES_0004823,USR_0000,user,2026-01-06 13:43:28,37,0.1111742011624605,0.718,normal,Cold-start: score vs population baseline (confidence ramping)
SES_0004951,USR_0000,user,2026-01-06 16:01:07,38,0.1494873616651288,0.732,normal,Cold-start: score vs population baseline (confidence ramping)
SES_0004995,USR_0000,user,2026-01-06 16:46:20,39,0.1011941800809059,0.746,normal,Cold-start: score vs population baseline (confidence ramping)
SES_0005027,USR_0000,user,2026-01-06 17:16:08,40,0.2516870217397907,0.76,normal,Cold-start: score vs population baseline (confidence ramping)
SES_0005028,USR_0000,user,2026-01-06 17:16:41,41,0.1219534518159494,0.774,normal,Cold-start: score vs population baseline (confidence ramping)
SES_0005034,USR_0000,user,2026-01-06 17:24:49,42,0.2428184544754383,0.788,normal,Cold-start: score vs population baseline (confidence ramping)
SES_0005056,USR_0000,user,2026-01-06 17:50:00,43,0.0984383526501221,0.802,normal,Cold-start: score vs population baseline (confidence ramping)
SES_0005309,USR_0000,user,2026-01-07 07:05:27,44,0.1134257559926474,0.8160000000000001,normal,Cold-start: score vs population baseline (confidence ramping)
SES_0005356,USR_0000,user,2026-01-07 07:49:24,45,0.2512446303051516,0.8300000000000001,normal,Cold-start: score vs population baseline (confidence ramping)
SES_0005406,USR_0000,user,2026-01-07 08:03:13,46,0.1305169314572639,0.8440000000000001,normal,Cold-start: score vs population baseline (confidence ramping)
SES_0005702,USR_0000,user,2026-01-07 13:17:07,47,0.1383244307133951,0.8579999999999999,normal,Cold-start: score vs population baseline (confidence ramping)
SES_0005710,USR_0000,user,2026-01-07 13:29:10,48,0.113779507756426,0.8719999999999999,normal,Cold-start: score vs population baseline (confidence ramping)
SES_0005724,USR_0000,user,2026-01-07 13:46:44,49,0.1057287837699406,0.8859999999999999,normal,Cold-start: score vs population baseline (confidence ramping)
SES_0005729,USR_0000,user,2026-01-07 13:52:11,50,0.1431653255322151,0.8999999999999999,normal,Cold-start: score vs population baseline (confidence ramping)
SES_0000004,USR_0001,user,2026-01-01 06:08:32,1,0.3897589245586745,0.21400000000000002,normal,Cold-start: score vs population baseline (confidence ramping)
SES_0000433,USR_0001,user,2026-01-01 13:25:23,2,0.1888926274136387,0.228,normal,Cold-start: score vs population baseline (confidence ramping)
SES_0000449,USR_0001,user,2026-01-01 13:45:42,3,0.0785201371231666,0.242,normal,Cold-start: score vs population baseline (confidence ramping)
SES_0000521,USR_0001,user,2026-01-01 14:59:31,4,0.1078796267101374,0.256,normal,Cold-start: score vs population baseline (confidence ramping)
SES_0000565,USR_0001,user,2026-01-01 15:56:51,5,0.1245533579804291,0.27,normal,Cold-start: score vs population baseline (confidence ramping)
SES_0000802,USR_0001,user,2026-01-01 20:06:27,6,0.1328730825231576,0.28400000000000003,normal,Cold-start: score vs population baseline (confidence ramping)
SES_0000813,USR_0001,user,2026-01-01 20:18:17,7,0.086208787637112,0.29800000000000004,normal,Cold-start: score vs population baseline (confidence ramping)
SES_0000823,USR_0001,user,2026-01-01 20:30:35,8,0.2105710888234915,0.312,normal,Cold-start: score vs population baseline (confidence ramping)
SES_0000916,USR_0001,user,2026-01-02 06:10:12,9,0.2146899294058421,0.326,normal,Cold-start: score vs population baseline (confidence ramping)
SES_0000920,USR_0001,user,2026-01-02 06:19:28,10,0.1652637760867122,0.33999999999999997,normal,Cold-start: score vs population baseline (confidence ramping)
SES_0001270,USR_0001,user,2026-01-02 13:02:09,11,0.0736945772129011,0.354,normal,Cold-start: score vs population baseline (confidence ramping)
SES_0001271,USR_0001,user,2026-01-02 13:03:56,12,0.0817292010780267,0.368,normal,Cold-start: score vs population baseline (confidence ramping)
SES_0001319,USR_0001,user,2026-01-02 13:55:21,13,0.0766694185596403,0.382,normal,Cold-start: score vs population baseline (confidence ramping)
SES_0001336,USR_0001,user,2026-01-02 14:10:56,14,0.0672367223702823,0.396,normal,Cold-start: score vs population baseline (confidence ramping)
SES_0001379,USR_0001,user,2026-01-02 15:12:05,15,0.2009786193206831,0.41000000000000003,normal,Cold-start: score vs population baseline (confidence ramping)
SES_0001720,USR_0001,user,2026-01-03 06:24:48,16,0.2200237089128411,0.424,normal,Cold-start: score vs population baseline (confidence ramping)
SES_0002127,USR_0001,user,2026-01-03 13:08:01,17,0.1196231191841855,0.438,normal,Cold-start: score vs population baseline (confidence ramping)
SES_0002130,USR_0001,user,2026-01-03 13:10:36,18,0.1598721169148672,0.452,normal,Cold-start: score vs population baseline (confidence ramping)
SES_0002131,USR_0001,user,2026-01-03 13:10:42,19,0.100524501368635,0.46599999999999997,normal,Cold-start: score vs population baseline (confidence ramping)
SES_0002208,USR_0001,user,2026-01-03 14:54:09,20,0.0973956172265676,0.48,normal,Cold-start: score vs population baseline (confidence ramping)
SES_0002266,USR_0001,user,2026-01-03 15:54:14,21,0.1157882524259082,0.494,normal,Cold-start: score vs population baseline (confidence ramping)
SES_0002515,USR_0001,user,2026-01-03 20:42:58,22,0.1243156847469373,0.508,normal,Cold-start: score vs population baseline (confidence ramping)
SES_0003035,USR_0001,user,2026-01-04 13:18:22,23,0.1243741980178165,0.522,normal,Cold-start: score vs population baseline (confidence ramping)
SES_0003042,USR_0001,user,2026-01-04 13:27:23,24,0.1313180294506409,0.536,normal,Cold-start: score vs population baseline (confidence ramping)
SES_0003056,USR_0001,user,2026-01-04 13:48:01,25,0.1380250917408569,0.55,normal,Cold-start: score vs population baseline (confidence ramping)
SES_0003097,USR_0001,user,2026-01-04 14:36:27,26,0.1896959933474657,0.5640000000000001,normal,Cold-start: score vs population baseline (confidence ramping)
SES_0003133,USR_0001,user,2026-01-04 15:15:08,27,0.1541085431997709,0.5780000000000001,normal,Cold-start: score vs population baseline (confidence ramping)
SES_0003148,USR_0001,user,2026-01-04 15:29:15,28,0.1384444082411959,0.5920000000000001,normal,Cold-start: score vs population baseline (confidence ramping)
SES_0003419,USR_0001,user,2026-01-04 20:49:25,29,0.2368915733214525,0.606,normal,Cold-start: score vs population baseline (confidence ramping)
SES_0003515,USR_0001,user,2026-01-05 06:32:19,30,0.2260212833404396,0.62,normal,Cold-start: score vs population baseline (confidence ramping)
SES_0003520,USR_0001,user,2026-01-05 06:38:44,31,0.2137020722526697,0.634,normal,Cold-start: score vs population baseline (confidence ramping)
SES_0003535,USR_0001,user,2026-01-05 06:58:03,32,0.270679205807445,0.6479999999999999,normal,Cold-start: score vs population baseline (confidence ramping)
SES_0003901,USR_0001,user,2026-01-05 13:29:02,33,0.1299175415249033,0.6619999999999999,normal,Cold-start: score vs population baseline (confidence ramping)
SES_0003949,USR_0001,user,2026-01-05 14:09:16,34,0.1006822800735198,0.6759999999999999,normal,Cold-start: score vs population baseline (confidence ramping)
SES_0004397,USR_0001,user,2026-01-06 06:17:09,35,0.209347179588621,0.69,normal,Cold-start: score vs population baseline (confidence ramping)
SES_0004419,USR_0001,user,2026-01-06 06:49:50,36,0.1878272320874531,0.704,normal,Cold-start: score vs population baseline (confidence ramping)
SES_0004813,USR_0001,user,2026-01-06 13:30:48,37,0.0806722309250014,0.718,normal,Cold-start: score vs population baseline (confidence ramping)
SES_0004832,USR_0001,user,2026-01-06 13:50:10,38,0.0935030924283765,0.732,normal,Cold-start: score vs population baseline (confidence ramping)
SES_0004902,USR_0001,user,2026-01-06 15:05:42,39,0.0645187702454185,0.746,normal,Cold-start: score vs population baseline (confidence ramping)
SES_0004923,USR_0001,user,2026-01-06 15:27:17,40,0.0732506884017389,0.76,normal,Cold-start: score vs population baseline (confidence ramping)
SES_0004925,USR_0001,user,2026-01-06 15:30:24,41,0.0645415888886843,0.774,normal,Cold-start: score vs population baseline (confidence ramping)
SES_0005193,USR_0001,user,2026-01-06 20:35:18,42,0.0825181183964231,0.788,normal,Cold-start: score vs population baseline (confidence ramping)
SES_0005203,USR_0001,user,2026-01-06 20:49:16,43,0.158569986509348,0.802,normal,Cold-start: score vs population baseline (confidence ramping)
SES_0005204,USR_0001,user,2026-01-06 20:50:44,44,0.0946773103265389,0.8160000000000001,normal,Cold-start: score vs population baseline (confidence ramping)
SES_0005271,USR_0001,user,2026-01-07 06:14:07,45,0.1938358051246052,0.8300000000000001,normal,Cold-start: score vs population baseline (confidence ramping)
SES_0005698,USR_0001,user,2026-01-07 13:14:54,46,0.0992671646108958,0.8440000000000001,normal,Cold-start: score vs population baseline (confidence ramping)
SES_0005804,USR_0001,user,2026-01-07 15:10:54,47,0.0897809241556599,0.8579999999999999,normal,Cold-start: score vs population baseline (confidence ramping)
SES_0005808,USR_0001,user,2026-01-07 15:14:59,48,0.3918105766162062,0.8719999999999999,normal,Cold-start: score vs population baseline (confidence ramping)
SES_0005822,USR_0001,user,2026-01-07 15:32:02,49,0.0679571715657776,0.8859999999999999,normal,Cold-start: score vs population baseline (confidence ramping)
SES_0006058,USR_0001,user,2026-01-07 20:15:33,50,0.0708168762340311,0.8999999999999999,normal,Cold-start: score vs population baseline (confidence ramping)
SES_0000323,USR_0002,user,2026-01-01 11:34:46,1,0.3842347914993951,0.21400000000000002,normal,Cold-start: score vs population baseline (confidence ramping)
SES_0000331,USR_0002,user,2026-01-01 11:44:02,2,0.399639409643682,0.228,normal,Cold-start: score vs population baseline (confidence ramping)
SES_0000336,USR_0002,user,2026-01-01 11:47:47,3,0.2929070013545541,0.242,normal,Cold-start: score vs population baseline (confidence ramping)
SES_0000397,USR_0002,user,2026-01-01 12:48:30,4,0.0942811202990226,0.256,normal,Cold-start: score vs population baseline (confidence ramping)
SES_0000405,USR_0002,user,2026-01-01 12:52:22,5,0.117865946946416,0.27,normal,Cold-start: score vs population baseline (confidence ramping)
SES_0000683,USR_0002,user,2026-01-01 17:50:03,6,0.0806285301813733,0.28400000000000003,normal,Cold-start: score vs population baseline (confidence ramping)
SES_0000854,USR_0002,user,2026-01-01 21:03:49,7,0.2514179864714569,0.29800000000000004,normal,Cold-start: score vs population baseline (confidence ramping)
SES_0000880,USR_0002,user,2026-01-01 21:33:28,8,0.2963667311842465,0.312,normal,Cold-start: score vs population baseline (confidence ramping)
SES_0001177,USR_0002,user,2026-01-02 11:16:23,9,0.1006752375612886,0.326,normal,Cold-start: score vs population baseline (confidence ramping)
SES_0001186,USR_0002,user,2026-01-02 11:29:13,10,0.1890286164042995,0.33999999999999997,normal,Cold-start: score vs population baseline (confidence ramping)
SES_0001191,USR_0002,user,2026-01-02 11:33:17,11,0.0346332147689822,0.354,normal,Cold-start: score vs population baseline (confidence ramping)
SES_0001197,USR_0002,user,2026-01-02 11:37:07,12,0.0642282415541016,0.368,normal,Cold-start: score vs population baseline (confidence ramping)
SES_0001227,USR_0002,user,2026-01-02 12:11:01,13,0.0825669469358864,0.382,normal,Cold-start: score vs population baseline (confidence ramping)
SES_0001230,USR_0002,user,2026-01-02 12:15:47,14,0.0849213954322796,0.396,normal,Cold-start: score vs population baseline (confidence ramping)
SES_0001461,USR_0002,user,2026-01-02 17:01:28,15,0.0350807538885803,0.41000000000000003,normal,Cold-start: score vs population baseline (confidence ramping)
SES_0001488,USR_0002,user,2026-01-02 17:29:13,16,0.05850349664647,0.424,normal,Cold-start: score vs population baseline (confidence ramping)
SES_0001685,USR_0002,user,2026-01-02 21:31:59,17,0.1575254516734439,0.438,normal,Cold-start: score vs population baseline (confidence ramping)
SES_0001699,USR_0002,user,2026-01-02 21:53:40,18,0.153750581080082,0.452,normal,Cold-start: score vs population baseline (confidence ramping)
SES_0002014,USR_0002,user,2026-01-03 11:00:50,19,0.0767382735957727,0.46599999999999997,normal,Cold-start: score vs population baseline (confidence ramping)
SES_0002034,USR_0002,user,2026-01-03 11:21:57,20,0.2341804443521717,0.48,normal,Cold-start: score vs population baseline (confidence ramping)
SES_0002046,USR_0002,user,2026-01-03 11:42:03,21,0.0550602684722695,0.494,normal,Cold-start: score vs population baseline (confidence ramping)
SES_0002047,USR_0002,user,2026-01-03 11:42:45,22,0.082238790355486,0.508,normal,Cold-start: score vs population baseline (confidence ramping)
SES_0002369,USR_0002,user,2026-01-03 17:35:17,23,0.1119863256960834,0.522,normal,Cold-start: score vs population baseline (confidence ramping)
SES_0002537,USR_0002,user,2026-01-03 21:07:47,24,0.1622908570953464,0.536,normal,Cold-start: score vs population baseline (confidence ramping)
SES_0002554,USR_0002,user,2026-01-03 21:21:53,25,0.2525382383177061,0.55,normal,Cold-start: score vs population baseline (confidence ramping)
SES_0002574,USR_0002,user,2026-01-03 21:44:50,26,0.1704780193428216,0.5640000000000001,normal,Cold-start: score vs population baseline (confidence ramping)
SES_0002896,USR_0002,user,2026-01-04 11:04:09,27,0.1020840761251163,0.5780000000000001,normal,Cold-start: score vs population baseline (confidence ramping)
SES_0003001,USR_0002,user,2026-01-04 12:49:43,28,0.080797398809066,0.5920000000000001,normal,Cold-start: score vs population baseline (confidence ramping)
SES_0003245,USR_0002,user,2026-01-04 17:13:05,29,0.0925314612668837,0.606,normal,Cold-start: score vs population baseline (confidence ramping)
SES_0003781,USR_0002,user,2026-01-05 11:15:39,30,0.0699736694720567,0.62,normal,Cold-start: score vs population baseline (confidence ramping)
SES_0003783,USR_0002,user,2026-01-05 11:16:27,31,0.2553005663196835,0.634,normal,Cold-start: score vs population baseline (confidence ramping)
SES_0003789,USR_0002,user,2026-01-05 11:21:35,32,0.0434102211370569,0.6479999999999999,normal,Cold-start: score vs population baseline (confidence ramping)
SES_0003801,USR_0002,user,2026-01-05 11:35:50,33,0.3125912590375604,0.6619999999999999,normal,Cold-start: score vs population baseline (confidence ramping)
SES_0003810,USR_0002,user,2026-01-05 11:42:36,34,0.2944392129746747,0.6759999999999999,normal,Cold-start: score vs population baseline (confidence ramping)
SES_0003822,USR_0002,user,2026-01-05 11:56:39,35,0.1134299579122985,0.69,normal,Cold-start: score vs population baseline (confidence ramping)
SES_0003831,USR_0002,user,2026-01-05 12:08:43,36,0.132346493245173,0.704,normal,Cold-start: score vs population baseline (confidence ramping)
SES_0003836,USR_0002,user,2026-01-05 12:15:30,37,0.1033944408200181,0.718,normal,Cold-start: score vs population baseline (confidence ramping)
SES_0004174,USR_0002,user,2026-01-05 17:54:59,38,0.1543598623593373,0.732,normal,Cold-start: score vs population baseline (confidence ramping)
SES_0004322,USR_0002,user,2026-01-05 21:00:17,39,0.2321814956518363,0.746,normal,Cold-start: score vs population baseline (confidence ramping)
SES_0004356,USR_0002,user,2026-01-05 21:33:00,40,0.1951896820725671,0.76,normal,Cold-start: score vs population baseline (confidence ramping)
SES_0004367,USR_0002,user,2026-01-05 21:41:21,41,0.2048711487011904,0.774,normal,Cold-start: score vs population baseline (confidence ramping)
SES_0004756,USR_0002,user,2026-01-06 12:22:57,42,0.1195914930153844,0.788,normal,Cold-start: score vs population baseline (confidence ramping)
SES_0005066,USR_0002,user,2026-01-06 17:58:52,43,0.0571732476073098,0.802,normal,Cold-start: score vs population baseline (confidence ramping)
SES_0005219,USR_0002,user,2026-01-06 21:16:04,44,0.1591423038784633,0.8160000000000001,normal,Cold-start: score vs population baseline (confidence ramping)
SES_0005220,USR_0002,user,2026-01-06 21:16:16,45,0.3148901415475199,0.8300000000000001,normal,Cold-start: score vs population baseline (confidence ramping)
SES_0005225,USR_0002,user,2026-01-06 21:19:20,46,0.1520854305391668,0.8440000000000001,normal,Cold-start: score vs population baseline (confidence ramping)
SES_0005244,USR_0002,user,2026-01-06 21:40:33,47,0.3179059339286421,0.8579999999999999,normal,Cold-start: score vs population baseline (confidence ramping)
SES_0005251,USR_0002,user,2026-01-06 21:52:31,48,0.2417496049046523,0.8719999999999999,normal,Cold-start: score vs population baseline (confidence ramping)
SES_0005589,USR_0002,user,2026-01-07 11:11:04,49,0.0303943889120919,0.8859999999999999,normal,Cold-start: score vs population baseline (confidence ramping)
SES_0005590,USR_0002,user,2026-01-07 11:11:32,50,0.0373308908574959,0.8999999999999999,normal,Cold-start: score vs population baseline (confidence ramping)
SES_0000295,USR_0003,user,2026-01-01 11:12:05,1,0.3173600364745476,0.21400000000000002,normal,Cold-start: score vs population baseline (confidence ramping)
SES_0000645,USR_0003,user,2026-01-01 17:23:53,2,0.1968480179148226,0.228,normal,Cold-start: score vs population baseline (confidence ramping)
SES_0000652,USR_0003,user,2026-01-01 17:26:49,3,0.2378416844202302,0.242,normal,Cold-start: score vs population baseline (confidence ramping)
SES_0000669,USR_0003,user,2026-01-01 17:41:54,4,0.0744496549529676,0.256,normal,Cold-start: score vs population baseline (confidence ramping)
SES_0000790,USR_0003,user,2026-01-01 19:56:02,5,0.1256839419706771,0.27,normal,Cold-start: score vs population baseline (confidence ramping)
SES_0000792,USR_0003,user,2026-01-01 19:58:30,6,0.3582636968625511,0.28400000000000003,normal,Cold-start: score vs population baseline (confidence ramping)
SES_0001385,USR_0003,user,2026-01-02 15:24:19,7,0.144213842615742,0.29800000000000004,normal,Cold-start: score vs population baseline (confidence ramping)
SES_0001405,USR_0003,user,2026-01-02 15:47:25,8,0.0832159146048958,0.312,normal,Cold-start: score vs population baseline (confidence ramping)
SES_0001474,USR_0003,user,2026-01-02 17:20:07,9,0.0589817809088683,0.326,normal,Cold-start: score vs population baseline (confidence ramping)
SES_0001499,USR_0003,user,2026-01-02 17:44:41,10,0.2580722856195055,0.33999999999999997,normal,Cold-start: score vs population baseline (confidence ramping)
SES_0002036,USR_0003,user,2026-01-03 11:23:03,11,0.1538810398886793,0.354,normal,Cold-start: score vs population baseline (confidence ramping)
SES_0002252,USR_0003,user,2026-01-03 15:40:40,12,0.1590533259773876,0.368,normal,Cold-start: score vs population baseline (confidence ramping)
SES_0002267,USR_0003,user,2026-01-03 15:55:08,13,0.1248822784039716,0.382,normal,Cold-start: score vs population baseline (confidence ramping)
SES_0002268,USR_0003,user,2026-01-03 15:55:18,14,0.1136227932582121,0.396,normal,Cold-start: score vs population baseline (confidence ramping)
SES_0002443,USR_0003,user,2026-01-03 19:10:15,15,0.1323753181744444,0.41000000000000003,normal,Cold-start: score vs population baseline (confidence ramping)
SES_0002929,USR_0003,user,2026-01-04 11:35:36,16,0.1352959493141213,0.424,normal,Cold-start: score vs population baseline (confidence ramping)
SES_0002930,USR_0003,user,2026-01-04 11:35:49,17,0.157261644941162,0.438,normal,Cold-start: score vs population baseline (confidence ramping)
SES_0002935,USR_0003,user,2026-01-04 11:41:34,18,0.1088564461792217,0.452,normal,Cold-start: score vs population baseline (confidence ramping)
SES_0002948,USR_0003,user,2026-01-04 11:54:00,19,0.2169869394413859,0.46599999999999997,normal,Cold-start: score vs population baseline (confidence ramping)
SES_0002954,USR_0003,user,2026-01-04 11:56:19,20,0.105641848111598,0.48,normal,Cold-start: score vs population baseline (confidence ramping)
SES_0003155,USR_0003,user,2026-01-04 15:36:41,21,0.0896081362656664,0.494,normal,Cold-start: score vs population baseline (confidence ramping)
SES_0003178,USR_0003,user,2026-01-04 15:51:37,22,0.1081612836606604,0.508,normal,Cold-start: score vs population baseline (confidence ramping)
SES_0003246,USR_0003,user,2026-01-04 17:13:24,23,0.0934460971349535,0.522,normal,Cold-start: score vs population baseline (confidence ramping)
SES_0003263,USR_0003,user,2026-01-04 17:37:00,24,0.1185505659081562,0.536,normal,Cold-start: score vs population baseline (confidence ramping)
SES_0004032,USR_0003,user,2026-01-05 15:30:13,25,0.0677406247254595,0.55,normal,Cold-start: score vs population baseline (confidence ramping)
SES_0004143,USR_0003,user,2026-01-05 17:20:52,26,0.0717020214057491,0.5640000000000001,normal,Cold-start: score vs population baseline (confidence ramping)
SES_0004157,USR_0003,user,2026-01-05 17:31:55,27,0.063676907998044,0.5780000000000001,normal,Cold-start: score vs population baseline (confidence ramping)
SES_0004237,USR_0003,user,2026-01-05 19:13:48,28,0.1042128738451151,0.5920000000000001,normal,Cold-start: score vs population baseline (confidence ramping)
SES_0004240,USR_0003,user,2026-01-05 19:20:00,29,0.0781772575638765,0.606,normal,Cold-start: score vs population baseline (confidence ramping)
SES_0004698,USR_0003,user,2026-01-06 11:01:18,30,0.0563435320760274,0.62,normal,Cold-start: score vs population baseline (confidence ramping)
SES_0004704,USR_0003,user,2026-01-06 11:05:38,31,0.156375282242766,0.634,normal,Cold-start: score vs population baseline (confidence ramping)
SES_0004711,USR_0003,user,2026-01-06 11:21:03,32,0.0843051397708572,0.6479999999999999,normal,Cold-start: score vs population baseline (confidence ramping)
SES_0004920,USR_0003,user,2026-01-06 15:24:02,33,0.0865794482265898,0.6619999999999999,normal,Cold-start: score vs population baseline (confidence ramping)
SES_0005018,USR_0003,user,2026-01-06 17:05:30,34,0.1593068250859542,0.6759999999999999,normal,Cold-start: score vs population baseline (confidence ramping)
SES_0005019,USR_0003,user,2026-01-06 17:05:57,35,0.059985121313115,0.69,normal,Cold-start: score vs population baseline (confidence ramping)
SES_0005061,USR_0003,user,2026-01-06 17:52:32,36,0.030605137641865,0.704,normal,Cold-start: score vs population baseline (confidence ramping)
SES_0005062,USR_0003,user,2026-01-06 17:54:09,37,0.0647000649350573,0.718,normal,Cold-start: score vs population baseline (confidence ramping)
SES_0005143,USR_0003,user,2026-01-06 19:30:23,38,0.0622003696411967,0.732,normal,Cold-start: score vs population baseline (confidence ramping)
SES_0005637,USR_0003,user,2026-01-07 11:57:54,39,0.0563061830572603,0.746,normal,Cold-start: score vs population baseline (confidence ramping)
SES_0005829,USR_0003,user,2026-01-07 15:40:22,40,0.0649796535177715,0.76,normal,Cold-start: score vs population baseline (confidence ramping)
SES_0005832,USR_0003,user,2026-01-07 15:45:32,41,0.0729464346788978,0.774,normal,Cold-start: score vs population baseline (confidence ramping)
SES_0005928,USR_0003,user,2026-01-07 17:32:10,42,0.113869197256442,0.788,normal,Cold-start: score vs population baseline (confidence ramping)
SES_0006022,USR_0003,user,2026-01-07 19:24:20,43,0.0584760004546369,0.802,normal,Cold-start: score vs population baseline (confidence ramping)
SES_0006028,USR_0003,user,2026-01-07 19:32:09,44,0.0739474557560814,0.8160000000000001,normal,Cold-start: score vs population baseline (confidence ramping)
SES_0006467,USR_0003,user,2026-01-08 11:12:57,45,0.1071499581249959,0.8300000000000001,normal,Cold-start: score vs population baseline (confidence ramping)
SES_0006496,USR_0003,user,2026-01-08 11:37:07,46,0.2504135988194727,0.8440000000000001,normal,Cold-start: score vs population baseline (confidence ramping)
SES_0006516,USR_0003,user,2026-01-08 11:55:39,47,0.0759299057430879,0.8579999999999999,normal,Cold-start: score vs population baseline (confidence ramping)
SES_0006694,USR_0003,user,2026-01-08 15:29:46,48,0.1094038621717058,0.8719999999999999,normal,Cold-start: score vs population baseline (confidence ramping)
SES_0006703,USR_0003,user,2026-01-08 15:40:00,49,0.0796568991064973,0.8859999999999999,normal,Cold-start: score vs population baseline (confidence ramping)
SES_0006718,USR_0003,user,2026-01-08 15:50:11,50,0.0314805890860871,0.8999999999999999,normal,Cold-start: score vs population baseline (confidence ramping)
SES_0000524,USR_0004,user,2026-01-01 15:01:48,1,0.3083289226903998,0.21400000000000002,normal,Cold-start: score vs population baseline (confidence ramping)
SES_0000532,USR_0004,user,2026-01-01 15:12:17,2,0.323492107786361,0.228,normal,Cold-start: score vs population baseline (confidence ramping)
SES_0000551,USR_0004,user,2026-01-01 15:35:02,3,0.1290399818915343,0.242,normal,Cold-start: score vs population baseline (confidence ramping)
SES_0000564,USR_0004,user,2026-01-01 15:56:07,4,0.1972190129401524,0.256,normal,Cold-start: score vs population baseline (confidence ramping)
SES_0000611,USR_0004,user,2026-01-01 16:51:53,5,0.0928026716874858,0.27,normal,Cold-start: score vs population baseline (confidence ramping)
SES_0000885,USR_0004,user,2026-01-01 21:40:00,6,0.1599306694334733,0.28400000000000003,normal,Cold-start: score vs population baseline (confidence ramping)
SES_0001440,USR_0004,user,2026-01-02 16:34:53,7,0.1199308861712843,0.29800000000000004,normal,Cold-start: score vs population baseline (confidence ramping)
SES_0001567,USR_0004,user,2026-01-02 19:07:45,8,0.2149735957086042,0.312,normal,Cold-start: score vs population baseline (confidence ramping)
SES_0001593,USR_0004,user,2026-01-02 19:34:40,9,0.1400110939378506,0.326,normal,Cold-start: score vs population baseline (confidence ramping)
SES_0001679,USR_0004,user,2026-01-02 21:28:27,10,0.2782764077815599,0.33999999999999997,normal,Cold-start: score vs population baseline (confidence ramping)
SES_0001680,USR_0004,user,2026-01-02 21:28:40,11,0.1297958711411838,0.354,normal,Cold-start: score vs population baseline (confidence ramping)
SES_0001684,USR_0004,user,2026-01-02 21:31:14,12,0.4183164397080394,0.368,normal,Cold-start: score vs population baseline (confidence ramping)
SES_0002254,USR_0004,user,2026-01-03 15:42:42,13,0.0954907048934674,0.382,normal,Cold-start: score vs population baseline (confidence ramping)
SES_0002283,USR_0004,user,2026-01-03 16:06:49,14,0.0718262338585398,0.396,normal,Cold-start: score vs population baseline (confidence ramping)
SES_0002297,USR_0004,user,2026-01-03 16:20:38,15,0.0679474960535618,0.41000000000000003,normal,Cold-start: score vs population baseline (confidence ramping)
SES_0002326,USR_0004,user,2026-01-03 16:51:22,16,0.0667313673057307,0.424,normal,Cold-start: score vs population baseline (confidence ramping)
SES_0002448,USR_0004,user,2026-01-03 19:14:12,17,0.2948009010605656,0.438,normal,Cold-start: score vs population baseline (confidence ramping)
SES_0002557,USR_0004,user,2026-01-03 21:23:50,18,0.2713383441670455,0.452,normal,Cold-start: score vs population baseline (confidence ramping)
SES_0002571,USR_0004,user,2026-01-03 21:44:18,19,0.1722969908115246,0.46599999999999997,normal,Cold-start: score vs population baseline (confidence ramping)
SES_0003125,USR_0004,user,2026-01-04 15:10:53,20,0.1041350242081813,0.48,normal,Cold-start: score vs population baseline (confidence ramping)
SES_0003177,USR_0004,user,2026-01-04 15:50:38,21,0.0627953375038346,0.494,normal,Cold-start: score vs population baseline (confidence ramping)
SES_0003335,USR_0004,user,2026-01-04 19:06:43,22,0.0752559755526219,0.508,normal,Cold-start: score vs population baseline (confidence ramping)
SES_0003338,USR_0004,user,2026-01-04 19:09:07,23,0.081336026623655,0.522,normal,Cold-start: score vs population baseline (confidence ramping)
SES_0003345,USR_0004,user,2026-01-04 19:13:46,24,0.0734257349775479,0.536,normal,Cold-start: score vs population baseline (confidence ramping)
SES_0003357,USR_0004,user,2026-01-04 19:21:35,25,0.0829996575219746,0.55,normal,Cold-start: score vs population baseline (confidence ramping)
SES_0003375,USR_0004,user,2026-01-04 19:49:30,26,0.0792169766095702,0.5640000000000001,normal,Cold-start: score vs population baseline (confidence ramping)
SES_0003438,USR_0004,user,2026-01-04 21:11:22,27,0.1702704121853353,0.5780000000000001,normal,Cold-start: score vs population baseline (confidence ramping)
SES_0003444,USR_0004,user,2026-01-04 21:17:01,28,0.1905040142165906,0.5920000000000001,normal,Cold-start: score vs population baseline (confidence ramping)
SES_0004056,USR_0004,user,2026-01-05 15:57:18,29,0.045158782932342,0.606,normal,Cold-start: score vs population baseline (confidence ramping)
SES_0004085,USR_0004,user,2026-01-05 16:19:03,30,0.0658016320594944,0.62,normal,Cold-start: score vs population baseline (confidence ramping)
SES_0004105,USR_0004,user,2026-01-05 16:42:55,31,0.0732108999134274,0.634,normal,Cold-start: score vs population baseline (confidence ramping)
SES_0004247,USR_0004,user,2026-01-05 19:24:07,32,0.0685432866480732,0.6479999999999999,normal,Cold-start: score vs population baseline (confidence ramping)
SES_0004258,USR_0004,user,2026-01-05 19:38:19,33,0.074329740622065,0.6619999999999999,normal,Cold-start: score vs population baseline (confidence ramping)
SES_0004347,USR_0004,user,2026-01-05 21:26:27,34,0.1812406860761695,0.6759999999999999,normal,Cold-start: score vs population baseline (confidence ramping)
SES_0004357,USR_0004,user,2026-01-05 21:34:15,35,0.1648340734852752,0.69,normal,Cold-start: score vs population baseline (confidence ramping)
SES_0004361,USR_0004,user,2026-01-05 21:35:33,36,0.1712023636086335,0.704,normal,Cold-start: score vs population baseline (confidence ramping)
SES_0004365,USR_0004,user,2026-01-05 21:40:04,37,0.1459533512225771,0.718,normal,Cold-start: score vs population baseline (confidence ramping)
SES_0004379,USR_0004,user,2026-01-05 21:53:24,38,0.1613326565581497,0.732,normal,Cold-start: score vs population baseline (confidence ramping)
SES_0004943,USR_0004,user,2026-01-06 15:52:08,39,0.0556606830781816,0.746,normal,Cold-start: score vs population baseline (confidence ramping)
SES_0005138,USR_0004,user,2026-01-06 19:22:29,40,0.0863239169361589,0.76,normal,Cold-start: score vs population baseline (confidence ramping)
SES_0005243,USR_0004,user,2026-01-06 21:40:03,41,0.1679943865793069,0.774,normal,Cold-start: score vs population baseline (confidence ramping)
SES_0005817,USR_0004,user,2026-01-07 15:25:35,42,0.06835041420491,0.788,normal,Cold-start: score vs population baseline (confidence ramping)
SES_0005824,USR_0004,user,2026-01-07 15:36:32,43,0.0285626890540809,0.802,normal,Cold-start: score vs population baseline (confidence ramping)
SES_0005849,USR_0004,user,2026-01-07 15:55:11,44,0.1860222505495961,0.8160000000000001,normal,Cold-start: score vs population baseline (confidence ramping)
SES_0006012,USR_0004,user,2026-01-07 19:17:14,45,0.0677785828936542,0.8300000000000001,normal,Cold-start: score vs population baseline (confidence ramping)
SES_0006092,USR_0004,user,2026-01-07 21:00:37,46,0.1223129789063246,0.8440000000000001,normal,Cold-start: score vs population baseline (confidence ramping)
SES_0006119,USR_0004,user,2026-01-07 21:23:31,47,0.2586483100719374,0.8579999999999999,normal,Cold-start: score vs population baseline (confidence ramping)
SES_0006136,USR_0004,user,2026-01-07 21:45:34,48,0.1995281425584578,0.8719999999999999,normal,Cold-start: score vs population baseline (confidence ramping)
SES_0006738,USR_0004,user,2026-01-08 16:12:50,49,0.1533391388021397,0.8859999999999999,normal,Cold-start: score vs population baseline (confidence ramping)
SES_0006746,USR_0004,user,2026-01-08 16:18:47,50,0.0376367110283304,0.8999999999999999,normal,Cold-start: score vs population baseline (confidence ramping)
SES_0000082,USR_0005,user,2026-01-01 07:24:42,1,0.3382734467563231,0.21400000000000002,normal,Cold-start: score vs population baseline (confidence ramping)
SES_0000102,USR_0005,user,2026-01-01 07:46:08,2,0.1728920224387689,0.228,normal,Cold-start: score vs population baseline (confidence ramping)
SES_0000162,USR_0005,user,2026-01-01 08:47:32,3,0.4008340309057162,0.242,normal,Cold-start: score vs population baseline (confidence ramping)
SES_0000194,USR_0005,user,2026-01-01 09:24:23,4,0.2439630356958455,0.256,normal,Cold-start: score vs population baseline (confidence ramping)
SES_0000756,USR_0005,user,2026-01-01 19:17:17,5,0.2382354922094704,0.27,normal,Cold-start: score vs population baseline (confidence ramping)
SES_0000767,USR_0005,user,2026-01-01 19:29:03,6,0.196037938497149,0.28400000000000003,normal,Cold-start: score vs population baseline (confidence ramping)
SES_0000774,USR_0005,user,2026-01-01 19:35:26,7,0.1764915443055106,0.29800000000000004,normal,Cold-start: score vs population baseline (confidence ramping)
SES_0000787,USR_0005,user,2026-01-01 19:49:44,8,0.1606657734856643,0.312,normal,Cold-start: score vs population baseline (confidence ramping)
SES_0001068,USR_0005,user,2026-01-02 08:52:53,9,0.1708016073337744,0.326,normal,Cold-start: score vs population baseline (confidence ramping)
SES_0001107,USR_0005,user,2026-01-02 09:36:21,10,0.2319539972861801,0.33999999999999997,normal,Cold-start: score vs population baseline (confidence ramping)
SES_0001225,USR_0005,user,2026-01-02 12:09:40,11,0.1180205112719045,0.354,normal,Cold-start: score vs population baseline (confidence ramping)
SES_0001607,USR_0005,user,2026-01-02 19:59:07,12,0.1077715538723992,0.368,normal,Cold-start: score vs population baseline (confidence ramping)
SES_0001761,USR_0005,user,2026-01-03 07:05:33,13,0.2234649959670263,0.382,normal,Cold-start: score vs population baseline (confidence ramping)
SES_0001796,USR_0005,user,2026-01-03 07:27:17,14,0.106985619296137,0.396,normal,Cold-start: score vs population baseline (confidence ramping)
SES_0001841,USR_0005,user,2026-01-03 07:55:27,15,0.2409678467982506,0.41000000000000003,normal,Cold-start: score vs population baseline (confidence ramping)
SES_0001875,USR_0005,user,2026-01-03 08:27:43,16,0.1047717433831137,0.424,normal,Cold-start: score vs population baseline (confidence ramping)
SES_0001885,USR_0005,user,2026-01-03 08:35:33,17,0.0940548070411973,0.438,normal,Cold-start: score vs population baseline (confidence ramping)
SES_0001939,USR_0005,user,2026-01-03 09:42:15,18,0.1182290553115192,0.452,normal,Cold-start: score vs population baseline (confidence ramping)
SES_0001980,USR_0005,user,2026-01-03 10:17:51,19,0.2013905121734878,0.46599999999999997,normal,Cold-start: score vs population baseline (confidence ramping)
SES_0001983,USR_0005,user,2026-01-03 10:23:30,20,0.089152105960223,0.48,normal,Cold-start: score vs population baseline (confidence ramping)
SES_0001993,USR_0005,user,2026-01-03 10:31:10,21,0.1020835077510383,0.494,normal,Cold-start: score vs population baseline (confidence ramping)
SES_0001995,USR_0005,user,2026-01-03 10:34:50,22,0.0838827136637026,0.508,normal,Cold-start: score vs population baseline (confidence ramping)
SES_0002119,USR_0005,user,2026-01-03 12:59:27,23,0.0737566465045224,0.522,normal,Cold-start: score vs population baseline (confidence ramping)
SES_0002473,USR_0005,user,2026-01-03 19:39:33,24,0.1047719004518209,0.536,normal,Cold-start: score vs population baseline (confidence ramping)
SES_0002700,USR_0005,user,2026-01-04 07:51:18,25,0.111928820628095,0.55,normal,Cold-start: score vs population baseline (confidence ramping)
SES_0002732,USR_0005,user,2026-01-04 08:16:11,26,0.1190651124441987,0.5640000000000001,normal,Cold-start: score vs population baseline (confidence ramping)
SES_0002779,USR_0005,user,2026-01-04 08:55:06,27,0.0988225310592038,0.5780000000000001,normal,Cold-start: score vs population baseline (confidence ramping)
SES_0002819,USR_0005,user,2026-01-04 09:52:07,28,0.2079829476496767,0.5920000000000001,normal,Cold-start: score vs population baseline (confidence ramping)
SES_0002967,USR_0005,user,2026-01-04 12:11:39,29,0.0872861707871157,0.606,normal,Cold-start: score vs population baseline (confidence ramping)
SES_0002970,USR_0005,user,2026-01-04 12:13:42,30,0.1292542036362609,0.62,normal,Cold-start: score vs population baseline (confidence ramping)
SES_0003544,USR_0005,user,2026-01-05 07:07:01,31,0.0759865929373646,0.634,normal,Cold-start: score vs population baseline (confidence ramping)
SES_0003553,USR_0005,user,2026-01-05 07:14:26,32,0.0617962632786375,0.6479999999999999,normal,Cold-start: score vs population baseline (confidence ramping)
SES_0003610,USR_0005,user,2026-01-05 08:25:04,33,0.0746207590860777,0.6619999999999999,normal,Cold-start: score vs population baseline (confidence ramping)
SES_0003625,USR_0005,user,2026-01-05 08:46:21,34,0.2414279767388359,0.6759999999999999,normal,Cold-start: score vs population baseline (confidence ramping)
SES_0003628,USR_0005,user,2026-01-05 08:51:40,35,0.3127265477993651,0.69,normal,Cold-start: score vs population baseline (confidence ramping)
SES_0003631,USR_0005,user,2026-01-05 08:55:59,36,0.0691709869024733,0.704,normal,Cold-start: score vs population baseline (confidence ramping)
SES_0003639,USR_0005,user,2026-01-05 09:04:44,37,0.1018613104701101,0.718,normal,Cold-start: score vs population baseline (confidence ramping)
SES_0003647,USR_0005,user,2026-01-05 09:09:04,38,0.115436754438208,0.732,normal,Cold-start: score vs population baseline (confidence ramping)
SES_0003666,USR_0005,user,2026-01-05 09:27:40,39,0.0611339993056692,0.746,normal,Cold-start: score vs population baseline (confidence ramping)
SES_0003704,USR_0005,user,2026-01-05 09:58:48,40,0.0832049754264224,0.76,normal,Cold-start: score vs population baseline (confidence ramping)
SES_0003757,USR_0005,user,2026-01-05 10:52:50,41,0.0699983004577787,0.774,normal,Cold-start: score vs population baseline (confidence ramping)
SES_0003877,USR_0005,user,2026-01-05 12:58:26,42,0.060971067168919,0.788,normal,Cold-start: score vs population baseline (confidence ramping)
SES_0004436,USR_0005,user,2026-01-06 07:06:41,43,0.0596821462442286,0.802,normal,Cold-start: score vs population baseline (confidence ramping)
SES_0004444,USR_0005,user,2026-01-06 07:13:46,44,0.0972217362881469,0.8160000000000001,normal,Cold-start: score vs population baseline (confidence ramping)
SES_0004484,USR_0005,user,2026-01-06 07:49:09,45,0.0637382445814811,0.8300000000000001,normal,Cold-start: score vs population baseline (confidence ramping)
SES_0004485,USR_0005,user,2026-01-06 07:50:15,46,0.1025913048792577,0.8440000000000001,normal,Cold-start: score vs population baseline (confidence ramping)
SES_0004531,USR_0005,user,2026-01-06 08:31:43,47,0.0607982693037256,0.8579999999999999,normal,Cold-start: score vs population baseline (confidence ramping)
SES_0004575,USR_0005,user,2026-01-06 09:16:09,48,0.1891967557524975,0.8719999999999999,normal,Cold-start: score vs population baseline (confidence ramping)
SES_0004644,USR_0005,user,2026-01-06 10:12:09,49,0.0393417105410352,0.8859999999999999,normal,Cold-start: score vs population baseline (confidence ramping)
SES_0004688,USR_0005,user,2026-01-06 10:52:46,50,0.0355447830343658,0.8999999999999999,normal,Cold-start: score vs population baseline (confidence ramping)
SES_0000225,USR_0006,user,2026-01-01 09:51:58,1,0.3182229857817058,0.21400000000000002,normal,Cold-start: score vs population baseline (confidence ramping)
SES_0000292,USR_0006,user,2026-01-01 11:09:56,2,0.1350191621857525,0.228,normal,Cold-start: score vs population baseline (confidence ramping)
SES_0000294,USR_0006,user,2026-01-01 11:12:04,3,0.1954281946242893,0.242,normal,Cold-start: score vs population baseline (confidence ramping)
SES_0000297,USR_0006,user,2026-01-01 11:13:42,4,0.0891289810005001,0.256,normal,Cold-start: score vs population baseline (confidence ramping)
SES_0000481,USR_0006,user,2026-01-01 14:14:57,5,0.1152423528838621,0.27,normal,Cold-start: score vs population baseline (confidence ramping)
SES_0000493,USR_0006,user,2026-01-01 14:29:19,6,0.1777032050276566,0.28400000000000003,normal,Cold-start: score vs population baseline (confidence ramping)
SES_0000502,USR_0006,user,2026-01-01 14:39:26,7,0.192160900898326,0.29800000000000004,normal,Cold-start: score vs population baseline (confidence ramping)
SES_0000626,USR_0006,user,2026-01-01 17:02:50,8,0.0519872823128453,0.312,normal,Cold-start: score vs population baseline (confidence ramping)
SES_0000655,USR_0006,user,2026-01-01 17:32:06,9,0.0935666200359407,0.326,normal,Cold-start: score vs population baseline (confidence ramping)
SES_0000675,USR_0006,user,2026-01-01 17:47:02,10,0.0723805199157445,0.33999999999999997,normal,Cold-start: score vs population baseline (confidence ramping)
SES_0001080,USR_0006,user,2026-01-02 09:08:10,11,0.0366157535113714,0.354,normal,Cold-start: score vs population baseline (confidence ramping)
SES_0001178,USR_0006,user,2026-01-02 11:18:02,12,0.0556522032186629,0.368,normal,Cold-start: score vs population baseline (confidence ramping)
SES_0001195,USR_0006,user,2026-01-02 11:35:44,13,0.1154357655095043,0.382,normal,Cold-start: score vs population baseline (confidence ramping)
SES_0001198,USR_0006,user,2026-01-02 11:39:41,14,0.0419045024458119,0.396,normal,Cold-start: score vs population baseline (confidence ramping)
SES_0001212,USR_0006,user,2026-01-02 11:51:27,15,0.0470349097903264,0.41000000000000003,normal,Cold-start: score vs population baseline (confidence ramping)
SES_0001217,USR_0006,user,2026-01-02 11:59:48,16,0.0296391421370935,0.424,normal,Cold-start: score vs population baseline (confidence ramping)
SES_0001343,USR_0006,user,2026-01-02 14:20:42,17,0.0230110492289675,0.438,normal,Cold-start: score vs population baseline (confidence ramping)
SES_0001352,USR_0006,user,2026-01-02 14:31:53,18,0.0288036605615052,0.452,normal,Cold-start: score vs population baseline (confidence ramping)
SES_0001364,USR_0006,user,2026-01-02 14:52:26,19,0.0563533657281515,0.46599999999999997,normal,Cold-start: score vs population baseline (confidence ramping)
SES_0001498,USR_0006,user,2026-01-02 17:41:16,20,0.0471886517621948,0.48,normal,Cold-start: score vs population baseline (confidence ramping)
SES_0001904,USR_0006,user,2026-01-03 09:04:39,21,0.1047430875537798,0.494,normal,Cold-start: score vs population baseline (confidence ramping)
SES_0002018,USR_0006,user,2026-01-03 11:04:39,22,0.110571706216713,0.508,normal,Cold-start: score vs population baseline (confidence ramping)
SES_0002059,USR_0006,user,2026-01-03 11:49:49,23,0.1342277226024524,0.522,normal,Cold-start: score vs population baseline (confidence ramping)
SES_0002173,USR_0006,user,2026-01-03 14:09:35,24,0.1231379682239317,0.536,normal,Cold-start: score vs population baseline (confidence ramping)
SES_0002204,USR_0006,user,2026-01-03 14:45:44,25,0.1220723063286445,0.55,normal,Cold-start: score vs population baseline (confidence ramping)
SES_0002205,USR_0006,user,2026-01-03 14:47:28,26,0.2172388049755187,0.5640000000000001,normal,Cold-start: score vs population baseline (confidence ramping)
SES_0003067,USR_0006,user,2026-01-04 14:03:29,27,0.0884414447291366,0.5780000000000001,normal,Cold-start: score vs population baseline (confidence ramping)
SES_0003085,USR_0006,user,2026-01-04 14:24:12,28,0.0848156296043304,0.5920000000000001,normal,Cold-start: score vs population baseline (confidence ramping)
SES_0003088,USR_0006,user,2026-01-04 14:29:23,29,0.1132307665287379,0.606,normal,Cold-start: score vs population baseline (confidence ramping)
SES_0003103,USR_0006,user,2026-01-04 14:45:39,30,0.091093427236604,0.62,normal,Cold-start: score vs population baseline (confidence ramping)
SES_0003106,USR_0006,user,2026-01-04 14:50:58,31,0.2502995349727764,0.634,normal,Cold-start: score vs population baseline (confidence ramping)
SES_0003642,USR_0006,user,2026-01-05 09:06:27,32,0.092128387416185,0.6479999999999999,normal,Cold-start: score vs population baseline (confidence ramping)
SES_0003675,USR_0006,user,2026-01-05 09:31:37,33,0.0766897386928973,0.6619999999999999,normal,Cold-start: score vs population baseline (confidence ramping)
SES_0003778,USR_0006,user,2026-01-05 11:11:34,34,0.1151638230555137,0.6759999999999999,normal,Cold-start: score vs population baseline (confidence ramping)
SES_0003825,USR_0006,user,2026-01-05 11:59:53,35,0.0739321375334872,0.69,normal,Cold-start: score vs population baseline (confidence ramping)
SES_0003962,USR_0006,user,2026-01-05 14:19:19,36,0.0609066013584521,0.704,normal,Cold-start: score vs population baseline (confidence ramping)
SES_0003967,USR_0006,user,2026-01-05 14:26:18,37,0.0812044250235725,0.718,normal,Cold-start: score vs population baseline (confidence ramping)
SES_0004153,USR_0006,user,2026-01-05 17:27:55,38,0.0755824161388524,0.732,normal,Cold-start: score vs population baseline (confidence ramping)
SES_0004171,USR_0006,user,2026-01-05 17:53:20,39,0.0701437036243314,0.746,normal,Cold-start: score vs population baseline (confidence ramping)
SES_0004598,USR_0006,user,2026-01-06 09:38:37,40,0.0757483876436266,0.76,normal,Cold-start: score vs population baseline (confidence ramping)
SES_0004709,USR_0006,user,2026-01-06 11:19:11,41,0.0530229673286402,0.774,normal,Cold-start: score vs population baseline (confidence ramping)
SES_0005063,USR_0006,user,2026-01-06 17:55:05,42,0.1738992873948794,0.788,normal,Cold-start: score vs population baseline (confidence ramping)
SES_0005477,USR_0006,user,2026-01-07 09:17:04,43,0.052129670333136,0.802,normal,Cold-start: score vs population baseline (confidence ramping)
SES_0005591,USR_0006,user,2026-01-07 11:12:53,44,0.06201486394811,0.8160000000000001,normal,Cold-start: score vs population baseline (confidence ramping)
SES_0005602,USR_0006,user,2026-01-07 11:20:37,45,0.0518459347404671,0.8300000000000001,normal,Cold-start: score vs population baseline (confidence ramping)
SES_0005743,USR_0006,user,2026-01-07 14:05:44,46,0.0243903854675141,0.8440000000000001,normal,Cold-start: score vs population baseline (confidence ramping)
SES_0005772,USR_0006,user,2026-01-07 14:35:19,47,0.0725475508156887,0.8579999999999999,normal,Cold-start: score vs population baseline (confidence ramping)
SES_0005906,USR_0006,user,2026-01-07 17:10:01,48,0.0351604223784665,0.8719999999999999,normal,Cold-start: score vs population baseline (confidence ramping)
SES_0005910,USR_0006,user,2026-01-07 17:15:47,49,0.0537608055271741,0.8859999999999999,normal,Cold-start: score vs population baseline (confidence ramping)
SES_0005920,USR_0006,user,2026-01-07 17:25:15,50,0.0416089354000138,0.8999999999999999,normal,Cold-start: score vs population baseline (confidence ramping)
SES_0000296,USR_0007,user,2026-01-01 11:12:32,1,0.3258707686551578,0.21400000000000002,normal,Cold-start: score vs population baseline (confidence ramping)
SES_0000326,USR_0007,user,2026-01-01 11:37:43,2,0.2466047345920181,0.228,normal,Cold-start: score vs population baseline (confidence ramping)
SES_0000341,USR_0007,user,2026-01-01 11:55:08,3,0.2169514881601892,0.242,normal,Cold-start: score vs population baseline (confidence ramping)
SES_0000741,USR_0007,user,2026-01-01 18:53:10,4,0.1856575348592632,0.256,normal,Cold-start: score vs population baseline (confidence ramping)
SES_0000982,USR_0007,user,2026-01-02 07:21:31,5,0.0748526990758062,0.27,normal,Cold-start: score vs population baseline (confidence ramping)
SES_0001010,USR_0007,user,2026-01-02 07:41:51,6,0.0613921254776279,0.28400000000000003,normal,Cold-start: score vs population baseline (confidence ramping)
SES_0001128,USR_0007,user,2026-01-02 10:13:41,7,0.0776350894043221,0.29800000000000004,normal,Cold-start: score vs population baseline (confidence ramping)
SES_0001147,USR_0007,user,2026-01-02 10:33:17,8,0.072489088346048,0.312,normal,Cold-start: score vs population baseline (confidence ramping)
SES_0001173,USR_0007,user,2026-01-02 11:10:12,9,0.0405658760933322,0.326,normal,Cold-start: score vs population baseline (confidence ramping)
SES_0001210,USR_0007,user,2026-01-02 11:48:24,10,0.081257687449222,0.33999999999999997,normal,Cold-start: score vs population baseline (confidence ramping)
SES_0001249,USR_0007,user,2026-01-02 12:32:19,11,0.2364235877593654,0.354,normal,Cold-start: score vs population baseline (confidence ramping)
SES_0001788,USR_0007,user,2026-01-03 07:24:12,12,0.1200442316023819,0.368,normal,Cold-start: score vs population baseline (confidence ramping)
SES_0001827,USR_0007,user,2026-01-03 07:44:54,13,0.1192188359060608,0.382,normal,Cold-start: score vs population baseline (confidence ramping)
SES_0002101,USR_0007,user,2026-01-03 12:34:36,14,0.0855973212799688,0.396,normal,Cold-start: score vs population baseline (confidence ramping)
SES_0002114,USR_0007,user,2026-01-03 12:54:01,15,0.0858028294541184,0.41000000000000003,normal,Cold-start: score vs population baseline (confidence ramping)
SES_0002398,USR_0007,user,2026-01-03 18:06:25,16,0.1204629645447072,0.424,normal,Cold-start: score vs population baseline (confidence ramping)
SES_0002419,USR_0007,user,2026-01-03 18:27:33,17,0.2959971176819502,0.438,normal,Cold-start: score vs population baseline (confidence ramping)
SES_0002640,USR_0007,user,2026-01-04 07:07:49,18,0.1022778995587914,0.452,normal,Cold-start: score vs population baseline (confidence ramping)
SES_0002642,USR_0007,user,2026-01-04 07:08:43,19,0.1150601361257316,0.46599999999999997,normal,Cold-start: score vs population baseline (confidence ramping)
SES_0002707,USR_0007,user,2026-01-04 07:54:53,20,0.1462713845809053,0.48,normal,Cold-start: score vs population baseline (confidence ramping)
SES_0002838,USR_0007,user,2026-01-04 10:06:45,21,0.1488388653107554,0.494,normal,Cold-start: score vs population baseline (confidence ramping)
SES_0002889,USR_0007,user,2026-01-04 10:54:50,22,0.1490268424780698,0.508,normal,Cold-start: score vs population baseline (confidence ramping)
SES_0002903,USR_0007,user,2026-01-04 11:09:20,23,0.2848064200284587,0.522,normal,Cold-start: score vs population baseline (confidence ramping)
SES_0002938,USR_0007,user,2026-01-04 11:43:09,24,0.1116307317670823,0.536,normal,Cold-start: score vs population baseline (confidence ramping)
SES_0002961,USR_0007,user,2026-01-04 12:05:03,25,0.1206326299382692,0.55,normal,Cold-start: score vs population baseline (confidence ramping)
SES_0002966,USR_0007,user,2026-01-04 12:10:38,26,0.1921104435533273,0.5640000000000001,normal,Cold-start: score vs population baseline (confidence ramping)
SES_0003005,USR_0007,user,2026-01-04 12:50:25,27,0.1111723177711109,0.5780000000000001,normal,Cold-start: score vs population baseline (confidence ramping)
SES_0003295,USR_0007,user,2026-01-04 18:14:09,28,0.1121828381299663,0.5920000000000001,normal,Cold-start: score vs population baseline (confidence ramping)
SES_0003324,USR_0007,user,2026-01-04 18:50:42,29,0.2456352789905319,0.606,normal,Cold-start: score vs population baseline (confidence ramping)
SES_0003542,USR_0007,user,2026-01-05 07:05:54,30,0.1137284149475922,0.62,normal,Cold-start: score vs population baseline (confidence ramping)
SES_0003545,USR_0007,user,2026-01-05 07:07:11,31,0.2028964350691426,0.634,normal,Cold-start: score vs population baseline (confidence ramping)
SES_0003725,USR_0007,user,2026-01-05 10:17:37,32,0.1038932049074658,0.6479999999999999,normal,Cold-start: score vs population baseline (confidence ramping)
SES_0003739,USR_0007,user,2026-01-05 10:35:24,33,0.1177579792899904,0.6619999999999999,normal,Cold-start: score vs population baseline (confidence ramping)
SES_0003780,USR_0007,user,2026-01-05 11:15:09,34,0.0669532780802,0.6759999999999999,normal,Cold-start: score vs population baseline (confidence ramping)
SES_0003809,USR_0007,user,2026-01-05 11:41:25,35,0.2183900857369285,0.69,normal,Cold-start: score vs population baseline (confidence ramping)
SES_0003846,USR_0007,user,2026-01-05 12:25:41,36,0.1195511074882065,0.704,normal,Cold-start: score vs population baseline (confidence ramping)
SES_0003870,USR_0007,user,2026-01-05 12:49:56,37,0.1446075596876817,0.718,normal,Cold-start: score vs population baseline (confidence ramping)
SES_0004191,USR_0007,user,2026-01-05 18:10:43,38,0.1462201147237177,0.732,normal,Cold-start: score vs population baseline (confidence ramping)
SES_0004628,USR_0007,user,2026-01-06 10:02:28,39,0.1019301138267531,0.746,normal,Cold-start: score vs population baseline (confidence ramping)
SES_0004646,USR_0007,user,2026-01-06 10:12:36,40,0.1312553306082625,0.76,normal,Cold-start: score vs population baseline (confidence ramping)
SES_0004648,USR_0007,user,2026-01-06 10:13:22,41,0.1161528613968737,0.774,normal,Cold-start: score vs population baseline (confidence ramping)
SES_0004652,USR_0007,user,2026-01-06 10:23:29,42,0.0826523047852864,0.788,normal,Cold-start: score vs population baseline (confidence ramping)
SES_0004679,USR_0007,user,2026-01-06 10:47:15,43,0.0644430598240926,0.802,normal,Cold-start: score vs population baseline (confidence ramping)
SES_0004682,USR_0007,user,2026-01-06 10:49:53,44,0.0651860421949516,0.8160000000000001,normal,Cold-start: score vs population baseline (confidence ramping)
SES_0004686,USR_0007,user,2026-01-06 10:51:02,45,0.0439140328072335,0.8300000000000001,normal,Cold-start: score vs population baseline (confidence ramping)
SES_0004717,USR_0007,user,2026-01-06 11:29:46,46,0.0331762494741551,0.8440000000000001,normal,Cold-start: score vs population baseline (confidence ramping)
SES_0004738,USR_0007,user,2026-01-06 12:02:16,47,0.0558917319922623,0.8579999999999999,normal,Cold-start: score vs population baseline (confidence ramping)
SES_0005077,USR_0007,user,2026-01-06 18:11:31,48,0.0406003585462467,0.8719999999999999,normal,Cold-start: score vs population baseline (confidence ramping)
SES_0005522,USR_0007,user,2026-01-07 10:03:29,49,0.0231252116271392,0.8859999999999999,normal,Cold-start: score vs population baseline (confidence ramping)
SES_0005543,USR_0007,user,2026-01-07 10:20:54,50,0.0854327352629485,0.8999999999999999,normal,Cold-start: score vs population baseline (confidence ramping)
SES_0000134,USR_0008,user,2026-01-01 08:26:57,1,0.3245742900506182,0.21400000000000002,normal,Cold-start: score vs population baseline (confidence ramping)
SES_0000141,USR_0008,user,2026-01-01 08:31:42,2,0.234282875262145,0.228,normal,Cold-start: score vs population baseline (confidence ramping)
SES_0000148,USR_0008,user,2026-01-01 08:33:13,3,0.1970615350745741,0.242,normal,Cold-start: score vs population baseline (confidence ramping)
SES_0000158,USR_0008,user,2026-01-01 08:40:15,4,0.0428891240213741,0.256,normal,Cold-start: score vs population baseline (confidence ramping)
SES_0000161,USR_0008,user,2026-01-01 08:46:44,5,0.1792857248273489,0.27,normal,Cold-start: score vs population baseline (confidence ramping)
SES_0000185,USR_0008,user,2026-01-01 09:14:03,6,0.0474959508966086,0.28400000000000003,normal,Cold-start: score vs population baseline (confidence ramping)
SES_0000204,USR_0008,user,2026-01-01 09:34:14,7,0.0740050707839612,0.29800000000000004,normal,Cold-start: score vs population baseline (confidence ramping)
SES_0000213,USR_0008,user,2026-01-01 09:42:47,8,0.102932235585172,0.312,normal,Cold-start: score vs population baseline (confidence ramping)
SES_0000223,USR_0008,user,2026-01-01 09:51:30,9,0.2921875148276409,0.326,normal,Cold-start: score vs population baseline (confidence ramping)
SES_0000506,USR_0008,user,2026-01-01 14:43:05,10,0.0946218131720731,0.33999999999999997,normal,Cold-start: score vs population baseline (confidence ramping)
SES_0000676,USR_0008,user,2026-01-01 17:47:04,11,0.1377717954017739,0.354,normal,Cold-start: score vs population baseline (confidence ramping)
SES_0000879,USR_0008,user,2026-01-01 21:32:24,12,0.3501212462033163,0.368,normal,Cold-start: score vs population baseline (confidence ramping)
SES_0001325,USR_0008,user,2026-01-02 14:03:12,13,0.1362306587753075,0.382,normal,Cold-start: score vs population baseline (confidence ramping)
SES_0001664,USR_0008,user,2026-01-02 21:12:55,14,0.2669428483809238,0.396,normal,Cold-start: score vs population baseline (confidence ramping)
SES_0001852,USR_0008,user,2026-01-03 08:07:49,15,0.1641760542412481,0.41000000000000003,normal,Cold-start: score vs population baseline (confidence ramping)
SES_0001855,USR_0008,user,2026-01-03 08:09:29,16,0.1619144819963009,0.424,normal,Cold-start: score vs population baseline (confidence ramping)
SES_0001868,USR_0008,user,2026-01-03 08:19:36,17,0.1790093146333241,0.438,normal,Cold-start: score vs population baseline (confidence ramping)
SES_0001893,USR_0008,user,2026-01-03 08:49:46,18,0.118072688304064,0.452,normal,Cold-start: score vs population baseline (confidence ramping)
SES_0001949,USR_0008,user,2026-01-03 09:57:17,19,0.0948498557155028,0.46599999999999997,normal,Cold-start: score vs population baseline (confidence ramping)
SES_0002587,USR_0008,user,2026-01-03 21:59:06,20,0.194466844181146,0.48,normal,Cold-start: score vs population baseline (confidence ramping)
SES_0002729,USR_0008,user,2026-01-04 08:14:00,21,0.0961811475733944,0.494,normal,Cold-start: score vs population baseline (confidence ramping)
SES_0002847,USR_0008,user,2026-01-04 10:16:58,22,0.1062495496146263,0.508,normal,Cold-start: score vs population baseline (confidence ramping)
SES_0003071,USR_0008,user,2026-01-04 14:08:27,23,0.0915220882608289,0.522,normal,Cold-start: score vs population baseline (confidence ramping)
SES_0003090,USR_0008,user,2026-01-04 14:31:47,24,0.0839117530949699,0.536,normal,Cold-start: score vs population baseline (confidence ramping)
SES_0003244,USR_0008,user,2026-01-04 17:12:55,25,0.2140884246168668,0.55,normal,Cold-start: score vs population baseline (confidence ramping)
SES_0003477,USR_0008,user,2026-01-04 21:49:38,26,0.3230551293234988,0.5640000000000001,normal,Cold-start: score vs population baseline (confidence ramping)
SES_0003633,USR_0008,user,2026-01-05 08:59:58,27,0.0913546944697886,0.5780000000000001,normal,Cold-start: score vs population baseline (confidence ramping)
SES_0003648,USR_0008,user,2026-01-05 09:11:17,28,0.2372794799772266,0.5920000000000001,normal,Cold-start: score vs population baseline (confidence ramping)
SES_0003673,USR_0008,user,2026-01-05 09:30:59,29,0.1205712940046559,0.606,normal,Cold-start: score vs population baseline (confidence ramping)
SES_0003686,USR_0008,user,2026-01-05 09:39:55,30,0.1469679409080803,0.62,normal,Cold-start: score vs population baseline (confidence ramping)
SES_0003699,USR_0008,user,2026-01-05 09:53:40,31,0.1618143278074856,0.634,normal,Cold-start: score vs population baseline (confidence ramping)
SES_0003715,USR_0008,user,2026-01-05 10:11:20,32,0.1468265772070152,0.6479999999999999,normal,Cold-start: score vs population baseline (confidence ramping)
SES_0003983,USR_0008,user,2026-01-05 14:42:01,33,0.1314875579999828,0.6619999999999999,normal,Cold-start: score vs population baseline (confidence ramping)
SES_0003996,USR_0008,user,2026-01-05 14:52:49,34,0.1379454578599769,0.6759999999999999,normal,Cold-start: score vs population baseline (confidence ramping)
SES_0004076,USR_0008,user,2026-01-05 16:10:28,35,0.0923841803331731,0.69,normal,Cold-start: score vs population baseline (confidence ramping)
SES_0004123,USR_0008,user,2026-01-05 17:06:18,36,0.0844838442621202,0.704,normal,Cold-start: score vs population baseline (confidence ramping)
SES_0004133,USR_0008,user,2026-01-05 17:15:38,37,0.0820389144189565,0.718,normal,Cold-start: score vs population baseline (confidence ramping)
SES_0004502,USR_0008,user,2026-01-06 08:08:09,38,0.1142079661730428,0.732,normal,Cold-start: score vs population baseline (confidence ramping)
SES_0004540,USR_0008,user,2026-01-06 08:42:43,39,0.1203076831734063,0.746,normal,Cold-start: score vs population baseline (confidence ramping)
SES_0004571,USR_0008,user,2026-01-06 09:10:54,40,0.070102185395176,0.76,normal,Cold-start: score vs population baseline (confidence ramping)
SES_0004605,USR_0008,user,2026-01-06 09:46:42,41,0.0519699559478167,0.774,normal,Cold-start: score vs population baseline (confidence ramping)
SES_0004607,USR_0008,user,2026-01-06 09:50:25,42,0.0516908767962336,0.788,normal,Cold-start: score vs population baseline (confidence ramping)
SES_0004849,USR_0008,user,2026-01-06 14:04:37,43,0.0478889517617359,0.802,normal,Cold-start: score vs population baseline (confidence ramping)
SES_0005003,USR_0008,user,2026-01-06 16:54:11,44,0.1649300606525968,0.8160000000000001,normal,Cold-start: score vs population baseline (confidence ramping)
SES_0005038,USR_0008,user,2026-01-06 17:28:17,45,0.0530729844412423,0.8300000000000001,normal,Cold-start: score vs population baseline (confidence ramping)
SES_0005229,USR_0008,user,2026-01-06 21:29:32,46,0.1536406744153584,0.8440000000000001,normal,Cold-start: score vs population baseline (confidence ramping)
SES_0005237,USR_0008,user,2026-01-06 21:35:32,47,0.1689086123628456,0.8579999999999999,normal,Cold-start: score vs population baseline (confidence ramping)
SES_0005503,USR_0008,user,2026-01-07 09:51:38,48,0.0643998173266796,0.8719999999999999,normal,Cold-start: score vs population baseline (confidence ramping)
SES_0005530,USR_0008,user,2026-01-07 10:12:01,49,0.0452528056083758,0.8859999999999999,normal,Cold-start: score vs population baseline (confidence ramping)
SES_0005534,USR_0008,user,2026-01-07 10:17:46,50,0.0493148343919467,0.8999999999999999,normal,Cold-start: score vs population baseline (confidence ramping)
SES_0000086,USR_0009,user,2026-01-01 07:29:41,1,0.3395202848192455,0.21400000000000002,normal,Cold-start: score vs population baseline (confidence ramping)
SES_0000783,USR_0009,user,2026-01-01 19:44:16,2,0.2461288971365169,0.228,normal,Cold-start: score vs population baseline (confidence ramping)
SES_0000887,USR_0009,user,2026-01-01 21:41:42,3,0.2709999951277948,0.242,normal,Cold-start: score vs population baseline (confidence ramping)
SES_0000987,USR_0009,user,2026-01-02 07:24:11,4,0.1319839270741173,0.256,normal,Cold-start: score vs population baseline (confidence ramping)
SES_0000999,USR_0009,user,2026-01-02 07:34:12,5,0.2053412719272389,0.27,normal,Cold-start: score vs population baseline (confidence ramping)
SES_0001008,USR_0009,user,2026-01-02 07:40:54,6,0.0682537561941252,0.28400000000000003,normal,Cold-start: score vs population baseline (confidence ramping)
SES_0001676,USR_0009,user,2026-01-02 21:27:06,7,0.1771539257806624,0.29800000000000004,normal,Cold-start: score vs population baseline (confidence ramping)
SES_0001696,USR_0009,user,2026-01-02 21:51:28,8,0.1533820558438486,0.312,normal,Cold-start: score vs population baseline (confidence ramping)
SES_0001697,USR_0009,user,2026-01-02 21:52:33,9,0.2002647318921683,0.326,normal,Cold-start: score vs population baseline (confidence ramping)
SES_0001767,USR_0009,user,2026-01-03 07:08:34,10,0.1628193285057995,0.33999999999999997,normal,Cold-start: score vs population baseline (confidence ramping)
SES_0001846,USR_0009,user,2026-01-03 07:57:38,11,0.1649217007483075,0.354,normal,Cold-start: score vs population baseline (confidence ramping)
SES_0001867,USR_0009,user,2026-01-03 08:19:28,12,0.1206510978250642,0.368,normal,Cold-start: score vs population baseline (confidence ramping)
SES_0001888,USR_0009,user,2026-01-03 08:42:45,13,0.1690536740565884,0.382,normal,Cold-start: score vs population baseline (confidence ramping)
SES_0001896,USR_0009,user,2026-01-03 08:51:24,14,0.1446819753012284,0.396,normal,Cold-start: score vs population baseline (confidence ramping)
SES_0002459,USR_0009,user,2026-01-03 19:24:09,15,0.1219653366467343,0.41000000000000003,normal,Cold-start: score vs population baseline (confidence ramping)
SES_0002462,USR_0009,user,2026-01-03 19:28:10,16,0.1344958576749543,0.424,normal,Cold-start: score vs population baseline (confidence ramping)
SES_0002553,USR_0009,user,2026-01-03 21:20:23,17,0.2126402090957424,0.438,normal,Cold-start: score vs population baseline (confidence ramping)
SES_0002645,USR_0009,user,2026-01-04 07:10:13,18,0.1165506546618212,0.452,normal,Cold-start: score vs population baseline (confidence ramping)
SES_0002705,USR_0009,user,2026-01-04 07:54:00,19,0.1454438113420921,0.46599999999999997,normal,Cold-start: score vs population baseline (confidence ramping)
SES_0002718,USR_0009,user,2026-01-04 08:03:20,20,0.1202684196097148,0.48,normal,Cold-start: score vs population baseline (confidence ramping)
SES_0002743,USR_0009,user,2026-01-04 08:27:20,21,0.0906142730505492,0.494,normal,Cold-start: score vs population baseline (confidence ramping)
SES_0002750,USR_0009,user,2026-01-04 08:34:05,22,0.1165642276584195,0.508,normal,Cold-start: score vs population baseline (confidence ramping)
SES_0003457,USR_0009,user,2026-01-04 21:34:27,23,0.3076154439101933,0.522,normal,Cold-start: score vs population baseline (confidence ramping)
SES_0003469,USR_0009,user,2026-01-04 21:42:34,24,0.1835953240907728,0.536,normal,Cold-start: score vs population baseline (confidence ramping)
SES_0003481,USR_0009,user,2026-01-04 21:53:13,25,0.2053095458825645,0.55,normal,Cold-start: score vs population baseline (confidence ramping)
SES_0003555,USR_0009,user,2026-01-05 07:20:38,26,0.1154691051721957,0.5640000000000001,normal,Cold-start: score vs population baseline (confidence ramping)
SES_0003587,USR_0009,user,2026-01-05 07:49:28,27,0.0763716593981535,0.5780000000000001,normal,Cold-start: score vs population baseline (confidence ramping)
SES_0003598,USR_0009,user,2026-01-05 08:05:00,28,0.0778746199926717,0.5920000000000001,normal,Cold-start: score vs population baseline (confidence ramping)
SES_0003602,USR_0009,user,2026-01-05 08:10:47,29,0.1042102238097492,0.606,normal,Cold-start: score vs population baseline (confidence ramping)
SES_0003622,USR_0009,user,2026-01-05 08:42:13,30,0.0990636837195616,0.62,normal,Cold-start: score vs population baseline (confidence ramping)
SES_0004230,USR_0009,user,2026-01-05 19:02:28,31,0.1232335221228894,0.634,normal,Cold-start: score vs population baseline (confidence ramping)
SES_0004235,USR_0009,user,2026-01-05 19:09:23,32,0.1142468985736009,0.6479999999999999,normal,Cold-start: score vs population baseline (confidence ramping)
SES_0004254,USR_0009,user,2026-01-05 19:36:44,33,0.1211931674720208,0.6619999999999999,normal,Cold-start: score vs population baseline (confidence ramping)
SES_0004386,USR_0009,user,2026-01-05 21:56:45,34,0.1930174201829219,0.6759999999999999,normal,Cold-start: score vs population baseline (confidence ramping)
SES_0004432,USR_0009,user,2026-01-06 07:02:28,35,0.0890393469027271,0.69,normal,Cold-start: score vs population baseline (confidence ramping)
SES_0004459,USR_0009,user,2026-01-06 07:28:14,36,0.0851305707248181,0.704,normal,Cold-start: score vs population baseline (confidence ramping)
SES_0004488,USR_0009,user,2026-01-06 07:51:55,37,0.0923141671521315,0.718,normal,Cold-start: score vs population baseline (confidence ramping)
SES_0004504,USR_0009,user,2026-01-06 08:10:12,38,0.1040736285399459,0.732,normal,Cold-start: score vs population baseline (confidence ramping)
SES_0005124,USR_0009,user,2026-01-06 19:09:18,39,0.1181565345265917,0.746,normal,Cold-start: score vs population baseline (confidence ramping)
SES_0005161,USR_0009,user,2026-01-06 19:47:51,40,0.2133194651763204,0.76,normal,Cold-start: score vs population baseline (confidence ramping)
SES_0005218,USR_0009,user,2026-01-06 21:15:30,41,0.2150931715476787,0.774,normal,Cold-start: score vs population baseline (confidence ramping)
SES_0005338,USR_0009,user,2026-01-07 07:33:40,42,0.0594779886468755,0.788,normal,Cold-start: score vs population baseline (confidence ramping)
SES_0005414,USR_0009,user,2026-01-07 08:07:49,43,0.2410488502404981,0.802,normal,Cold-start: score vs population baseline (confidence ramping)
SES_0005456,USR_0009,user,2026-01-07 08:59:27,44,0.130645788270268,0.8160000000000001,normal,Cold-start: score vs population baseline (confidence ramping)
SES_0006017,USR_0009,user,2026-01-07 19:21:38,45,0.0825388578974437,0.8300000000000001,normal,Cold-start: score vs population baseline (confidence ramping)
SES_0006030,USR_0009,user,2026-01-07 19:33:10,46,0.0637091735302154,0.8440000000000001,normal,Cold-start: score vs population baseline (confidence ramping)
SES_0006031,USR_0009,user,2026-01-07 19:35:47,47,0.0700668550016727,0.8579999999999999,normal,Cold-start: score vs population baseline (confidence ramping)
SES_0006193,USR_0009,user,2026-01-08 07:14:58,48,0.0593859207224084,0.8719999999999999,normal,Cold-start: score vs population baseline (confidence ramping)
SES_0006227,USR_0009,user,2026-01-08 07:37:31,49,0.0573400919924633,0.8859999999999999,normal,Cold-start: score vs population baseline (confidence ramping)
SES_0006280,USR_0009,user,2026-01-08 08:10:54,50,0.0357762217841504,0.8999999999999999,normal,Cold-start: score vs population baseline (confidence ramping)
SES_0000001,USR_0010,user,2026-01-01 06:00:40,1,0.4050166156796811,0.21400000000000002,normal,Cold-start: score vs population baseline (confidence ramping)
SES_0000043,USR_0010,user,2026-01-01 07:00:33,2,0.1433968757726887,0.228,normal,Cold-start: score vs population baseline (confidence ramping)
SES_0000073,USR_0010,user,2026-01-01 07:20:05,3,0.3186184671855315,0.242,normal,Cold-start: score vs population baseline (confidence ramping)
SES_0000477,USR_0010,user,2026-01-01 14:08:44,4,0.0904537929780382,0.256,normal,Cold-start: score vs population baseline (confidence ramping)
SES_0000479,USR_0010,user,2026-01-01 14:12:44,5,0.0523473120739031,0.27,normal,Cold-start: score vs population baseline (confidence ramping)
SES_0000737,USR_0010,user,2026-01-01 18:49:28,6,0.0559061521845551,0.28400000000000003,normal,Cold-start: score vs population baseline (confidence ramping)
SES_0000841,USR_0010,user,2026-01-01 20:53:02,7,0.0842071323043959,0.29800000000000004,normal,Cold-start: score vs population baseline (confidence ramping)
SES_0000899,USR_0010,user,2026-01-01 21:50:04,8,0.150434456513696,0.312,normal,Cold-start: score vs population baseline (confidence ramping)
SES_0000945,USR_0010,user,2026-01-02 06:47:34,9,0.1587143651972297,0.326,normal,Cold-start: score vs population baseline (confidence ramping)
SES_0000954,USR_0010,user,2026-01-02 07:00:36,10,0.0914796229971431,0.33999999999999997,normal,Cold-start: score vs population baseline (confidence ramping)
SES_0000964,USR_0010,user,2026-01-02 07:08:04,11,0.099334573911472,0.354,normal,Cold-start: score vs population baseline (confidence ramping)
SES_0000993,USR_0010,user,2026-01-02 07:29:04,12,0.2866638910345731,0.368,normal,Cold-start: score vs population baseline (confidence ramping)
SES_0001000,USR_0010,user,2026-01-02 07:35:17,13,0.2989523594205504,0.382,normal,Cold-start: score vs population baseline (confidence ramping)
SES_0001143,USR_0010,user,2026-01-02 10:29:50,14,0.0776261434490784,0.396,normal,Cold-start: score vs population baseline (confidence ramping)
SES_0001414,USR_0010,user,2026-01-02 16:00:15,15,0.1024805597100977,0.41000000000000003,normal,Cold-start: score vs population baseline (confidence ramping)
SES_0001535,USR_0010,user,2026-01-02 18:18:06,16,0.1021799891560858,0.424,normal,Cold-start: score vs population baseline (confidence ramping)
SES_0001622,USR_0010,user,2026-01-02 20:25:09,17,0.1129024924223042,0.438,normal,Cold-start: score vs population baseline (confidence ramping)
SES_0001625,USR_0010,user,2026-01-02 20:28:32,18,0.1137418096241067,0.452,normal,Cold-start: score vs population baseline (confidence ramping)
SES_0001635,USR_0010,user,2026-01-02 20:44:48,19,0.0736396561006186,0.46599999999999997,normal,Cold-start: score vs population baseline (confidence ramping)
SES_0001709,USR_0010,user,2026-01-03 06:07:18,20,0.2107435732807812,0.48,normal,Cold-start: score vs population baseline (confidence ramping)
SES_0002004,USR_0010,user,2026-01-03 10:47:28,21,0.1332561046946843,0.494,normal,Cold-start: score vs population baseline (confidence ramping)
SES_0002181,USR_0010,user,2026-01-03 14:19:39,22,0.1116543149080829,0.508,normal,Cold-start: score vs population baseline (confidence ramping)
SES_0002493,USR_0010,user,2026-01-03 20:10:48,23,0.1151723473090513,0.522,normal,Cold-start: score vs population baseline (confidence ramping)
SES_0002685,USR_0010,user,2026-01-04 07:41:02,24,0.1311015004593246,0.536,normal,Cold-start: score vs population baseline (confidence ramping)
SES_0002857,USR_0010,user,2026-01-04 10:26:28,25,0.137378555213022,0.55,normal,Cold-start: score vs population baseline (confidence ramping)
SES_0002874,USR_0010,user,2026-01-04 10:42:24,26,0.2416284327898891,0.5640000000000001,normal,Cold-start: score vs population baseline (confidence ramping)
SES_0003096,USR_0010,user,2026-01-04 14:36:20,27,0.1131311660742945,0.5780000000000001,normal,Cold-start: score vs population baseline (confidence ramping)
SES_0003301,USR_0010,user,2026-01-04 18:22:04,28,0.2182286682280659,0.5920000000000001,normal,Cold-start: score vs population baseline (confidence ramping)
SES_0003479,USR_0010,user,2026-01-04 21:51:58,29,0.2593754314669571,0.606,normal,Cold-start: score vs population baseline (confidence ramping)
SES_0003512,USR_0010,user,2026-01-05 06:30:54,30,0.1668831570827479,0.62,normal,Cold-start: score vs population baseline (confidence ramping)
SES_0003973,USR_0010,user,2026-01-05 14:29:37,31,0.0659870927856785,0.634,normal,Cold-start: score vs population baseline (confidence ramping)
SES_0003985,USR_0010,user,2026-01-05 14:43:34,32,0.0634507852397953,0.6479999999999999,normal,Cold-start: score vs population baseline (confidence ramping)
SES_0004111,USR_0010,user,2026-01-05 16:52:51,33,0.1117394049815185,0.6619999999999999,normal,Cold-start: score vs population baseline (confidence ramping)
SES_0004200,USR_0010,user,2026-01-05 18:26:44,34,0.0661438279482426,0.6759999999999999,normal,Cold-start: score vs population baseline (confidence ramping)
SES_0004320,USR_0010,user,2026-01-05 20:57:45,35,0.1496276846672554,0.69,normal,Cold-start: score vs population baseline (confidence ramping)
SES_0004323,USR_0010,user,2026-01-05 21:02:09,36,0.1722918370152295,0.704,normal,Cold-start: score vs population baseline (confidence ramping)
SES_0004351,USR_0010,user,2026-01-05 21:31:28,37,0.1658461356135884,0.718,normal,Cold-start: score vs population baseline (confidence ramping)
SES_0004848,USR_0010,user,2026-01-06 14:04:01,38,0.0404131920154131,0.732,normal,Cold-start: score vs population baseline (confidence ramping)
SES_0005007,USR_0010,user,2026-01-06 16:57:02,39,0.0391049466986387,0.746,normal,Cold-start: score vs population baseline (confidence ramping)
SES_0005179,USR_0010,user,2026-01-06 20:14:57,40,0.0650320159862586,0.76,normal,Cold-start: score vs population baseline (confidence ramping)
SES_0005180,USR_0010,user,2026-01-06 20:16:30,41,0.0764871015837121,0.774,normal,Cold-start: score vs population baseline (confidence ramping)
SES_0005214,USR_0010,user,2026-01-06 21:08:06,42,0.1692077758773515,0.788,normal,Cold-start: score vs population baseline (confidence ramping)
SES_0005230,USR_0010,user,2026-01-06 21:31:24,43,0.2389774627779439,0.802,normal,Cold-start: score vs population baseline (confidence ramping)
SES_0005233,USR_0010,user,2026-01-06 21:33:42,44,0.1592473859897901,0.8160000000000001,normal,Cold-start: score vs population baseline (confidence ramping)
SES_0005259,USR_0010,user,2026-01-07 06:04:22,45,0.1586053156192302,0.8300000000000001,normal,Cold-start: score vs population baseline (confidence ramping)
SES_0005278,USR_0010,user,2026-01-07 06:22:13,46,0.1464564643515509,0.8440000000000001,normal,Cold-start: score vs population baseline (confidence ramping)
SES_0005282,USR_0010,user,2026-01-07 06:25:49,47,0.1402816916096876,0.8579999999999999,normal,Cold-start: score vs population baseline (confidence ramping)
SES_0005310,USR_0010,user,2026-01-07 07:07:12,48,0.0477693658542892,0.8719999999999999,normal,Cold-start: score vs population baseline (confidence ramping)
SES_0005321,USR_0010,user,2026-01-07 07:17:35,49,0.052344034619317,0.8859999999999999,normal,Cold-start: score vs population baseline (confidence ramping)
SES_0005745,USR_0010,user,2026-01-07 14:07:39,50,0.0640489485858272,0.8999999999999999,normal,Cold-start: score vs population baseline (confidence ramping)
SES_0000235,USR_0011,user,2026-01-01 10:06:11,1,0.3368259203385691,0.21400000000000002,normal,Cold-start: score vs population baseline (confidence ramping)
SES_0000298,USR_0011,user,2026-01-01 11:13:59,2,0.1615399477355849,0.228,normal,Cold-start: score vs population baseline (confidence ramping)
SES_0000325,USR_0011,user,2026-01-01 11:37:01,3,0.2044984467922751,0.242,normal,Cold-start: score vs population baseline (confidence ramping)
SES_0000505,USR_0011,user,2026-01-01 14:42:14,4,0.073640761851127,0.256,normal,Cold-start: score vs population baseline (confidence ramping)
SES_0000718,USR_0011,user,2026-01-01 18:26:58,5,0.1777941983255751,0.27,normal,Cold-start: score vs population baseline (confidence ramping)
SES_0000959,USR_0011,user,2026-01-02 07:03:47,6,0.07265222064047,0.28400000000000003,normal,Cold-start: score vs population baseline (confidence ramping)
SES_0001018,USR_0011,user,2026-01-02 07:47:34,7,0.0670382116560729,0.29800000000000004,normal,Cold-start: score vs population baseline (confidence ramping)
SES_0001323,USR_0011,user,2026-01-02 14:01:07,8,0.2072271486829253,0.312,normal,Cold-start: score vs population baseline (confidence ramping)
SES_0001342,USR_0011,user,2026-01-02 14:19:57,9,0.0577796028336315,0.326,normal,Cold-start: score vs population baseline (confidence ramping)
SES_0001346,USR_0011,user,2026-01-02 14:23:17,10,0.045702187305731,0.33999999999999997,normal,Cold-start: score vs population baseline (confidence ramping)
SES_0001450,USR_0011,user,2026-01-02 16:41:22,11,0.0482203630488185,0.354,normal,Cold-start: score vs population baseline (confidence ramping)
SES_0001451,USR_0011,user,2026-01-02 16:43:01,12,0.0626413598120172,0.368,normal,Cold-start: score vs population baseline (confidence ramping)
SES_0001531,USR_0011,user,2026-01-02 18:15:34,13,0.0639398856613275,0.382,normal,Cold-start: score vs population baseline (confidence ramping)
SES_0001549,USR_0011,user,2026-01-02 18:40:54,14,0.0777213113250855,0.396,normal,Cold-start: score vs population baseline (confidence ramping)
SES_0001759,USR_0011,user,2026-01-03 07:05:18,15,0.092714560292796,0.41000000000000003,normal,Cold-start: score vs population baseline (confidence ramping)
SES_0001958,USR_0011,user,2026-01-03 10:03:47,16,0.1838948233810043,0.424,normal,Cold-start: score vs population baseline (confidence ramping)
SES_0001975,USR_0011,user,2026-01-03 10:11:38,17,0.0681078856295317,0.438,normal,Cold-start: score vs population baseline (confidence ramping)
SES_0002203,USR_0011,user,2026-01-03 14:44:40,18,0.0681561559958085,0.452,normal,Cold-start: score vs population baseline (confidence ramping)
SES_0002655,USR_0011,user,2026-01-04 07:16:29,19,0.1433159253255064,0.46599999999999997,normal,Cold-start: score vs population baseline (confidence ramping)
SES_0002860,USR_0011,user,2026-01-04 10:27:53,20,0.1235281066533762,0.48,normal,Cold-start: score vs population baseline (confidence ramping)
SES_0002900,USR_0011,user,2026-01-04 11:04:46,21,0.0865204298243142,0.494,normal,Cold-start: score vs population baseline (confidence ramping)
SES_0002923,USR_0011,user,2026-01-04 11:32:03,22,0.0947783682254635,0.508,normal,Cold-start: score vs population baseline (confidence ramping)
SES_0002924,USR_0011,user,2026-01-04 11:33:54,23,0.136596617434701,0.522,normal,Cold-start: score vs population baseline (confidence ramping)
SES_0003537,USR_0011,user,2026-01-05 07:02:00,24,0.0821052378499075,0.536,normal,Cold-start: score vs population baseline (confidence ramping)
SES_0003572,USR_0011,user,2026-01-05 07:34:01,25,0.0759022702194257,0.55,normal,Cold-start: score vs population baseline (confidence ramping)
SES_0003729,USR_0011,user,2026-01-05 10:24:15,26,0.0909043232696378,0.5640000000000001,normal,Cold-start: score vs population baseline (confidence ramping)
SES_0003738,USR_0011,user,2026-01-05 10:35:15,27,0.1036494791744033,0.5780000000000001,normal,Cold-start: score vs population baseline (confidence ramping)
SES_0003751,USR_0011,user,2026-01-05 10:50:32,28,0.0645873597147994,0.5920000000000001,normal,Cold-start: score vs population baseline (confidence ramping)
SES_0003785,USR_0011,user,2026-01-05 11:16:53,29,0.2655355564202255,0.606,normal,Cold-start: score vs population baseline (confidence ramping)
SES_0003808,USR_0011,user,2026-01-05 11:41:13,30,0.262548270145274,0.62,normal,Cold-start: score vs population baseline (confidence ramping)
SES_0003977,USR_0011,user,2026-01-05 14:33:59,31,0.2233988938622319,0.634,normal,Cold-start: score vs population baseline (confidence ramping)
SES_0004072,USR_0011,user,2026-01-05 16:09:33,32,0.0824846477189685,0.6479999999999999,normal,Cold-start: score vs population baseline (confidence ramping)
SES_0004082,USR_0011,user,2026-01-05 16:17:39,33,0.3065002468457209,0.6619999999999999,normal,Cold-start: score vs population baseline (confidence ramping)
SES_0004086,USR_0011,user,2026-01-05 16:19:24,34,0.3481354387392158,0.6759999999999999,normal,Cold-start: score vs population baseline (confidence ramping)
SES_0004094,USR_0011,user,2026-01-05 16:32:01,35,0.1069079867725964,0.69,normal,Cold-start: score vs population baseline (confidence ramping)
SES_0004186,USR_0011,user,2026-01-05 18:07:33,36,0.0652064705719953,0.704,normal,Cold-start: score vs population baseline (confidence ramping)
SES_0004211,USR_0011,user,2026-01-05 18:36:01,37,0.257644982102802,0.718,normal,Cold-start: score vs population baseline (confidence ramping)
SES_0004640,USR_0011,user,2026-01-06 10:09:02,38,0.056733498929785,0.732,normal,Cold-start: score vs population baseline (confidence ramping)
SES_0004869,USR_0011,user,2026-01-06 14:36:15,39,0.0527541303112528,0.746,normal,Cold-start: score vs population baseline (confidence ramping)
SES_0004954,USR_0011,user,2026-01-06 16:06:34,40,0.0613669918962278,0.76,normal,Cold-start: score vs population baseline (confidence ramping)
SES_0004958,USR_0011,user,2026-01-06 16:10:08,41,0.0645192762831242,0.774,normal,Cold-start: score vs population baseline (confidence ramping)
SES_0004989,USR_0011,user,2026-01-06 16:40:53,42,0.068103664015749,0.788,normal,Cold-start: score vs population baseline (confidence ramping)
SES_0005006,USR_0011,user,2026-01-06 16:56:28,43,0.0837883613747169,0.802,normal,Cold-start: score vs population baseline (confidence ramping)
SES_0005010,USR_0011,user,2026-01-06 16:58:52,44,0.123690241354118,0.8160000000000001,normal,Cold-start: score vs population baseline (confidence ramping)
SES_0005349,USR_0011,user,2026-01-07 07:38:31,45,0.0828839829281228,0.8300000000000001,normal,Cold-start: score vs population baseline (confidence ramping)
SES_0005518,USR_0011,user,2026-01-07 10:01:11,46,0.0799753352605528,0.8440000000000001,normal,Cold-start: score vs population baseline (confidence ramping)
SES_0005560,USR_0011,user,2026-01-07 10:39:36,47,0.0433652228082825,0.8579999999999999,normal,Cold-start: score vs population baseline (confidence ramping)
SES_0005599,USR_0011,user,2026-01-07 11:19:22,48,0.0429920233071699,0.8719999999999999,normal,Cold-start: score vs population baseline (confidence ramping)
SES_0005764,USR_0011,user,2026-01-07 14:30:30,49,0.1554859686616687,0.8859999999999999,normal,Cold-start: score vs population baseline (confidence ramping)
SES_0005779,USR_0011,user,2026-01-07 14:49:39,50,0.1576473654677581,0.8999999999999999,normal,Cold-start: score vs population baseline (confidence ramping)
SES_0000002,USR_0012,user,2026-01-01 06:01:03,1,0.3749115037173582,0.21400000000000002,normal,Cold-start: score vs population baseline (confidence ramping)
SES_0000014,USR_0012,user,2026-01-01 06:19:42,2,0.3230004148855056,0.228,normal,Cold-start: score vs population baseline (confidence ramping)
SES_0000025,USR_0012,user,2026-01-01 06:34:17,3,0.3255088323624432,0.242,normal,Cold-start: score vs population baseline (confidence ramping)
SES_0000076,USR_0012,user,2026-01-01 07:22:58,4,0.1221848375078694,0.256,normal,Cold-start: score vs population baseline (confidence ramping)
SES_0000099,USR_0012,user,2026-01-01 07:42:26,5,0.2206319566853912,0.27,normal,Cold-start: score vs population baseline (confidence ramping)
SES_0000424,USR_0012,user,2026-01-01 13:11:35,6,0.0628624701003714,0.28400000000000003,normal,Cold-start: score vs population baseline (confidence ramping)
SES_0000432,USR_0012,user,2026-01-01 13:22:44,7,0.0420885667373386,0.29800000000000004,normal,Cold-start: score vs population baseline (confidence ramping)
SES_0000462,USR_0012,user,2026-01-01 13:56:02,8,0.1275437432141815,0.312,normal,Cold-start: score vs population baseline (confidence ramping)
SES_0000571,USR_0012,user,2026-01-01 16:02:06,9,0.1093943345183692,0.326,normal,Cold-start: score vs population baseline (confidence ramping)
SES_0000585,USR_0012,user,2026-01-01 16:19:36,10,0.08465832821363,0.33999999999999997,normal,Cold-start: score vs population baseline (confidence ramping)
SES_0000608,USR_0012,user,2026-01-01 16:45:27,11,0.0783846614026764,0.354,normal,Cold-start: score vs population baseline (confidence ramping)
SES_0000923,USR_0012,user,2026-01-02 06:23:10,12,0.1830326919405576,0.368,normal,Cold-start: score vs population baseline (confidence ramping)
SES_0000933,USR_0012,user,2026-01-02 06:38:38,13,0.1758057221175961,0.382,normal,Cold-start: score vs population baseline (confidence ramping)
SES_0000934,USR_0012,user,2026-01-02 06:39:55,14,0.3843785600992244,0.396,normal,Cold-start: score vs population baseline (confidence ramping)
SES_0000939,USR_0012,user,2026-01-02 06:44:49,15,0.1590334920597978,0.41000000000000003,normal,Cold-start: score vs population baseline (confidence ramping)
SES_0000981,USR_0012,user,2026-01-02 07:19:18,16,0.059900518298013,0.424,normal,Cold-start: score vs population baseline (confidence ramping)
SES_0001004,USR_0012,user,2026-01-02 07:37:53,17,0.2599213496062637,0.438,normal,Cold-start: score vs population baseline (confidence ramping)
SES_0001278,USR_0012,user,2026-01-02 13:11:43,18,0.0735694568468056,0.452,normal,Cold-start: score vs population baseline (confidence ramping)
SES_0001419,USR_0012,user,2026-01-02 16:07:27,19,0.0818189701177133,0.46599999999999997,normal,Cold-start: score vs population baseline (confidence ramping)
SES_0001428,USR_0012,user,2026-01-02 16:19:04,20,0.298131143478224,0.48,normal,Cold-start: score vs population baseline (confidence ramping)
SES_0001456,USR_0012,user,2026-01-02 16:52:50,21,0.1596152692205117,0.494,normal,Cold-start: score vs population baseline (confidence ramping)
SES_0001743,USR_0012,user,2026-01-03 06:58:42,22,0.2661002739670238,0.508,normal,Cold-start: score vs population baseline (confidence ramping)
SES_0001777,USR_0012,user,2026-01-03 07:15:54,23,0.1329450257989619,0.522,normal,Cold-start: score vs population baseline (confidence ramping)
SES_0001806,USR_0012,user,2026-01-03 07:32:05,24,0.112712798331598,0.536,normal,Cold-start: score vs population baseline (confidence ramping)
SES_0001823,USR_0012,user,2026-01-03 07:43:07,25,0.1183970909334973,0.55,normal,Cold-start: score vs population baseline (confidence ramping)
SES_0001832,USR_0012,user,2026-01-03 07:48:23,26,0.1727035034181074,0.5640000000000001,normal,Cold-start: score vs population baseline (confidence ramping)
SES_0001835,USR_0012,user,2026-01-03 07:51:07,27,0.1061922503152212,0.5780000000000001,normal,Cold-start: score vs population baseline (confidence ramping)
SES_0002136,USR_0012,user,2026-01-03 13:14:16,28,0.1054392165517677,0.5920000000000001,normal,Cold-start: score vs population baseline (confidence ramping)
SES_0002142,USR_0012,user,2026-01-03 13:20:22,29,0.0848006738227741,0.606,normal,Cold-start: score vs population baseline (confidence ramping)
SES_0002146,USR_0012,user,2026-01-03 13:25:02,30,0.1261395032464378,0.62,normal,Cold-start: score vs population baseline (confidence ramping)
SES_0002595,USR_0012,user,2026-01-04 06:14:22,31,0.2029829736571458,0.634,normal,Cold-start: score vs population baseline (confidence ramping)
SES_0002603,USR_0012,user,2026-01-04 06:18:34,32,0.3930217591699426,0.6479999999999999,normal,Cold-start: score vs population baseline (confidence ramping)
SES_0002657,USR_0012,user,2026-01-04 07:16:54,33,0.1027798777261195,0.6619999999999999,normal,Cold-start: score vs population baseline (confidence ramping)
SES_0002697,USR_0012,user,2026-01-04 07:49:12,34,0.2122704590911447,0.6759999999999999,normal,Cold-start: score vs population baseline (confidence ramping)
SES_0003063,USR_0012,user,2026-01-04 13:59:24,35,0.0759654716509369,0.69,normal,Cold-start: score vs population baseline (confidence ramping)
SES_0003200,USR_0012,user,2026-01-04 16:19:00,36,0.0666828546578046,0.704,normal,Cold-start: score vs population baseline (confidence ramping)
SES_0003202,USR_0012,user,2026-01-04 16:20:37,37,0.0769539804525445,0.718,normal,Cold-start: score vs population baseline (confidence ramping)
SES_0003203,USR_0012,user,2026-01-04 16:21:26,38,0.1025022268397012,0.732,normal,Cold-start: score vs population baseline (confidence ramping)
SES_0003206,USR_0012,user,2026-01-04 16:25:27,39,0.0822569098204251,0.746,normal,Cold-start: score vs population baseline (confidence ramping)
SES_0003492,USR_0012,user,2026-01-05 06:04:49,40,0.2701855360514939,0.76,normal,Cold-start: score vs population baseline (confidence ramping)
SES_0003504,USR_0012,user,2026-01-05 06:16:30,41,0.1613688938627374,0.774,normal,Cold-start: score vs population baseline (confidence ramping)
SES_0003526,USR_0012,user,2026-01-05 06:45:18,42,0.1496766022829746,0.788,normal,Cold-start: score vs population baseline (confidence ramping)
SES_0003562,USR_0012,user,2026-01-05 07:27:23,43,0.2063136543425371,0.802,normal,Cold-start: score vs population baseline (confidence ramping)
SES_0003568,USR_0012,user,2026-01-05 07:31:09,44,0.0460935885220905,0.8160000000000001,normal,Cold-start: score vs population baseline (confidence ramping)
SES_0003886,USR_0012,user,2026-01-05 13:15:53,45,0.0312301630041708,0.8300000000000001,normal,Cold-start: score vs population baseline (confidence ramping)
SES_0004391,USR_0012,user,2026-01-06 06:04:09,46,0.2466810151894357,0.8440000000000001,normal,Cold-start: score vs population baseline (confidence ramping)
SES_0004817,USR_0012,user,2026-01-06 13:32:15,47,0.0380144328091947,0.8579999999999999,normal,Cold-start: score vs population baseline (confidence ramping)
SES_0004829,USR_0012,user,2026-01-06 13:48:04,48,0.0457947760310726,0.8719999999999999,normal,Cold-start: score vs population baseline (confidence ramping)
SES_0005001,USR_0012,user,2026-01-06 16:53:20,49,0.2048578536871062,0.8859999999999999,normal,Cold-start: score vs population baseline (confidence ramping)
SES_0005339,USR_0012,user,2026-01-07 07:34:03,50,0.0693417953240791,0.8999999999999999,normal,Cold-start: score vs population baseline (confidence ramping)
SES_0000063,USR_0013,user,2026-01-01 07:13:44,1,0.4881251551012197,0.21400000000000002,normal,Cold-start: score vs population baseline (confidence ramping)
SES_0000075,USR_0013,user,2026-01-01 07:20:56,2,0.4576135077245906,0.228,normal,Cold-start: score vs population baseline (confidence ramping)
SES_0000682,USR_0013,user,2026-01-01 17:49:22,3,0.2778535465178042,0.242,normal,Cold-start: score vs population baseline (confidence ramping)
SES_0000990,USR_0013,user,2026-01-02 07:25:21,4,0.3482343046739317,0.256,normal,Cold-start: score vs population baseline (confidence ramping)
SES_0001021,USR_0013,user,2026-01-02 07:51:27,5,0.2458400221113598,0.27,normal,Cold-start: score vs population baseline (confidence ramping)
SES_0001025,USR_0013,user,2026-01-02 07:54:11,6,0.2730268277453097,0.28400000000000003,normal,Cold-start: score vs population baseline (confidence ramping)
SES_0001033,USR_0013,user,2026-01-02 08:00:23,7,0.1525748544064589,0.29800000000000004,normal,Cold-start: score vs population baseline (confidence ramping)
SES_0001280,USR_0013,user,2026-01-02 13:13:13,8,0.113775932903913,0.312,normal,Cold-start: score vs population baseline (confidence ramping)
SES_0001283,USR_0013,user,2026-01-02 13:16:10,9,0.0864410322226603,0.326,normal,Cold-start: score vs population baseline (confidence ramping)
SES_0001285,USR_0013,user,2026-01-02 13:17:19,10,0.1125857446338438,0.33999999999999997,normal,Cold-start: score vs population baseline (confidence ramping)
SES_0001495,USR_0013,user,2026-01-02 17:40:43,11,0.1357800085712639,0.354,normal,Cold-start: score vs population baseline (confidence ramping)
SES_0001754,USR_0013,user,2026-01-03 07:02:31,12,0.1463426549746005,0.368,normal,Cold-start: score vs population baseline (confidence ramping)
SES_0001816,USR_0013,user,2026-01-03 07:38:19,13,0.1078529753690666,0.382,normal,Cold-start: score vs population baseline (confidence ramping)
SES_0001826,USR_0013,user,2026-01-03 07:43:46,14,0.1096562857843077,0.396,normal,Cold-start: score vs population baseline (confidence ramping)
SES_0001850,USR_0013,user,2026-01-03 08:04:17,15,0.1195703999928294,0.41000000000000003,normal,Cold-start: score vs population baseline (confidence ramping)
SES_0001883,USR_0013,user,2026-01-03 08:34:00,16,0.1230629910500031,0.424,normal,Cold-start: score vs population baseline (confidence ramping)
SES_0002123,USR_0013,user,2026-01-03 13:04:17,17,0.123491605545245,0.438,normal,Cold-start: score vs population baseline (confidence ramping)
SES_0002132,USR_0013,user,2026-01-03 13:12:02,18,0.1017816777078331,0.452,normal,Cold-start: score vs population baseline (confidence ramping)
SES_0002348,USR_0013,user,2026-01-03 17:12:42,19,0.1168689080385251,0.46599999999999997,normal,Cold-start: score vs population baseline (confidence ramping)
SES_0002367,USR_0013,user,2026-01-03 17:33:56,20,0.0839621354629016,0.48,normal,Cold-start: score vs population baseline (confidence ramping)
SES_0002719,USR_0013,user,2026-01-04 08:05:46,21,0.1884293046575007,0.494,normal,Cold-start: score vs population baseline (confidence ramping)
SES_0002754,USR_0013,user,2026-01-04 08:35:19,22,0.1612566932788332,0.508,normal,Cold-start: score vs population baseline (confidence ramping)
SES_0002761,USR_0013,user,2026-01-04 08:41:52,23,0.1656899409026492,0.522,normal,Cold-start: score vs population baseline (confidence ramping)
SES_0003031,USR_0013,user,2026-01-04 13:16:42,24,0.1258658711373624,0.536,normal,Cold-start: score vs population baseline (confidence ramping)
SES_0003048,USR_0013,user,2026-01-04 13:37:57,25,0.1276165979521787,0.55,normal,Cold-start: score vs population baseline (confidence ramping)
SES_0003566,USR_0013,user,2026-01-05 07:30:22,26,0.1270893557816415,0.5640000000000001,normal,Cold-start: score vs population baseline (confidence ramping)
SES_0003605,USR_0013,user,2026-01-05 08:12:40,27,0.1334762283274772,0.5780000000000001,normal,Cold-start: score vs population baseline (confidence ramping)
SES_0003629,USR_0013,user,2026-01-05 08:55:02,28,0.1083887160058791,0.5920000000000001,normal,Cold-start: score vs population baseline (confidence ramping)
SES_0004130,USR_0013,user,2026-01-05 17:12:19,29,0.1170500728432404,0.606,normal,Cold-start: score vs population baseline (confidence ramping)
SES_0004161,USR_0013,user,2026-01-05 17:37:42,30,0.1053060155283428,0.62,normal,Cold-start: score vs population baseline (confidence ramping)
SES_0004439,USR_0013,user,2026-01-06 07:08:03,31,0.0765629821790072,0.634,normal,Cold-start: score vs population baseline (confidence ramping)
SES_0004453,USR_0013,user,2026-01-06 07:23:04,32,0.0712211234490027,0.6479999999999999,normal,Cold-start: score vs population baseline (confidence ramping)
SES_0004458,USR_0013,user,2026-01-06 07:27:41,33,0.0818549070984002,0.6619999999999999,normal,Cold-start: score vs population baseline (confidence ramping)
SES_0004479,USR_0013,user,2026-01-06 07:42:27,34,0.0711252039463973,0.6759999999999999,normal,Cold-start: score vs population baseline (confidence ramping)
SES_0004544,USR_0013,user,2026-01-06 08:46:13,35,0.2562136048286946,0.69,normal,Cold-start: score vs population baseline (confidence ramping)
SES_0004798,USR_0013,user,2026-01-06 13:06:28,36,0.1219292497002526,0.704,normal,Cold-start: score vs population baseline (confidence ramping)
SES_0004808,USR_0013,user,2026-01-06 13:22:34,37,0.1001658906941127,0.718,normal,Cold-start: score vs population baseline (confidence ramping)
SES_0004824,USR_0013,user,2026-01-06 13:43:48,38,0.1419590755886003,0.732,normal,Cold-start: score vs population baseline (confidence ramping)
SES_0004841,USR_0013,user,2026-01-06 13:58:43,39,0.1555712141226504,0.746,normal,Cold-start: score vs population baseline (confidence ramping)
SES_0005340,USR_0013,user,2026-01-07 07:34:04,40,0.1598009506128897,0.76,normal,Cold-start: score vs population baseline (confidence ramping)
SES_0005427,USR_0013,user,2026-01-07 08:25:13,41,0.152050146915846,0.774,normal,Cold-start: score vs population baseline (confidence ramping)
SES_0005442,USR_0013,user,2026-01-07 08:42:07,42,0.321469333757985,0.788,normal,Cold-start: score vs population baseline (confidence ramping)
SES_0005685,USR_0013,user,2026-01-07 13:01:24,43,0.1589938281591255,0.802,normal,Cold-start: score vs population baseline (confidence ramping)
SES_0005704,USR_0013,user,2026-01-07 13:21:49,44,0.1119364676201839,0.8160000000000001,normal,Cold-start: score vs population baseline (confidence ramping)
SES_0005926,USR_0013,user,2026-01-07 17:29:44,45,0.0911660800895621,0.8300000000000001,normal,Cold-start: score vs population baseline (confidence ramping)
SES_0006234,USR_0013,user,2026-01-08 07:40:46,46,0.0734136348865254,0.8440000000000001,normal,Cold-start: score vs population baseline (confidence ramping)
SES_0006267,USR_0013,user,2026-01-08 08:03:20,47,0.1227369578772966,0.8579999999999999,normal,Cold-start: score vs population baseline (confidence ramping)
SES_0006307,USR_0013,user,2026-01-08 08:36:30,48,0.1007344958382005,0.8719999999999999,normal,Cold-start: score vs population baseline (confidence ramping)
SES_0006317,USR_0013,user,2026-01-08 08:52:03,49,0.2720221635548909,0.8859999999999999,normal,Cold-start: score vs population baseline (confidence ramping)
SES_0006569,USR_0013,user,2026-01-08 13:05:17,50,0.0340334032818174,0.8999999999999999,normal,Cold-start: score vs population baseline (confidence ramping)
SES_0000189,USR_0014,user,2026-01-01 09:19:10,1,0.3194091400976793,0.21400000000000002,normal,Cold-start: score vs population baseline (confidence ramping)
SES_0000191,USR_0014,user,2026-01-01 09:21:25,2,0.3726227667459236,0.228,normal,Cold-start: score vs population baseline (confidence ramping)
SES_0000222,USR_0014,user,2026-01-01 09:48:36,3,0.403527337553451,0.242,normal,Cold-start: score vs population baseline (confidence ramping)
SES_0000237,USR_0014,user,2026-01-01 10:10:39,4,0.2400502741032956,0.256,normal,Cold-start: score vs population baseline (confidence ramping)
SES_0000255,USR_0014,user,2026-01-01 10:31:26,5,0.3592864429865862,0.27,normal,Cold-start: score vs population baseline (confidence ramping)
SES_0000274,USR_0014,user,2026-01-01 10:50:38,6,0.3294630384697583,0.28400000000000003,normal,Cold-start: score vs population baseline (confidence ramping)
SES_0000476,USR_0014,user,2026-01-01 14:07:54,7,0.1680978988088112,0.29800000000000004,normal,Cold-start: score vs population baseline (confidence ramping)
SES_0000487,USR_0014,user,2026-01-01 14:22:33,8,0.1200709442993476,0.312,normal,Cold-start: score vs population baseline (confidence ramping)
SES_0000494,USR_0014,user,2026-01-01 14:29:30,9,0.1382978210276916,0.326,normal,Cold-start: score vs population baseline (confidence ramping)
SES_0000700,USR_0014,user,2026-01-01 18:09:44,10,0.1202601870060438,0.33999999999999997,normal,Cold-start: score vs population baseline (confidence ramping)
SES_0000739,USR_0014,user,2026-01-01 18:51:48,11,0.1038058910412463,0.354,normal,Cold-start: score vs population baseline (confidence ramping)
SES_0000742,USR_0014,user,2026-01-01 18:54:25,12,0.0631211835699858,0.368,normal,Cold-start: score vs population baseline (confidence ramping)
SES_0000834,USR_0014,user,2026-01-01 20:43:34,13,0.0937290362202776,0.382,normal,Cold-start: score vs population baseline (confidence ramping)
SES_0000839,USR_0014,user,2026-01-01 20:47:41,14,0.0753201057852388,0.396,normal,Cold-start: score vs population baseline (confidence ramping)
SES_0001140,USR_0014,user,2026-01-02 10:27:39,15,0.0518293298138697,0.41000000000000003,normal,Cold-start: score vs population baseline (confidence ramping)
SES_0001145,USR_0014,user,2026-01-02 10:30:38,16,0.0527597960002514,0.424,normal,Cold-start: score vs population baseline (confidence ramping)
SES_0001164,USR_0014,user,2026-01-02 10:59:25,17,0.1861763488656503,0.438,normal,Cold-start: score vs population baseline (confidence ramping)
SES_0001231,USR_0014,user,2026-01-02 12:15:48,18,0.056381643714491,0.452,normal,Cold-start: score vs population baseline (confidence ramping)
SES_0001332,USR_0014,user,2026-01-02 14:06:02,19,0.0563058473309099,0.46599999999999997,normal,Cold-start: score vs population baseline (confidence ramping)
SES_0001365,USR_0014,user,2026-01-02 14:52:27,20,0.156065808226346,0.48,normal,Cold-start: score vs population baseline (confidence ramping)
SES_0001515,USR_0014,user,2026-01-02 17:59:08,21,0.1727041106354631,0.494,normal,Cold-start: score vs population baseline (confidence ramping)
SES_0001541,USR_0014,user,2026-01-02 18:29:56,22,0.0811464084891343,0.508,normal,Cold-start: score vs population baseline (confidence ramping)
SES_0001902,USR_0014,user,2026-01-03 09:03:31,23,0.2262352712492509,0.522,normal,Cold-start: score vs population baseline (confidence ramping)
SES_0002005,USR_0014,user,2026-01-03 10:47:58,24,0.1024603654171107,0.536,normal,Cold-start: score vs population baseline (confidence ramping)
SES_0002013,USR_0014,user,2026-01-03 10:59:48,25,0.0952048036611983,0.55,normal,Cold-start: score vs population baseline (confidence ramping)
SES_0002196,USR_0014,user,2026-01-03 14:36:56,26,0.0967575415750007,0.5640000000000001,normal,Cold-start: score vs population baseline (confidence ramping)
SES_0002406,USR_0014,user,2026-01-03 18:12:26,27,0.0956214988729066,0.5780000000000001,normal,Cold-start: score vs population baseline (confidence ramping)
SES_0002494,USR_0014,user,2026-01-03 20:11:12,28,0.0975524523028709,0.5920000000000001,normal,Cold-start: score vs population baseline (confidence ramping)
SES_0002504,USR_0014,user,2026-01-03 20:28:42,29,0.1067591137753898,0.606,normal,Cold-start: score vs population baseline (confidence ramping)
SES_0002788,USR_0014,user,2026-01-04 09:03:24,30,0.1111370023342678,0.62,normal,Cold-start: score vs population baseline (confidence ramping)
SES_0002794,USR_0014,user,2026-01-04 09:17:00,31,0.1227452127495923,0.634,normal,Cold-start: score vs population baseline (confidence ramping)
SES_0002892,USR_0014,user,2026-01-04 10:56:10,32,0.1184435709688972,0.6479999999999999,normal,Cold-start: score vs population baseline (confidence ramping)
SES_0003761,USR_0014,user,2026-01-05 10:58:33,33,0.0919620642433424,0.6619999999999999,normal,Cold-start: score vs population baseline (confidence ramping)
SES_0003826,USR_0014,user,2026-01-05 12:00:38,34,0.0686064533350097,0.6759999999999999,normal,Cold-start: score vs population baseline (confidence ramping)
SES_0003842,USR_0014,user,2026-01-05 12:23:18,35,0.0768130435089373,0.69,normal,Cold-start: score vs population baseline (confidence ramping)
SES_0004151,USR_0014,user,2026-01-05 17:26:54,36,0.0931683288897955,0.704,normal,Cold-start: score vs population baseline (confidence ramping)
SES_0004273,USR_0014,user,2026-01-05 20:08:39,37,0.0759503530060474,0.718,normal,Cold-start: score vs population baseline (confidence ramping)
SES_0004621,USR_0014,user,2026-01-06 09:58:58,38,0.058715659990867,0.732,normal,Cold-start: score vs population baseline (confidence ramping)
SES_0004661,USR_0014,user,2026-01-06 10:30:58,39,0.0406652450844516,0.746,normal,Cold-start: score vs population baseline (confidence ramping)
SES_0004746,USR_0014,user,2026-01-06 12:10:56,40,0.076753791767718,0.76,normal,Cold-start: score vs population baseline (confidence ramping)
SES_0004766,USR_0014,user,2026-01-06 12:30:53,41,0.1593691214412481,0.774,normal,Cold-start: score vs population baseline (confidence ramping)
SES_0004770,USR_0014,user,2026-01-06 12:36:44,42,0.2446187034718612,0.788,normal,Cold-start: score vs population baseline (confidence ramping)
SES_0004876,USR_0014,user,2026-01-06 14:43:25,43,0.1677564434907654,0.802,normal,Cold-start: score vs population baseline (confidence ramping)
SES_0004890,USR_0014,user,2026-01-06 14:56:00,44,0.0385354766295738,0.8160000000000001,normal,Cold-start: score vs population baseline (confidence ramping)
SES_0005065,USR_0014,user,2026-01-06 17:57:33,45,0.038773315184049,0.8300000000000001,normal,Cold-start: score vs population baseline (confidence ramping)
SES_0005089,USR_0014,user,2026-01-06 18:22:47,46,0.0820534271483376,0.8440000000000001,normal,Cold-start: score vs population baseline (confidence ramping)
SES_0005506,USR_0014,user,2026-01-07 09:53:49,47,0.0607100034998842,0.8579999999999999,normal,Cold-start: score vs population baseline (confidence ramping)
SES_0005516,USR_0014,user,2026-01-07 09:58:47,48,0.0495072827047193,0.8719999999999999,normal,Cold-start: score vs population baseline (confidence ramping)
SES_0005553,USR_0014,user,2026-01-07 10:31:02,49,0.0554260202947457,0.8859999999999999,normal,Cold-start: score vs population baseline (confidence ramping)
SES_0005675,USR_0014,user,2026-01-07 12:44:18,50,0.0195819673650463,0.8999999999999999,normal,Cold-start: score vs population baseline (confidence ramping)
SES_0000011,USR_0015,user,2026-01-01 06:12:09,1,0.4300873410430738,0.21400000000000002,normal,Cold-start: score vs population baseline (confidence ramping)
SES_0000150,USR_0015,user,2026-01-01 08:33:40,2,0.305165732240454,0.228,normal,Cold-start: score vs population baseline (confidence ramping)
SES_0000164,USR_0015,user,2026-01-01 08:49:56,3,0.0713116591129712,0.242,normal,Cold-start: score vs population baseline (confidence ramping)
SES_0000308,USR_0015,user,2026-01-01 11:21:42,4,0.223362538443883,0.256,normal,Cold-start: score vs population baseline (confidence ramping)
SES_0000531,USR_0015,user,2026-01-01 15:12:03,5,0.2175056502490827,0.27,normal,Cold-start: score vs population baseline (confidence ramping)
SES_0000550,USR_0015,user,2026-01-01 15:34:49,6,0.1392387679822025,0.28400000000000003,normal,Cold-start: score vs population baseline (confidence ramping)
SES_0000552,USR_0015,user,2026-01-01 15:35:02,7,0.120139561452038,0.29800000000000004,normal,Cold-start: score vs population baseline (confidence ramping)
SES_0000560,USR_0015,user,2026-01-01 15:50:47,8,0.1472191417528299,0.312,normal,Cold-start: score vs population baseline (confidence ramping)
SES_0001183,USR_0015,user,2026-01-02 11:26:36,9,0.1328941887934446,0.326,normal,Cold-start: score vs population baseline (confidence ramping)
SES_0001863,USR_0015,user,2026-01-03 08:12:59,10,0.2561986309370181,0.33999999999999997,normal,Cold-start: score vs population baseline (confidence ramping)
SES_0002052,USR_0015,user,2026-01-03 11:44:48,11,0.1224388244003027,0.354,normal,Cold-start: score vs population baseline (confidence ramping)
SES_0002058,USR_0015,user,2026-01-03 11:48:56,12,0.1635387490669351,0.368,normal,Cold-start: score vs population baseline (confidence ramping)
SES_0002193,USR_0015,user,2026-01-03 14:35:28,13,0.1451476597253719,0.382,normal,Cold-start: score vs population baseline (confidence ramping)
SES_0002272,USR_0015,user,2026-01-03 15:57:01,14,0.2262937223298519,0.396,normal,Cold-start: score vs population baseline (confidence ramping)
SES_0002598,USR_0015,user,2026-01-04 06:16:12,15,0.3035534125574969,0.41000000000000003,normal,Cold-start: score vs population baseline (confidence ramping)
SES_0002734,USR_0015,user,2026-01-04 08:18:21,16,0.1519848508362875,0.424,normal,Cold-start: score vs population baseline (confidence ramping)
SES_0002916,USR_0015,user,2026-01-04 11:28:07,17,0.191266498644874,0.438,normal,Cold-start: score vs population baseline (confidence ramping)
SES_0002951,USR_0015,user,2026-01-04 11:54:48,18,0.3191361287984017,0.452,normal,Cold-start: score vs population baseline (confidence ramping)
SES_0003160,USR_0015,user,2026-01-04 15:38:08,19,0.1157136179575586,0.46599999999999997,normal,Cold-start: score vs population baseline (confidence ramping)
SES_0003182,USR_0015,user,2026-01-04 15:56:27,20,0.1697488155466817,0.48,normal,Cold-start: score vs population baseline (confidence ramping)
SES_0003497,USR_0015,user,2026-01-05 06:08:29,21,0.2242635001477542,0.494,normal,Cold-start: score vs population baseline (confidence ramping)
SES_0003767,USR_0015,user,2026-01-05 11:02:49,22,0.2419449250007896,0.508,normal,Cold-start: score vs population baseline (confidence ramping)
SES_0003788,USR_0015,user,2026-01-05 11:20:42,23,0.1509091292786646,0.522,normal,Cold-start: score vs population baseline (confidence ramping)
SES_0003811,USR_0015,user,2026-01-05 11:44:02,24,0.1025426241953772,0.536,normal,Cold-start: score vs population baseline (confidence ramping)
SES_0003820,USR_0015,user,2026-01-05 11:53:43,25,0.0739792096238964,0.55,normal,Cold-start: score vs population baseline (confidence ramping)
SES_0004005,USR_0015,user,2026-01-05 14:59:17,26,0.1401009199161342,0.5640000000000001,normal,Cold-start: score vs population baseline (confidence ramping)
SES_0004026,USR_0015,user,2026-01-05 15:26:21,27,0.0740981792427812,0.5780000000000001,normal,Cold-start: score vs population baseline (confidence ramping)
SES_0004410,USR_0015,user,2026-01-06 06:41:34,28,0.1838438573790199,0.5920000000000001,normal,Cold-start: score vs population baseline (confidence ramping)
SES_0004517,USR_0015,user,2026-01-06 08:18:00,29,0.0755114322453506,0.606,normal,Cold-start: score vs population baseline (confidence ramping)
SES_0004736,USR_0015,user,2026-01-06 11:59:42,30,0.0742399205044911,0.62,normal,Cold-start: score vs population baseline (confidence ramping)
SES_0004847,USR_0015,user,2026-01-06 14:03:05,31,0.0518436762664342,0.634,normal,Cold-start: score vs population baseline (confidence ramping)
SES_0004863,USR_0015,user,2026-01-06 14:30:52,32,0.0461118625191259,0.6479999999999999,normal,Cold-start: score vs population baseline (confidence ramping)
SES_0004886,USR_0015,user,2026-01-06 14:52:37,33,0.0346841004382278,0.6619999999999999,normal,Cold-start: score vs population baseline (confidence ramping)
SES_0005418,USR_0015,user,2026-01-07 08:14:25,34,0.099508461392574,0.6759999999999999,normal,Cold-start: score vs population baseline (confidence ramping)
SES_0005433,USR_0015,user,2026-01-07 08:30:59,35,0.0497609250703864,0.69,normal,Cold-start: score vs population baseline (confidence ramping)
SES_0005622,USR_0015,user,2026-01-07 11:43:55,36,0.0323984452969299,0.704,normal,Cold-start: score vs population baseline (confidence ramping)
SES_0005768,USR_0015,user,2026-01-07 14:32:22,37,0.087954210317799,0.718,normal,Cold-start: score vs population baseline (confidence ramping)
SES_0005782,USR_0015,user,2026-01-07 14:51:54,38,0.0999830216550531,0.732,normal,Cold-start: score vs population baseline (confidence ramping)
SES_0005842,USR_0015,user,2026-01-07 15:52:26,39,0.0411649564886009,0.746,normal,Cold-start: score vs population baseline (confidence ramping)
SES_0005848,USR_0015,user,2026-01-07 15:54:16,40,0.0319170786489803,0.76,normal,Cold-start: score vs population baseline (confidence ramping)
SES_0006150,USR_0015,user,2026-01-08 06:01:42,41,0.2946660179762942,0.774,normal,Cold-start: score vs population baseline (confidence ramping)
SES_0006157,USR_0015,user,2026-01-08 06:14:54,42,0.1860211774897789,0.788,normal,Cold-start: score vs population baseline (confidence ramping)
SES_0006178,USR_0015,user,2026-01-08 06:56:19,43,0.1589331373964781,0.802,normal,Cold-start: score vs population baseline (confidence ramping)
SES_0006298,USR_0015,user,2026-01-08 08:22:51,44,0.0875110845538352,0.8160000000000001,normal,Cold-start: score vs population baseline (confidence ramping)
SES_0006616,USR_0015,user,2026-01-08 14:00:12,45,0.0804659082830379,0.8300000000000001,normal,Cold-start: score vs population baseline (confidence ramping)
SES_0006669,USR_0015,user,2026-01-08 15:01:23,46,0.1203066469110545,0.8440000000000001,normal,Cold-start: score vs population baseline (confidence ramping)
SES_0006671,USR_0015,user,2026-01-08 15:01:55,47,0.186686246701227,0.8579999999999999,normal,Cold-start: score vs population baseline (confidence ramping)
SES_0006683,USR_0015,user,2026-01-08 15:14:16,48,0.0372812829878347,0.8719999999999999,normal,Cold-start: score vs population baseline (confidence ramping)
SES_0007055,USR_0015,user,2026-01-09 06:51:20,49,0.1526738754665331,0.8859999999999999,normal,Cold-start: score vs population baseline (confidence ramping)
SES_0007327,USR_0015,user,2026-01-09 11:10:31,50,0.1043651131891935,0.8999999999999999,normal,Cold-start: score vs population baseline (confidence ramping)
SES_0000068,USR_0016,user,2026-01-01 07:18:31,1,0.3247143759817236,0.21400000000000002,normal,Cold-start: score vs population baseline (confidence ramping)
SES_0000200,USR_0016,user,2026-01-01 09:31:37,2,0.2481131540514843,0.228,normal,Cold-start: score vs population baseline (confidence ramping)
SES_0000214,USR_0016,user,2026-01-01 09:43:04,3,0.077345442423766,0.242,normal,Cold-start: score vs population baseline (confidence ramping)
SES_0000221,USR_0016,user,2026-01-01 09:48:16,4,0.1158518617025136,0.256,normal,Cold-start: score vs population baseline (confidence ramping)
SES_0000472,USR_0016,user,2026-01-01 14:03:09,5,0.0896649209904341,0.27,normal,Cold-start: score vs population baseline (confidence ramping)
SES_0000967,USR_0016,user,2026-01-02 07:09:16,6,0.1028454979935843,0.28400000000000003,normal,Cold-start: score vs population baseline (confidence ramping)
SES_0000983,USR_0016,user,2026-01-02 07:21:31,7,0.0976623330974146,0.29800000000000004,normal,Cold-start: score vs population baseline (confidence ramping)
SES_0000994,USR_0016,user,2026-01-02 07:30:34,8,0.1194091875625378,0.312,normal,Cold-start: score vs population baseline (confidence ramping)
SES_0001090,USR_0016,user,2026-01-02 09:17:30,9,0.1035435443600844,0.326,normal,Cold-start: score vs population baseline (confidence ramping)
SES_0001117,USR_0016,user,2026-01-02 09:50:48,10,0.0713539024432426,0.33999999999999997,normal,Cold-start: score vs population baseline (confidence ramping)
SES_0001792,USR_0016,user,2026-01-03 07:26:27,11,0.163701810245096,0.354,normal,Cold-start: score vs population baseline (confidence ramping)
SES_0001809,USR_0016,user,2026-01-03 07:34:14,12,0.2168903868238759,0.368,normal,Cold-start: score vs population baseline (confidence ramping)
SES_0001818,USR_0016,user,2026-01-03 07:39:34,13,0.0967666375954074,0.382,normal,Cold-start: score vs population baseline (confidence ramping)
SES_0001945,USR_0016,user,2026-01-03 09:50:39,14,0.095729061914823,0.396,normal,Cold-start: score vs population baseline (confidence ramping)
SES_0001947,USR_0016,user,2026-01-03 09:52:30,15,0.1024943247818368,0.41000000000000003,normal,Cold-start: score vs population baseline (confidence ramping)
SES_0002171,USR_0016,user,2026-01-03 14:04:24,16,0.0832121700247597,0.424,normal,Cold-start: score vs population baseline (confidence ramping)
SES_0002191,USR_0016,user,2026-01-03 14:34:05,17,0.0676022240619581,0.438,normal,Cold-start: score vs population baseline (confidence ramping)
SES_0002210,USR_0016,user,2026-01-03 14:59:33,18,0.1107002817656354,0.452,normal,Cold-start: score vs population baseline (confidence ramping)
SES_0002301,USR_0016,user,2026-01-03 16:23:41,19,0.0902350215291327,0.46599999999999997,normal,Cold-start: score vs population baseline (confidence ramping)
SES_0002316,USR_0016,user,2026-01-03 16:40:11,20,0.2709378376510985,0.48,normal,Cold-start: score vs population baseline (confidence ramping)
SES_0002331,USR_0016,user,2026-01-03 16:54:07,21,0.2979645396282327,0.494,normal,Cold-start: score vs population baseline (confidence ramping)
SES_0002666,USR_0016,user,2026-01-04 07:24:02,22,0.2274581292039972,0.508,normal,Cold-start: score vs population baseline (confidence ramping)
SES_0002814,USR_0016,user,2026-01-04 09:50:41,23,0.1235267308306531,0.522,normal,Cold-start: score vs population baseline (confidence ramping)
SES_0002816,USR_0016,user,2026-01-04 09:51:07,24,0.1169460127276636,0.536,normal,Cold-start: score vs population baseline (confidence ramping)
SES_0003095,USR_0016,user,2026-01-04 14:34:40,25,0.0991517048872345,0.55,normal,Cold-start: score vs population baseline (confidence ramping)
SES_0003098,USR_0016,user,2026-01-04 14:37:24,26,0.0916809106086596,0.5640000000000001,normal,Cold-start: score vs population baseline (confidence ramping)
SES_0003107,USR_0016,user,2026-01-04 14:52:14,27,0.1212775568616787,0.5780000000000001,normal,Cold-start: score vs population baseline (confidence ramping)
SES_0003111,USR_0016,user,2026-01-04 14:53:25,28,0.175750841079311,0.5920000000000001,normal,Cold-start: score vs population baseline (confidence ramping)
SES_0003199,USR_0016,user,2026-01-04 16:18:37,29,0.1070087564703225,0.606,normal,Cold-start: score vs population baseline (confidence ramping)
SES_0003233,USR_0016,user,2026-01-04 16:58:00,30,0.0946301746609228,0.62,normal,Cold-start: score vs population baseline (confidence ramping)
SES_0003643,USR_0016,user,2026-01-05 09:07:35,31,0.1015839363162116,0.634,normal,Cold-start: score vs population baseline (confidence ramping)
SES_0003660,USR_0016,user,2026-01-05 09:20:03,32,0.1330925635554196,0.6479999999999999,normal,Cold-start: score vs population baseline (confidence ramping)
SES_0003690,USR_0016,user,2026-01-05 09:44:29,33,0.1362917405488311,0.6619999999999999,normal,Cold-start: score vs population baseline (confidence ramping)
SES_0003696,USR_0016,user,2026-01-05 09:49:18,34,0.1398706040885801,0.6759999999999999,normal,Cold-start: score vs population baseline (confidence ramping)
SES_0003945,USR_0016,user,2026-01-05 14:07:23,35,0.2084595156029721,0.69,normal,Cold-start: score vs population baseline (confidence ramping)
SES_0003986,USR_0016,user,2026-01-05 14:43:40,36,0.0870360984690436,0.704,normal,Cold-start: score vs population baseline (confidence ramping)
SES_0003991,USR_0016,user,2026-01-05 14:47:12,37,0.0912817994698686,0.718,normal,Cold-start: score vs population baseline (confidence ramping)
SES_0004080,USR_0016,user,2026-01-05 16:15:48,38,0.0637404314441117,0.732,normal,Cold-start: score vs population baseline (confidence ramping)
SES_0004090,USR_0016,user,2026-01-05 16:24:12,39,0.0690516217180433,0.746,normal,Cold-start: score vs population baseline (confidence ramping)
SES_0004114,USR_0016,user,2026-01-05 16:57:23,40,0.0582372702789762,0.76,normal,Cold-start: score vs population baseline (confidence ramping)
SES_0004431,USR_0016,user,2026-01-06 07:02:25,41,0.1899825963446455,0.774,normal,Cold-start: score vs population baseline (confidence ramping)
SES_0004438,USR_0016,user,2026-01-06 07:07:54,42,0.0568692508765406,0.788,normal,Cold-start: score vs population baseline (confidence ramping)
SES_0004569,USR_0016,user,2026-01-06 09:05:38,43,0.0403651046583529,0.802,normal,Cold-start: score vs population baseline (confidence ramping)
SES_0004573,USR_0016,user,2026-01-06 09:11:41,44,0.0372912850139763,0.8160000000000001,normal,Cold-start: score vs population baseline (confidence ramping)
SES_0004866,USR_0016,user,2026-01-06 14:34:47,45,0.0164673489425826,0.8300000000000001,normal,Cold-start: score vs population baseline (confidence ramping)
SES_0004952,USR_0016,user,2026-01-06 16:01:23,46,0.0341860718438102,0.8440000000000001,normal,Cold-start: score vs population baseline (confidence ramping)
SES_0004960,USR_0016,user,2026-01-06 16:12:42,47,0.0245438645370846,0.8579999999999999,normal,Cold-start: score vs population baseline (confidence ramping)
SES_0005738,USR_0016,user,2026-01-07 14:01:09,48,0.1410208966188904,0.8719999999999999,normal,Cold-start: score vs population baseline (confidence ramping)
SES_0005763,USR_0016,user,2026-01-07 14:30:15,49,0.0107926424669288,0.8859999999999999,normal,Cold-start: score vs population baseline (confidence ramping)
SES_0005877,USR_0016,user,2026-01-07 16:30:17,50,0.0520209813515492,0.8999999999999999,normal,Cold-start: score vs population baseline (confidence ramping)
SES_0000181,USR_0017,user,2026-01-01 09:08:44,1,0.3245777226078404,0.21400000000000002,normal,Cold-start: score vs population baseline (confidence ramping)
SES_0000328,USR_0017,user,2026-01-01 11:42:06,2,0.366620091267447,0.228,normal,Cold-start: score vs population baseline (confidence ramping)
SES_0000329,USR_0017,user,2026-01-01 11:42:13,3,0.3918813321139952,0.242,normal,Cold-start: score vs population baseline (confidence ramping)
SES_0000394,USR_0017,user,2026-01-01 12:46:22,4,0.281109488328821,0.256,normal,Cold-start: score vs population baseline (confidence ramping)
SES_0000395,USR_0017,user,2026-01-01 12:48:12,5,0.3096782065007257,0.27,normal,Cold-start: score vs population baseline (confidence ramping)
SES_0000591,USR_0017,user,2026-01-01 16:25:49,6,0.3799519664735005,0.28400000000000003,normal,Cold-start: score vs population baseline (confidence ramping)
SES_0001215,USR_0017,user,2026-01-02 11:53:40,7,0.351001357087417,0.29800000000000004,normal,Cold-start: score vs population baseline (confidence ramping)
SES_0001220,USR_0017,user,2026-01-02 12:05:59,8,0.2290254764025711,0.312,normal,Cold-start: score vs population baseline (confidence ramping)
SES_0001228,USR_0017,user,2026-01-02 12:15:37,9,0.3710553741560494,0.326,normal,Cold-start: score vs population baseline (confidence ramping)
SES_0001241,USR_0017,user,2026-01-02 12:24:08,10,0.1878043531399177,0.33999999999999997,normal,Cold-start: score vs population baseline (confidence ramping)
SES_0001257,USR_0017,user,2026-01-02 12:39:19,11,0.1761048889084156,0.354,normal,Cold-start: score vs population baseline (confidence ramping)
SES_0001260,USR_0017,user,2026-01-02 12:46:53,12,0.2167724278276043,0.368,normal,Cold-start: score vs population baseline (confidence ramping)
SES_0001421,USR_0017,user,2026-01-02 16:07:46,13,0.1425978160798614,0.382,normal,Cold-start: score vs population baseline (confidence ramping)
SES_0001445,USR_0017,user,2026-01-02 16:39:05,14,0.3263868481708725,0.396,normal,Cold-start: score vs population baseline (confidence ramping)
SES_0001448,USR_0017,user,2026-01-02 16:40:21,15,0.3750666652726168,0.41000000000000003,normal,Cold-start: score vs population baseline (confidence ramping)
SES_0001910,USR_0017,user,2026-01-03 09:12:38,16,0.2161713536178243,0.424,normal,Cold-start: score vs population baseline (confidence ramping)
SES_0002029,USR_0017,user,2026-01-03 11:17:52,17,0.1582771895018901,0.438,normal,Cold-start: score vs population baseline (confidence ramping)
SES_0002051,USR_0017,user,2026-01-03 11:44:19,18,0.2906185917123653,0.452,normal,Cold-start: score vs population baseline (confidence ramping)
SES_0002066,USR_0017,user,2026-01-03 11:57:32,19,0.2302735851077247,0.46599999999999997,normal,Cold-start: score vs population baseline (confidence ramping)
SES_0002320,USR_0017,user,2026-01-03 16:42:24,20,0.1765097120606727,0.48,normal,Cold-start: score vs population baseline (confidence ramping)
SES_0002321,USR_0017,user,2026-01-03 16:42:35,21,0.2275027878540929,0.494,normal,Cold-start: score vs population baseline (confidence ramping)
SES_0002801,USR_0017,user,2026-01-04 09:27:46,22,0.2128288811954462,0.508,normal,Cold-start: score vs population baseline (confidence ramping)
SES_0002809,USR_0017,user,2026-01-04 09:43:13,23,0.2104167570930875,0.522,normal,Cold-start: score vs population baseline (confidence ramping)
SES_0002828,USR_0017,user,2026-01-04 09:59:09,24,0.2172161744833726,0.536,normal,Cold-start: score vs population baseline (confidence ramping)
SES_0002909,USR_0017,user,2026-01-04 11:17:11,25,0.3177207228670723,0.55,normal,Cold-start: score vs population baseline (confidence ramping)
SES_0002937,USR_0017,user,2026-01-04 11:42:30,26,0.3134416197209475,0.5640000000000001,normal,Cold-start: score vs population baseline (confidence ramping)
SES_0002940,USR_0017,user,2026-01-04 11:43:40,27,0.203539556683246,0.5780000000000001,normal,Cold-start: score vs population baseline (confidence ramping)
SES_0002946,USR_0017,user,2026-01-04 11:49:24,28,0.2043921569779368,0.5920000000000001,normal,Cold-start: score vs population baseline (confidence ramping)
SES_0002959,USR_0017,user,2026-01-04 12:03:37,29,0.2075946155232721,0.606,normal,Cold-start: score vs population baseline (confidence ramping)
SES_0002985,USR_0017,user,2026-01-04 12:31:27,30,0.1950408707746762,0.62,normal,Cold-start: score vs population baseline (confidence ramping)
SES_0003210,USR_0017,user,2026-01-04 16:31:54,31,0.1893188598273485,0.634,normal,Cold-start: score vs population baseline (confidence ramping)
SES_0003224,USR_0017,user,2026-01-04 16:49:30,32,0.1757826900506704,0.6479999999999999,normal,Cold-start: score vs population baseline (confidence ramping)
SES_0003635,USR_0017,user,2026-01-05 09:01:29,33,0.1325103641076725,0.6619999999999999,normal,Cold-start: score vs population baseline (confidence ramping)
SES_0003636,USR_0017,user,2026-01-05 09:04:20,34,0.1128091424857345,0.6759999999999999,normal,Cold-start: score vs population baseline (confidence ramping)
SES_0003646,USR_0017,user,2026-01-05 09:08:43,35,0.1091855630564185,0.69,normal,Cold-start: score vs population baseline (confidence ramping)
SES_0003663,USR_0017,user,2026-01-05 09:24:26,36,0.0976323126189114,0.704,normal,Cold-start: score vs population baseline (confidence ramping)
SES_0003672,USR_0017,user,2026-01-05 09:30:50,37,0.1145703199952362,0.718,normal,Cold-start: score vs population baseline (confidence ramping)
SES_0003684,USR_0017,user,2026-01-05 09:39:43,38,0.1720181129243491,0.732,normal,Cold-start: score vs population baseline (confidence ramping)
SES_0003691,USR_0017,user,2026-01-05 09:45:52,39,0.1453031756311352,0.746,normal,Cold-start: score vs population baseline (confidence ramping)
SES_0003790,USR_0017,user,2026-01-05 11:21:43,40,0.2938828117260571,0.76,normal,Cold-start: score vs population baseline (confidence ramping)
SES_0003797,USR_0017,user,2026-01-05 11:29:46,41,0.1859510203432448,0.774,normal,Cold-start: score vs population baseline (confidence ramping)
SES_0003819,USR_0017,user,2026-01-05 11:53:38,42,0.1683376407085529,0.788,normal,Cold-start: score vs population baseline (confidence ramping)
SES_0004078,USR_0017,user,2026-01-05 16:11:23,43,0.1512364398404359,0.802,normal,Cold-start: score vs population baseline (confidence ramping)
SES_0004117,USR_0017,user,2026-01-05 16:59:22,44,0.2674440318470356,0.8160000000000001,normal,Cold-start: score vs population baseline (confidence ramping)
SES_0004599,USR_0017,user,2026-01-06 09:41:40,45,0.1968654864118515,0.8300000000000001,normal,Cold-start: score vs population baseline (confidence ramping)
SES_0004622,USR_0017,user,2026-01-06 09:59:58,46,0.1243513639073651,0.8440000000000001,normal,Cold-start: score vs population baseline (confidence ramping)
SES_0004790,USR_0017,user,2026-01-06 12:52:43,47,0.1005692302213266,0.8579999999999999,normal,Cold-start: score vs population baseline (confidence ramping)
SES_0005483,USR_0017,user,2026-01-07 09:23:50,48,0.2147355268949949,0.8719999999999999,normal,Cold-start: score vs population baseline (confidence ramping)
SES_0005487,USR_0017,user,2026-01-07 09:26:05,49,0.2254762141964074,0.8859999999999999,normal,Cold-start: score vs population baseline (confidence ramping)
SES_0005505,USR_0017,user,2026-01-07 09:53:35,50,0.0864147112606758,0.8999999999999999,normal,Cold-start: score vs population baseline (confidence ramping)
SES_0000498,USR_0018,user,2026-01-01 14:35:25,1,0.3140381154622074,0.21400000000000002,normal,Cold-start: score vs population baseline (confidence ramping)
SES_0000746,USR_0018,user,2026-01-01 19:02:43,2,0.2544448144337766,0.228,normal,Cold-start: score vs population baseline (confidence ramping)
SES_0000810,USR_0018,user,2026-01-01 20:15:07,3,0.0776410384460304,0.242,normal,Cold-start: score vs population baseline (confidence ramping)
SES_0001282,USR_0018,user,2026-01-02 13:15:23,4,0.0565874379315506,0.256,normal,Cold-start: score vs population baseline (confidence ramping)
SES_0001287,USR_0018,user,2026-01-02 13:20:57,5,0.0778944480356164,0.27,normal,Cold-start: score vs population baseline (confidence ramping)
SES_0001587,USR_0018,user,2026-01-02 19:27:44,6,0.1182875877288106,0.28400000000000003,normal,Cold-start: score vs population baseline (confidence ramping)
SES_0001599,USR_0018,user,2026-01-02 19:46:09,7,0.1328858499212157,0.29800000000000004,normal,Cold-start: score vs population baseline (confidence ramping)
SES_0001652,USR_0018,user,2026-01-02 20:58:01,8,0.0818638352797882,0.312,normal,Cold-start: score vs population baseline (confidence ramping)
SES_0002187,USR_0018,user,2026-01-03 14:30:22,9,0.1400119237713193,0.326,normal,Cold-start: score vs population baseline (confidence ramping)
SES_0002567,USR_0018,user,2026-01-03 21:41:44,10,0.2358826160404555,0.33999999999999997,normal,Cold-start: score vs population baseline (confidence ramping)
SES_0002796,USR_0018,user,2026-01-04 09:20:19,11,0.1355170619792853,0.354,normal,Cold-start: score vs population baseline (confidence ramping)
SES_0003020,USR_0018,user,2026-01-04 13:05:31,12,0.1080718594366164,0.368,normal,Cold-start: score vs population baseline (confidence ramping)
SES_0003024,USR_0018,user,2026-01-04 13:09:12,13,0.1289860885518529,0.382,normal,Cold-start: score vs population baseline (confidence ramping)
SES_0003371,USR_0018,user,2026-01-04 19:39:09,14,0.1567221169036096,0.396,normal,Cold-start: score vs population baseline (confidence ramping)
SES_0003390,USR_0018,user,2026-01-04 20:10:11,15,0.1311970216113567,0.41000000000000003,normal,Cold-start: score vs population baseline (confidence ramping)
SES_0003881,USR_0018,user,2026-01-05 13:04:40,16,0.0908208437342712,0.424,normal,Cold-start: score vs population baseline (confidence ramping)
SES_0003893,USR_0018,user,2026-01-05 13:21:53,17,0.1073653981337471,0.438,normal,Cold-start: score vs population baseline (confidence ramping)
SES_0003954,USR_0018,user,2026-01-05 14:15:18,18,0.1772962170120717,0.452,normal,Cold-start: score vs population baseline (confidence ramping)
SES_0003957,USR_0018,user,2026-01-05 14:16:34,19,0.0854656909510604,0.46599999999999997,normal,Cold-start: score vs population baseline (confidence ramping)
SES_0003963,USR_0018,user,2026-01-05 14:20:01,20,0.0751544295468156,0.48,normal,Cold-start: score vs population baseline (confidence ramping)
SES_0004345,USR_0018,user,2026-01-05 21:24:05,21,0.170065938507877,0.494,normal,Cold-start: score vs population baseline (confidence ramping)
SES_0004385,USR_0018,user,2026-01-05 21:56:33,22,0.1835960817953296,0.508,normal,Cold-start: score vs population baseline (confidence ramping)
SES_0004884,USR_0018,user,2026-01-06 14:51:52,23,0.0519397772965901,0.522,normal,Cold-start: score vs population baseline (confidence ramping)
SES_0005134,USR_0018,user,2026-01-06 19:18:53,24,0.0503475426449742,0.536,normal,Cold-start: score vs population baseline (confidence ramping)
SES_0005153,USR_0018,user,2026-01-06 19:43:30,25,0.0545010259768719,0.55,normal,Cold-start: score vs population baseline (confidence ramping)
SES_0005155,USR_0018,user,2026-01-06 19:44:22,26,0.0714896944842142,0.5640000000000001,normal,Cold-start: score vs population baseline (confidence ramping)
SES_0005473,USR_0018,user,2026-01-07 09:14:44,27,0.0838428425403895,0.5780000000000001,normal,Cold-start: score vs population baseline (confidence ramping)
SES_0005721,USR_0018,user,2026-01-07 13:40:30,28,0.1829678043994022,0.5920000000000001,normal,Cold-start: score vs population baseline (confidence ramping)
SES_0005755,USR_0018,user,2026-01-07 14:22:24,29,0.0594727382031564,0.606,normal,Cold-start: score vs population baseline (confidence ramping)
SES_0005767,USR_0018,user,2026-01-07 14:32:17,30,0.0664819284506428,0.62,normal,Cold-start: score vs population baseline (confidence ramping)
SES_0005997,USR_0018,user,2026-01-07 19:00:31,31,0.1789853015734751,0.634,normal,Cold-start: score vs population baseline (confidence ramping)
SES_0006006,USR_0018,user,2026-01-07 19:08:50,32,0.0524284729908141,0.6479999999999999,normal,Cold-start: score vs population baseline (confidence ramping)
SES_0006035,USR_0018,user,2026-01-07 19:48:15,33,0.0394272050180267,0.6619999999999999,normal,Cold-start: score vs population baseline (confidence ramping)
SES_0006046,USR_0018,user,2026-01-07 20:00:28,34,0.1036936709719953,0.6759999999999999,normal,Cold-start: score vs population baseline (confidence ramping)
SES_0006130,USR_0018,user,2026-01-07 21:34:56,35,0.1604127419364886,0.69,normal,Cold-start: score vs population baseline (confidence ramping)
SES_0006135,USR_0018,user,2026-01-07 21:42:48,36,0.1454533442368864,0.704,normal,Cold-start: score vs population baseline (confidence ramping)
SES_0006350,USR_0018,user,2026-01-08 09:20:25,37,0.0298859698646437,0.718,normal,Cold-start: score vs population baseline (confidence ramping)
SES_0006370,USR_0018,user,2026-01-08 09:39:08,38,0.0675057791467469,0.732,normal,Cold-start: score vs population baseline (confidence ramping)
SES_0006379,USR_0018,user,2026-01-08 09:50:48,39,0.0806766451234894,0.746,normal,Cold-start: score vs population baseline (confidence ramping)
SES_0006658,USR_0018,user,2026-01-08 14:49:44,40,0.0437235942029731,0.76,normal,Cold-start: score vs population baseline (confidence ramping)
SES_0006928,USR_0018,user,2026-01-08 20:10:26,41,0.0789764430608489,0.774,normal,Cold-start: score vs population baseline (confidence ramping)
SES_0006948,USR_0018,user,2026-01-08 20:35:44,42,0.0773576096833108,0.788,normal,Cold-start: score vs population baseline (confidence ramping)
SES_0007007,USR_0018,user,2026-01-08 21:38:28,43,0.1355617578226357,0.802,normal,Cold-start: score vs population baseline (confidence ramping)
SES_0007009,USR_0018,user,2026-01-08 21:39:44,44,0.1416336442933911,0.8160000000000001,normal,Cold-start: score vs population baseline (confidence ramping)
SES_0007508,USR_0018,user,2026-01-09 14:42:18,45,0.0661045295544742,0.8300000000000001,normal,Cold-start: score vs population baseline (confidence ramping)
SES_0007515,USR_0018,user,2026-01-09 14:49:12,46,0.0414808883914537,0.8440000000000001,normal,Cold-start: score vs population baseline (confidence ramping)
SES_0007741,USR_0018,user,2026-01-09 19:08:50,47,0.0801090284786023,0.8579999999999999,normal,Cold-start: score vs population baseline (confidence ramping)
SES_0007767,USR_0018,user,2026-01-09 19:33:57,48,0.086631071082345,0.8719999999999999,normal,Cold-start: score vs population baseline (confidence ramping)
SES_0007778,USR_0018,user,2026-01-09 19:46:20,49,0.1300838789507759,0.8859999999999999,normal,Cold-start: score vs population baseline (confidence ramping)
SES_0007808,USR_0018,user,2026-01-09 20:37:57,50,0.275462946556623,0.8999999999999999,normal,Cold-start: score vs population baseline (confidence ramping)
SES_0000042,USR_0019,user,2026-01-01 06:59:28,1,0.4015997738221045,0.21400000000000002,normal,Cold-start: score vs population baseline (confidence ramping)
SES_0000110,USR_0019,user,2026-01-01 07:49:06,2,0.2851817560410751,0.228,normal,Cold-start: score vs population baseline (confidence ramping)
SES_0000115,USR_0019,user,2026-01-01 07:52:41,3,0.0957838611440277,0.242,normal,Cold-start: score vs population baseline (confidence ramping)
SES_0000139,USR_0019,user,2026-01-01 08:31:32,4,0.3423845484285963,0.256,normal,Cold-start: score vs population baseline (confidence ramping)
SES_0000212,USR_0019,user,2026-01-01 09:42:42,5,0.2157881624330484,0.27,normal,Cold-start: score vs population baseline (confidence ramping)
SES_0000944,USR_0019,user,2026-01-02 06:47:18,6,0.2447922058081133,0.28400000000000003,normal,Cold-start: score vs population baseline (confidence ramping)
SES_0000955,USR_0019,user,2026-01-02 07:01:09,7,0.3310403483921443,0.29800000000000004,normal,Cold-start: score vs population baseline (confidence ramping)
SES_0000995,USR_0019,user,2026-01-02 07:31:09,8,0.1944073905192059,0.312,normal,Cold-start: score vs population baseline (confidence ramping)
SES_0001058,USR_0019,user,2026-01-02 08:34:07,9,0.1145089052090036,0.326,normal,Cold-start: score vs population baseline (confidence ramping)
SES_0001104,USR_0019,user,2026-01-02 09:32:02,10,0.1416828150041549,0.33999999999999997,normal,Cold-start: score vs population baseline (confidence ramping)
SES_0001337,USR_0019,user,2026-01-02 14:11:05,11,0.2523256165529526,0.354,normal,Cold-start: score vs population baseline (confidence ramping)
SES_0001356,USR_0019,user,2026-01-02 14:36:31,12,0.0823933066893153,0.368,normal,Cold-start: score vs population baseline (confidence ramping)
SES_0001363,USR_0019,user,2026-01-02 14:52:07,13,0.0723462454980965,0.382,normal,Cold-start: score vs population baseline (confidence ramping)
SES_0001369,USR_0019,user,2026-01-02 14:59:44,14,0.0611624163010704,0.396,normal,Cold-start: score vs population baseline (confidence ramping)
SES_0001431,USR_0019,user,2026-01-02 16:27:03,15,0.0845647311416613,0.41000000000000003,normal,Cold-start: score vs population baseline (confidence ramping)
SES_0001611,USR_0019,user,2026-01-02 20:06:02,16,0.0967071050731828,0.424,normal,Cold-start: score vs population baseline (confidence ramping)
SES_0001657,USR_0019,user,2026-01-02 21:03:48,17,0.1768065620406189,0.438,normal,Cold-start: score vs population baseline (confidence ramping)
SES_0001665,USR_0019,user,2026-01-02 21:14:02,18,0.1841227004778602,0.452,normal,Cold-start: score vs population baseline (confidence ramping)
SES_0001790,USR_0019,user,2026-01-03 07:26:16,19,0.1083052857873175,0.46599999999999997,normal,Cold-start: score vs population baseline (confidence ramping)
SES_0001805,USR_0019,user,2026-01-03 07:32:02,20,0.1431045005411601,0.48,normal,Cold-start: score vs population baseline (confidence ramping)
SES_0001922,USR_0019,user,2026-01-03 09:22:32,21,0.086416891417879,0.494,normal,Cold-start: score vs population baseline (confidence ramping)
SES_0002617,USR_0019,user,2026-01-04 06:34:59,22,0.2187721792558345,0.508,normal,Cold-start: score vs population baseline (confidence ramping)
SES_0002784,USR_0019,user,2026-01-04 09:01:03,23,0.2187923457488182,0.522,normal,Cold-start: score vs population baseline (confidence ramping)
SES_0002803,USR_0019,user,2026-01-04 09:31:32,24,0.2840505783378613,0.536,normal,Cold-start: score vs population baseline (confidence ramping)
SES_0003528,USR_0019,user,2026-01-05 06:47:44,25,0.194415482012952,0.55,normal,Cold-start: score vs population baseline (confidence ramping)
SES_0003531,USR_0019,user,2026-01-05 06:51:58,26,0.2027706849428629,0.5640000000000001,normal,Cold-start: score vs population baseline (confidence ramping)
SES_0003533,USR_0019,user,2026-01-05 06:52:45,27,0.2885654263226395,0.5780000000000001,normal,Cold-start: score vs population baseline (confidence ramping)
SES_0003606,USR_0019,user,2026-01-05 08:15:12,28,0.2108382999002804,0.5920000000000001,normal,Cold-start: score vs population baseline (confidence ramping)
SES_0003651,USR_0019,user,2026-01-05 09:14:15,29,0.1159244086105123,0.606,normal,Cold-start: score vs population baseline (confidence ramping)
SES_0004003,USR_0019,user,2026-01-05 14:58:35,30,0.0863236549859284,0.62,normal,Cold-start: score vs population baseline (confidence ramping)
SES_0004067,USR_0019,user,2026-01-05 16:06:14,31,0.0646780301021882,0.634,normal,Cold-start: score vs population baseline (confidence ramping)
SES_0004328,USR_0019,user,2026-01-05 21:05:00,32,0.1979152251807136,0.6479999999999999,normal,Cold-start: score vs population baseline (confidence ramping)
SES_0004380,USR_0019,user,2026-01-05 21:54:03,33,0.2450960791575644,0.6619999999999999,normal,Cold-start: score vs population baseline (confidence ramping)
SES_0004408,USR_0019,user,2026-01-06 06:37:42,34,0.1925791410894715,0.6759999999999999,normal,Cold-start: score vs population baseline (confidence ramping)
SES_0004594,USR_0019,user,2026-01-06 09:36:59,35,0.0806858102364753,0.69,normal,Cold-start: score vs population baseline (confidence ramping)
SES_0004965,USR_0019,user,2026-01-06 16:22:06,36,0.0683399772601478,0.704,normal,Cold-start: score vs population baseline (confidence ramping)
SES_0005199,USR_0019,user,2026-01-06 20:43:01,37,0.0520823481616171,0.718,normal,Cold-start: score vs population baseline (confidence ramping)
SES_0005286,USR_0019,user,2026-01-07 06:30:01,38,0.1659403673166863,0.732,normal,Cold-start: score vs population baseline (confidence ramping)
SES_0005314,USR_0019,user,2026-01-07 07:10:02,39,0.079310028293871,0.746,normal,Cold-start: score vs population baseline (confidence ramping)
SES_0005464,USR_0019,user,2026-01-07 09:06:34,40,0.0684982793693323,0.76,normal,Cold-start: score vs population baseline (confidence ramping)
SES_0005514,USR_0019,user,2026-01-07 09:57:17,41,0.0566386240060898,0.774,normal,Cold-start: score vs population baseline (confidence ramping)
SES_0006085,USR_0019,user,2026-01-07 20:53:57,42,0.0563196897923325,0.788,normal,Cold-start: score vs population baseline (confidence ramping)
SES_0006128,USR_0019,user,2026-01-07 21:32:28,43,0.163631434070079,0.802,normal,Cold-start: score vs population baseline (confidence ramping)
SES_0006144,USR_0019,user,2026-01-07 21:53:56,44,0.1780004209106576,0.8160000000000001,normal,Cold-start: score vs population baseline (confidence ramping)
SES_0006257,USR_0019,user,2026-01-08 07:56:16,45,0.0551306615047461,0.8300000000000001,normal,Cold-start: score vs population baseline (confidence ramping)
SES_0006329,USR_0019,user,2026-01-08 09:03:35,46,0.0955629194711423,0.8440000000000001,normal,Cold-start: score vs population baseline (confidence ramping)
SES_0006364,USR_0019,user,2026-01-08 09:35:23,47,0.0577582905733545,0.8579999999999999,normal,Cold-start: score vs population baseline (confidence ramping)
SES_0006368,USR_0019,user,2026-01-08 09:37:37,48,0.0542157323171826,0.8719999999999999,normal,Cold-start: score vs population baseline (confidence ramping)
SES_0006380,USR_0019,user,2026-01-08 09:51:42,49,0.0296141461998374,0.8859999999999999,normal,Cold-start: score vs population baseline (confidence ramping)
SES_0006664,USR_0019,user,2026-01-08 14:56:15,50,0.0601545312699745,0.8999999999999999,normal,Cold-start: score vs population baseline (confidence ramping)
SES_0000270,USR_0020,user,2026-01-01 10:48:52,1,0.3151298040068456,0.21400000000000002,normal,Cold-start: score vs population baseline (confidence ramping)
SES_0000723,USR_0020,user,2026-01-01 18:37:24,2,0.1635478203302008,0.228,normal,Cold-start: score vs population baseline (confidence ramping)
SES_0000751,USR_0020,user,2026-01-01 19:07:53,3,0.1647893045103965,0.242,normal,Cold-start: score vs population baseline (confidence ramping)
SES_0000769,USR_0020,user,2026-01-01 19:31:51,4,0.2408278545920851,0.256,normal,Cold-start: score vs population baseline (confidence ramping)
SES_0000777,USR_0020,user,2026-01-01 19:37:09,5,0.121495276499734,0.27,normal,Cold-start: score vs population baseline (confidence ramping)
SES_0000861,USR_0020,user,2026-01-01 21:11:22,6,0.2019099315693822,0.28400000000000003,normal,Cold-start: score vs population baseline (confidence ramping)
SES_0000871,USR_0020,user,2026-01-01 21:18:24,7,0.2224925935852305,0.29800000000000004,normal,Cold-start: score vs population baseline (confidence ramping)
SES_0001125,USR_0020,user,2026-01-02 10:09:04,8,0.2169192373314195,0.312,normal,Cold-start: score vs population baseline (confidence ramping)
SES_0001538,USR_0020,user,2026-01-02 18:20:47,9,0.1345456087107467,0.326,normal,Cold-start: score vs population baseline (confidence ramping)
SES_0001577,USR_0020,user,2026-01-02 19:19:58,10,0.1208888717620078,0.33999999999999997,normal,Cold-start: score vs population baseline (confidence ramping)
SES_0001592,USR_0020,user,2026-01-02 19:33:40,11,0.1152091383086342,0.354,normal,Cold-start: score vs population baseline (confidence ramping)
SES_0001663,USR_0020,user,2026-01-02 21:11:50,12,0.2947148326227697,0.368,normal,Cold-start: score vs population baseline (confidence ramping)
SES_0001666,USR_0020,user,2026-01-02 21:14:32,13,0.3550906082709885,0.382,normal,Cold-start: score vs population baseline (confidence ramping)
SES_0001687,USR_0020,user,2026-01-02 21:37:53,14,0.2106639717490994,0.396,normal,Cold-start: score vs population baseline (confidence ramping)
SES_0001688,USR_0020,user,2026-01-02 21:39:27,15,0.2112338267404593,0.41000000000000003,normal,Cold-start: score vs population baseline (confidence ramping)
SES_0001970,USR_0020,user,2026-01-03 10:09:27,16,0.1542101774446157,0.424,normal,Cold-start: score vs population baseline (confidence ramping)
SES_0002010,USR_0020,user,2026-01-03 10:58:41,17,0.1642852626777727,0.438,normal,Cold-start: score vs population baseline (confidence ramping)
SES_0002530,USR_0020,user,2026-01-03 21:01:42,18,0.2663342783451379,0.452,normal,Cold-start: score vs population baseline (confidence ramping)
SES_0002538,USR_0020,user,2026-01-03 21:07:59,19,0.2306666234243173,0.46599999999999997,normal,Cold-start: score vs population baseline (confidence ramping)
SES_0002563,USR_0020,user,2026-01-03 21:33:15,20,0.2527597559001729,0.48,normal,Cold-start: score vs population baseline (confidence ramping)
SES_0002565,USR_0020,user,2026-01-03 21:38:40,21,0.2543006891586673,0.494,normal,Cold-start: score vs population baseline (confidence ramping)
SES_0002581,USR_0020,user,2026-01-03 21:53:53,22,0.2928576486894534,0.508,normal,Cold-start: score vs population baseline (confidence ramping)
SES_0002584,USR_0020,user,2026-01-03 21:57:29,23,0.2632393154898769,0.522,normal,Cold-start: score vs population baseline (confidence ramping)
SES_0002585,USR_0020,user,2026-01-03 21:57:38,24,0.3193245174726972,0.536,normal,Cold-start: score vs population baseline (confidence ramping)
SES_0002586,USR_0020,user,2026-01-03 21:58:07,25,0.2401704699228241,0.55,normal,Cold-start: score vs population baseline (confidence ramping)
SES_0002843,USR_0020,user,2026-01-04 10:10:32,26,0.1680676596062019,0.5640000000000001,normal,Cold-start: score vs population baseline (confidence ramping)
SES_0002851,USR_0020,user,2026-01-04 10:22:23,27,0.1581496883447231,0.5780000000000001,normal,Cold-start: score vs population baseline (confidence ramping)
SES_0002887,USR_0020,user,2026-01-04 10:53:47,28,0.1348778465877476,0.5920000000000001,normal,Cold-start: score vs population baseline (confidence ramping)
SES_0003377,USR_0020,user,2026-01-04 19:57:26,29,0.1558139126969867,0.606,normal,Cold-start: score vs population baseline (confidence ramping)
SES_0003463,USR_0020,user,2026-01-04 21:40:50,30,0.2446951274361827,0.62,normal,Cold-start: score vs population baseline (confidence ramping)
SES_0003472,USR_0020,user,2026-01-04 21:46:32,31,0.2922151546451031,0.634,normal,Cold-start: score vs population baseline (confidence ramping)
SES_0003718,USR_0020,user,2026-01-05 10:13:16,32,0.1267174362607801,0.6479999999999999,normal,Cold-start: score vs population baseline (confidence ramping)
SES_0003759,USR_0020,user,2026-01-05 10:54:51,33,0.2108067224665784,0.6619999999999999,normal,Cold-start: score vs population baseline (confidence ramping)
SES_0004180,USR_0020,user,2026-01-05 18:02:15,34,0.1251911471993213,0.6759999999999999,normal,Cold-start: score vs population baseline (confidence ramping)
SES_0004231,USR_0020,user,2026-01-05 19:03:43,35,0.1322919770001324,0.69,normal,Cold-start: score vs population baseline (confidence ramping)
SES_0004260,USR_0020,user,2026-01-05 19:44:17,36,0.1071343359748189,0.704,normal,Cold-start: score vs population baseline (confidence ramping)
SES_0004335,USR_0020,user,2026-01-05 21:13:16,37,0.2240850621028779,0.718,normal,Cold-start: score vs population baseline (confidence ramping)
SES_0004371,USR_0020,user,2026-01-05 21:44:28,38,0.2315814941072186,0.732,normal,Cold-start: score vs population baseline (confidence ramping)
SES_0004691,USR_0020,user,2026-01-06 10:54:52,39,0.0996690749004427,0.746,normal,Cold-start: score vs population baseline (confidence ramping)
SES_0005079,USR_0020,user,2026-01-06 18:12:27,40,0.0805337665075308,0.76,normal,Cold-start: score vs population baseline (confidence ramping)
SES_0005080,USR_0020,user,2026-01-06 18:12:31,41,0.1659754685730917,0.774,normal,Cold-start: score vs population baseline (confidence ramping)
SES_0005140,USR_0020,user,2026-01-06 19:23:59,42,0.0919522947428334,0.788,normal,Cold-start: score vs population baseline (confidence ramping)
SES_0005142,USR_0020,user,2026-01-06 19:28:51,43,0.0969295613754828,0.802,normal,Cold-start: score vs population baseline (confidence ramping)
SES_0005144,USR_0020,user,2026-01-06 19:31:55,44,0.0902705279908612,0.8160000000000001,normal,Cold-start: score vs population baseline (confidence ramping)
SES_0005226,USR_0020,user,2026-01-06 21:25:36,45,0.1975148323199562,0.8300000000000001,normal,Cold-start: score vs population baseline (confidence ramping)
SES_0005228,USR_0020,user,2026-01-06 21:29:21,46,0.1895566543040837,0.8440000000000001,normal,Cold-start: score vs population baseline (confidence ramping)
SES_0005952,USR_0020,user,2026-01-07 18:09:27,47,0.229585239967568,0.8579999999999999,normal,Cold-start: score vs population baseline (confidence ramping)
SES_0005968,USR_0020,user,2026-01-07 18:30:09,48,0.2857301182687931,0.8719999999999999,normal,Cold-start: score vs population baseline (confidence ramping)
SES_0005971,USR_0020,user,2026-01-07 18:31:52,49,0.0901618187638127,0.8859999999999999,normal,Cold-start: score vs population baseline (confidence ramping)
SES_0006002,USR_0020,user,2026-01-07 19:02:34,50,0.0902296329406995,0.8999999999999999,normal,Cold-start: score vs population baseline (confidence ramping)
SES_0000000,USR_0021,user,2026-01-01 06:00:16,1,0.4110016950317497,0.21400000000000002,normal,Cold-start: score vs population baseline (confidence ramping)
SES_0000016,USR_0021,user,2026-01-01 06:25:28,2,0.319755619736688,0.228,normal,Cold-start: score vs population baseline (confidence ramping)
SES_0000045,USR_0021,user,2026-01-01 07:01:58,3,0.1591024006924628,0.242,normal,Cold-start: score vs population baseline (confidence ramping)
SES_0000320,USR_0021,user,2026-01-01 11:30:34,4,0.1625260283115198,0.256,normal,Cold-start: score vs population baseline (confidence ramping)
SES_0000338,USR_0021,user,2026-01-01 11:49:45,5,0.0751633262044829,0.27,normal,Cold-start: score vs population baseline (confidence ramping)
SES_0000677,USR_0021,user,2026-01-01 17:47:14,6,0.0763912068953576,0.28400000000000003,normal,Cold-start: score vs population baseline (confidence ramping)
SES_0000681,USR_0021,user,2026-01-01 17:49:01,7,0.118775062796017,0.29800000000000004,normal,Cold-start: score vs population baseline (confidence ramping)
SES_0000691,USR_0021,user,2026-01-01 17:58:37,8,0.2054303885288564,0.312,normal,Cold-start: score vs population baseline (confidence ramping)
SES_0000938,USR_0021,user,2026-01-02 06:43:07,9,0.18975950355965,0.326,normal,Cold-start: score vs population baseline (confidence ramping)
SES_0000946,USR_0021,user,2026-01-02 06:47:56,10,0.1729629572145359,0.33999999999999997,normal,Cold-start: score vs population baseline (confidence ramping)
SES_0000961,USR_0021,user,2026-01-02 07:06:27,11,0.0794617466212622,0.354,normal,Cold-start: score vs population baseline (confidence ramping)
SES_0001016,USR_0021,user,2026-01-02 07:46:00,12,0.0672016136262063,0.368,normal,Cold-start: score vs population baseline (confidence ramping)
SES_0001464,USR_0021,user,2026-01-02 17:01:59,13,0.0579913716677577,0.382,normal,Cold-start: score vs population baseline (confidence ramping)
SES_0001469,USR_0021,user,2026-01-02 17:14:48,14,0.2870004244703786,0.396,normal,Cold-start: score vs population baseline (confidence ramping)
SES_0001471,USR_0021,user,2026-01-02 17:16:36,15,0.4363809338210813,0.41000000000000003,normal,Cold-start: score vs population baseline (confidence ramping)
SES_0001477,USR_0021,user,2026-01-02 17:21:30,16,0.0476903732561074,0.424,normal,Cold-start: score vs population baseline (confidence ramping)
SES_0001482,USR_0021,user,2026-01-02 17:24:11,17,0.0534998547131311,0.438,normal,Cold-start: score vs population baseline (confidence ramping)
SES_0001713,USR_0021,user,2026-01-03 06:15:11,18,0.2320561200184104,0.452,normal,Cold-start: score vs population baseline (confidence ramping)
SES_0001718,USR_0021,user,2026-01-03 06:22:53,19,0.2113392258766243,0.46599999999999997,normal,Cold-start: score vs population baseline (confidence ramping)
SES_0001750,USR_0021,user,2026-01-03 07:01:08,20,0.1145861378072676,0.48,normal,Cold-start: score vs population baseline (confidence ramping)
SES_0001770,USR_0021,user,2026-01-03 07:09:25,21,0.1185651270564866,0.494,normal,Cold-start: score vs population baseline (confidence ramping)
SES_0001836,USR_0021,user,2026-01-03 07:52:02,22,0.106824877527454,0.508,normal,Cold-start: score vs population baseline (confidence ramping)
SES_0002020,USR_0021,user,2026-01-03 11:07:31,23,0.1027442184435524,0.522,normal,Cold-start: score vs population baseline (confidence ramping)
SES_0002043,USR_0021,user,2026-01-03 11:39:18,24,0.2312809440527077,0.536,normal,Cold-start: score vs population baseline (confidence ramping)
SES_0002359,USR_0021,user,2026-01-03 17:28:54,25,0.1583560501050421,0.55,normal,Cold-start: score vs population baseline (confidence ramping)
SES_0002365,USR_0021,user,2026-01-03 17:32:32,26,0.0914090563923674,0.5640000000000001,normal,Cold-start: score vs population baseline (confidence ramping)
SES_0002394,USR_0021,user,2026-01-03 17:58:50,27,0.1337669739199471,0.5780000000000001,normal,Cold-start: score vs population baseline (confidence ramping)
SES_0002611,USR_0021,user,2026-01-04 06:28:33,28,0.2235336776957484,0.5920000000000001,normal,Cold-start: score vs population baseline (confidence ramping)
SES_0002616,USR_0021,user,2026-01-04 06:34:55,29,0.2984938424188498,0.606,normal,Cold-start: score vs population baseline (confidence ramping)
SES_0002626,USR_0021,user,2026-01-04 06:49:46,30,0.2032158980488786,0.62,normal,Cold-start: score vs population baseline (confidence ramping)
SES_0002637,USR_0021,user,2026-01-04 07:05:50,31,0.1018262021154598,0.634,normal,Cold-start: score vs population baseline (confidence ramping)
SES_0002669,USR_0021,user,2026-01-04 07:25:11,32,0.1010807227867409,0.6479999999999999,normal,Cold-start: score vs population baseline (confidence ramping)
SES_0002676,USR_0021,user,2026-01-04 07:29:01,33,0.0993192193049225,0.6619999999999999,normal,Cold-start: score vs population baseline (confidence ramping)
SES_0003251,USR_0021,user,2026-01-04 17:18:25,34,0.0701561013412346,0.6759999999999999,normal,Cold-start: score vs population baseline (confidence ramping)
SES_0003495,USR_0021,user,2026-01-05 06:06:17,35,0.1899273462555108,0.69,normal,Cold-start: score vs population baseline (confidence ramping)
SES_0003501,USR_0021,user,2026-01-05 06:12:38,36,0.1673670968554895,0.704,normal,Cold-start: score vs population baseline (confidence ramping)
SES_0003505,USR_0021,user,2026-01-05 06:17:25,37,0.1837981722227025,0.718,normal,Cold-start: score vs population baseline (confidence ramping)
SES_0003529,USR_0021,user,2026-01-05 06:48:50,38,0.1691665881000312,0.732,normal,Cold-start: score vs population baseline (confidence ramping)
SES_0003567,USR_0021,user,2026-01-05 07:31:07,39,0.0703343914834091,0.746,normal,Cold-start: score vs population baseline (confidence ramping)
SES_0003766,USR_0021,user,2026-01-05 11:02:36,40,0.0662395684040636,0.76,normal,Cold-start: score vs population baseline (confidence ramping)
SES_0003772,USR_0021,user,2026-01-05 11:05:26,41,0.0390011435106131,0.774,normal,Cold-start: score vs population baseline (confidence ramping)
SES_0004150,USR_0021,user,2026-01-05 17:25:35,42,0.0393023867976565,0.788,normal,Cold-start: score vs population baseline (confidence ramping)
SES_0004390,USR_0021,user,2026-01-06 06:02:55,43,0.1495622195935721,0.802,normal,Cold-start: score vs population baseline (confidence ramping)
SES_0004446,USR_0021,user,2026-01-06 07:16:15,44,0.0389752940640045,0.8160000000000001,normal,Cold-start: score vs population baseline (confidence ramping)
SES_0004448,USR_0021,user,2026-01-06 07:17:04,45,0.035265690561372,0.8300000000000001,normal,Cold-start: score vs population baseline (confidence ramping)
SES_0004471,USR_0021,user,2026-01-06 07:36:48,46,0.0409480520941801,0.8440000000000001,normal,Cold-start: score vs population baseline (confidence ramping)
SES_0004496,USR_0021,user,2026-01-06 07:55:21,47,0.0417381297539782,0.8579999999999999,normal,Cold-start: score vs population baseline (confidence ramping)
SES_0004705,USR_0021,user,2026-01-06 11:07:55,48,0.0312352868877113,0.8719999999999999,normal,Cold-start: score vs population baseline (confidence ramping)
SES_0004733,USR_0021,user,2026-01-06 11:54:56,49,0.0349112463257118,0.8859999999999999,normal,Cold-start: score vs population baseline (confidence ramping)
SES_0005020,USR_0021,user,2026-01-06 17:07:53,50,0.0469810016479096,0.8999999999999999,normal,Cold-start: score vs population baseline (confidence ramping)
SES_0000050,USR_0022,user,2026-01-01 07:06:31,1,0.3546787192579756,0.21400000000000002,normal,Cold-start: score vs population baseline (confidence ramping)
SES_0000058,USR_0022,user,2026-01-01 07:12:21,2,0.2186166026971777,0.228,normal,Cold-start: score vs population baseline (confidence ramping)
SES_0000078,USR_0022,user,2026-01-01 07:23:36,3,0.1707415925529904,0.242,normal,Cold-start: score vs population baseline (confidence ramping)
SES_0000112,USR_0022,user,2026-01-01 07:49:12,4,0.1750435613811488,0.256,normal,Cold-start: score vs population baseline (confidence ramping)
SES_0000118,USR_0022,user,2026-01-01 07:54:16,5,0.2845551940399796,0.27,normal,Cold-start: score vs population baseline (confidence ramping)
SES_0000206,USR_0022,user,2026-01-01 09:35:16,6,0.0864192605702717,0.28400000000000003,normal,Cold-start: score vs population baseline (confidence ramping)
SES_0000539,USR_0022,user,2026-01-01 15:17:12,7,0.0845864310766217,0.29800000000000004,normal,Cold-start: score vs population baseline (confidence ramping)
SES_0000542,USR_0022,user,2026-01-01 15:24:32,8,0.1021614890440562,0.312,normal,Cold-start: score vs population baseline (confidence ramping)
SES_0000559,USR_0022,user,2026-01-01 15:50:10,9,0.1170793736130022,0.326,normal,Cold-start: score vs population baseline (confidence ramping)
SES_0000593,USR_0022,user,2026-01-01 16:28:40,10,0.1024835162557726,0.33999999999999997,normal,Cold-start: score vs population baseline (confidence ramping)
SES_0000985,USR_0022,user,2026-01-02 07:23:47,11,0.1128762960244025,0.354,normal,Cold-start: score vs population baseline (confidence ramping)
SES_0001042,USR_0022,user,2026-01-02 08:13:11,12,0.0882852281014854,0.368,normal,Cold-start: score vs population baseline (confidence ramping)
SES_0001054,USR_0022,user,2026-01-02 08:26:01,13,0.2613951928447731,0.382,normal,Cold-start: score vs population baseline (confidence ramping)
SES_0001056,USR_0022,user,2026-01-02 08:29:19,14,0.0958994682467065,0.396,normal,Cold-start: score vs population baseline (confidence ramping)
SES_0001077,USR_0022,user,2026-01-02 09:00:21,15,0.1143079806596502,0.41000000000000003,normal,Cold-start: score vs population baseline (confidence ramping)
SES_0001109,USR_0022,user,2026-01-02 09:39:11,16,0.1218052469355841,0.424,normal,Cold-start: score vs population baseline (confidence ramping)
SES_0001389,USR_0022,user,2026-01-02 15:27:38,17,0.1252683039815907,0.438,normal,Cold-start: score vs population baseline (confidence ramping)
SES_0001394,USR_0022,user,2026-01-02 15:33:09,18,0.260658042118457,0.452,normal,Cold-start: score vs population baseline (confidence ramping)
SES_0001418,USR_0022,user,2026-01-02 16:05:38,19,0.1137433279107568,0.46599999999999997,normal,Cold-start: score vs population baseline (confidence ramping)
SES_0001786,USR_0022,user,2026-01-03 07:22:00,20,0.2222329451475464,0.48,normal,Cold-start: score vs population baseline (confidence ramping)
SES_0001828,USR_0022,user,2026-01-03 07:45:45,21,0.1496145048471986,0.494,normal,Cold-start: score vs population baseline (confidence ramping)
SES_0001838,USR_0022,user,2026-01-03 07:52:34,22,0.1683954646062773,0.508,normal,Cold-start: score vs population baseline (confidence ramping)
SES_0001847,USR_0022,user,2026-01-03 07:58:21,23,0.1649969431727546,0.522,normal,Cold-start: score vs population baseline (confidence ramping)
SES_0001901,USR_0022,user,2026-01-03 08:59:49,24,0.1353719789310638,0.536,normal,Cold-start: score vs population baseline (confidence ramping)
SES_0001915,USR_0022,user,2026-01-03 09:17:20,25,0.1567783086631175,0.55,normal,Cold-start: score vs population baseline (confidence ramping)
SES_0001930,USR_0022,user,2026-01-03 09:30:18,26,0.1491026216475042,0.5640000000000001,normal,Cold-start: score vs population baseline (confidence ramping)
SES_0002211,USR_0022,user,2026-01-03 15:02:39,27,0.1592711683827158,0.5780000000000001,normal,Cold-start: score vs population baseline (confidence ramping)
SES_0002217,USR_0022,user,2026-01-03 15:06:07,28,0.1434454108852915,0.5920000000000001,normal,Cold-start: score vs population baseline (confidence ramping)
SES_0002243,USR_0022,user,2026-01-03 15:32:23,29,0.1336947960404083,0.606,normal,Cold-start: score vs population baseline (confidence ramping)
SES_0002248,USR_0022,user,2026-01-03 15:38:23,30,0.181290268643719,0.62,normal,Cold-start: score vs population baseline (confidence ramping)
SES_0002273,USR_0022,user,2026-01-03 15:57:41,31,0.1376207562854396,0.634,normal,Cold-start: score vs population baseline (confidence ramping)
SES_0002308,USR_0022,user,2026-01-03 16:33:15,32,0.1274060181198146,0.6479999999999999,normal,Cold-start: score vs population baseline (confidence ramping)
SES_0002318,USR_0022,user,2026-01-03 16:41:27,33,0.1532557792284269,0.6619999999999999,normal,Cold-start: score vs population baseline (confidence ramping)
SES_0002641,USR_0022,user,2026-01-04 07:08:34,34,0.1639035947173797,0.6759999999999999,normal,Cold-start: score vs population baseline (confidence ramping)
SES_0002673,USR_0022,user,2026-01-04 07:27:57,35,0.1792534718476529,0.69,normal,Cold-start: score vs population baseline (confidence ramping)
SES_0002679,USR_0022,user,2026-01-04 07:31:56,36,0.1552696488592749,0.704,normal,Cold-start: score vs population baseline (confidence ramping)
SES_0002706,USR_0022,user,2026-01-04 07:54:08,37,0.3237382538309332,0.718,normal,Cold-start: score vs population baseline (confidence ramping)
SES_0002755,USR_0022,user,2026-01-04 08:37:20,38,0.2350105642293357,0.732,normal,Cold-start: score vs population baseline (confidence ramping)
SES_0002787,USR_0022,user,2026-01-04 09:02:32,39,0.1555654183088308,0.746,normal,Cold-start: score vs population baseline (confidence ramping)
SES_0002825,USR_0022,user,2026-01-04 09:58:17,40,0.2581069592812214,0.76,normal,Cold-start: score vs population baseline (confidence ramping)
SES_0003119,USR_0022,user,2026-01-04 15:02:23,41,0.1380112248317139,0.774,normal,Cold-start: score vs population baseline (confidence ramping)
SES_0003595,USR_0022,user,2026-01-05 08:00:32,42,0.1245638934625749,0.788,normal,Cold-start: score vs population baseline (confidence ramping)
SES_0003680,USR_0022,user,2026-01-05 09:37:19,43,0.1085973044598229,0.802,normal,Cold-start: score vs population baseline (confidence ramping)
SES_0003689,USR_0022,user,2026-01-05 09:42:20,44,0.109411137607306,0.8160000000000001,normal,Cold-start: score vs population baseline (confidence ramping)
SES_0004047,USR_0022,user,2026-01-05 15:50:00,45,0.1092996045722539,0.8300000000000001,normal,Cold-start: score vs population baseline (confidence ramping)
SES_0004049,USR_0022,user,2026-01-05 15:51:35,46,0.1160632257076858,0.8440000000000001,normal,Cold-start: score vs population baseline (confidence ramping)
SES_0004077,USR_0022,user,2026-01-05 16:10:55,47,0.126516442433634,0.8579999999999999,normal,Cold-start: score vs population baseline (confidence ramping)
SES_0004087,USR_0022,user,2026-01-05 16:20:57,48,0.1126122409852176,0.8719999999999999,normal,Cold-start: score vs population baseline (confidence ramping)
SES_0004487,USR_0022,user,2026-01-06 07:51:42,49,0.1204572659663421,0.8859999999999999,normal,Cold-start: score vs population baseline (confidence ramping)
SES_0004528,USR_0022,user,2026-01-06 08:30:48,50,0.1130099995527482,0.8999999999999999,normal,Cold-start: score vs population baseline (confidence ramping)
SES_0000236,USR_0023,user,2026-01-01 10:07:29,1,0.3173183948409897,0.21400000000000002,normal,Cold-start: score vs population baseline (confidence ramping)
SES_0000322,USR_0023,user,2026-01-01 11:33:41,2,0.2541145187457765,0.228,normal,Cold-start: score vs population baseline (confidence ramping)
SES_0000574,USR_0023,user,2026-01-01 16:05:55,3,0.0861228563401526,0.242,normal,Cold-start: score vs population baseline (confidence ramping)
SES_0000596,USR_0023,user,2026-01-01 16:30:38,4,0.0644315431020703,0.256,normal,Cold-start: score vs population baseline (confidence ramping)
SES_0000702,USR_0023,user,2026-01-01 18:10:37,5,0.1010549733525511,0.27,normal,Cold-start: score vs population baseline (confidence ramping)
SES_0000717,USR_0023,user,2026-01-01 18:25:24,6,0.1886224609673678,0.28400000000000003,normal,Cold-start: score vs population baseline (confidence ramping)
SES_0000855,USR_0023,user,2026-01-01 21:05:04,7,0.2420154108618742,0.29800000000000004,normal,Cold-start: score vs population baseline (confidence ramping)
SES_0001094,USR_0023,user,2026-01-02 09:19:45,8,0.1477078821485064,0.312,normal,Cold-start: score vs population baseline (confidence ramping)
SES_0001207,USR_0023,user,2026-01-02 11:46:27,9,0.1224568623210093,0.326,normal,Cold-start: score vs population baseline (confidence ramping)
SES_0001621,USR_0023,user,2026-01-02 20:24:59,10,0.1082699132621723,0.33999999999999997,normal,Cold-start: score vs population baseline (confidence ramping)
SES_0001641,USR_0023,user,2026-01-02 20:49:40,11,0.1100157596535726,0.354,normal,Cold-start: score vs population baseline (confidence ramping)
SES_0001673,USR_0023,user,2026-01-02 21:25:07,12,0.1936920701870143,0.368,normal,Cold-start: score vs population baseline (confidence ramping)
SES_0001927,USR_0023,user,2026-01-03 09:25:49,13,0.1297676661136819,0.382,normal,Cold-start: score vs population baseline (confidence ramping)
SES_0001938,USR_0023,user,2026-01-03 09:41:58,14,0.1209045852331882,0.396,normal,Cold-start: score vs population baseline (confidence ramping)
SES_0001973,USR_0023,user,2026-01-03 10:11:11,15,0.1253440596742055,0.41000000000000003,normal,Cold-start: score vs population baseline (confidence ramping)
SES_0002049,USR_0023,user,2026-01-03 11:43:27,16,0.2410968671248748,0.424,normal,Cold-start: score vs population baseline (confidence ramping)
SES_0002065,USR_0023,user,2026-01-03 11:57:31,17,0.3181193850657045,0.438,normal,Cold-start: score vs population baseline (confidence ramping)
SES_0002423,USR_0023,user,2026-01-03 18:36:20,18,0.1560837244413854,0.452,normal,Cold-start: score vs population baseline (confidence ramping)
SES_0002433,USR_0023,user,2026-01-03 18:53:27,19,0.1482773993405423,0.46599999999999997,normal,Cold-start: score vs population baseline (confidence ramping)
SES_0002492,USR_0023,user,2026-01-03 20:06:44,20,0.1556172990382527,0.48,normal,Cold-start: score vs population baseline (confidence ramping)
SES_0002795,USR_0023,user,2026-01-04 09:17:54,21,0.1687240415957109,0.494,normal,Cold-start: score vs population baseline (confidence ramping)
SES_0002842,USR_0023,user,2026-01-04 10:09:24,22,0.1610309989552645,0.508,normal,Cold-start: score vs population baseline (confidence ramping)
SES_0002941,USR_0023,user,2026-01-04 11:44:13,23,0.1898132609873315,0.522,normal,Cold-start: score vs population baseline (confidence ramping)
SES_0003322,USR_0023,user,2026-01-04 18:47:31,24,0.1516316564257148,0.536,normal,Cold-start: score vs population baseline (confidence ramping)
SES_0003650,USR_0023,user,2026-01-05 09:12:19,25,0.1084856138031536,0.55,normal,Cold-start: score vs population baseline (confidence ramping)
SES_0003657,USR_0023,user,2026-01-05 09:17:04,26,0.1164887624512469,0.5640000000000001,normal,Cold-start: score vs population baseline (confidence ramping)
SES_0003754,USR_0023,user,2026-01-05 10:50:54,27,0.0953354244962518,0.5780000000000001,normal,Cold-start: score vs population baseline (confidence ramping)
SES_0004093,USR_0023,user,2026-01-05 16:28:26,28,0.1010631973222155,0.5920000000000001,normal,Cold-start: score vs population baseline (confidence ramping)
SES_0004115,USR_0023,user,2026-01-05 16:57:32,29,0.092591436876978,0.606,normal,Cold-start: score vs population baseline (confidence ramping)
SES_0004190,USR_0023,user,2026-01-05 18:10:01,30,0.0767988771755799,0.62,normal,Cold-start: score vs population baseline (confidence ramping)
SES_0004213,USR_0023,user,2026-01-05 18:37:19,31,0.0822125872134061,0.634,normal,Cold-start: score vs population baseline (confidence ramping)
SES_0004272,USR_0023,user,2026-01-05 20:05:12,32,0.1220059109748037,0.6479999999999999,normal,Cold-start: score vs population baseline (confidence ramping)
SES_0004313,USR_0023,user,2026-01-05 20:50:14,33,0.0981249030374323,0.6619999999999999,normal,Cold-start: score vs population baseline (confidence ramping)
SES_0004336,USR_0023,user,2026-01-05 21:15:39,34,0.1782318861858736,0.6759999999999999,normal,Cold-start: score vs population baseline (confidence ramping)
SES_0004340,USR_0023,user,2026-01-05 21:19:57,35,0.1738875215171208,0.69,normal,Cold-start: score vs population baseline (confidence ramping)
SES_0004372,USR_0023,user,2026-01-05 21:46:15,36,0.1800766996073694,0.704,normal,Cold-start: score vs population baseline (confidence ramping)
SES_0004581,USR_0023,user,2026-01-06 09:20:19,37,0.0688370617116732,0.718,normal,Cold-start: score vs population baseline (confidence ramping)
SES_0004684,USR_0023,user,2026-01-06 10:50:46,38,0.0645236577989021,0.732,normal,Cold-start: score vs population baseline (confidence ramping)
SES_0004721,USR_0023,user,2026-01-06 11:36:36,39,0.0788577420384822,0.746,normal,Cold-start: score vs population baseline (confidence ramping)
SES_0004966,USR_0023,user,2026-01-06 16:22:30,40,0.0602585504582659,0.76,normal,Cold-start: score vs population baseline (confidence ramping)
SES_0005090,USR_0023,user,2026-01-06 18:24:04,41,0.0940876470631159,0.774,normal,Cold-start: score vs population baseline (confidence ramping)
SES_0005200,USR_0023,user,2026-01-06 20:46:48,42,0.0940599552548477,0.788,normal,Cold-start: score vs population baseline (confidence ramping)
SES_0005253,USR_0023,user,2026-01-06 21:53:34,43,0.2507066549351163,0.802,normal,Cold-start: score vs population baseline (confidence ramping)
SES_0005459,USR_0023,user,2026-01-07 09:03:54,44,0.1726772448963447,0.8160000000000001,normal,Cold-start: score vs population baseline (confidence ramping)
SES_0005478,USR_0023,user,2026-01-07 09:19:27,45,0.1497460856299993,0.8300000000000001,normal,Cold-start: score vs population baseline (confidence ramping)
SES_0005501,USR_0023,user,2026-01-07 09:48:57,46,0.1493996977967034,0.8440000000000001,normal,Cold-start: score vs population baseline (confidence ramping)
SES_0005603,USR_0023,user,2026-01-07 11:22:36,47,0.1626066445319387,0.8579999999999999,normal,Cold-start: score vs population baseline (confidence ramping)
SES_0005612,USR_0023,user,2026-01-07 11:37:20,48,0.1627482880408453,0.8719999999999999,normal,Cold-start: score vs population baseline (confidence ramping)
SES_0005871,USR_0023,user,2026-01-07 16:25:41,49,0.1731573801886386,0.8859999999999999,normal,Cold-start: score vs population baseline (confidence ramping)
SES_0006083,USR_0023,user,2026-01-07 20:52:22,50,0.1409246478749779,0.8999999999999999,normal,Cold-start: score vs population baseline (confidence ramping)
SES_0000163,USR_0024,user,2026-01-01 08:47:53,1,0.3451229421137123,0.21400000000000002,normal,Cold-start: score vs population baseline (confidence ramping)
SES_0000210,USR_0024,user,2026-01-01 09:39:59,2,0.2579046668677852,0.228,normal,Cold-start: score vs population baseline (confidence ramping)
SES_0000334,USR_0024,user,2026-01-01 11:46:53,3,0.2236727419336599,0.242,normal,Cold-start: score vs population baseline (confidence ramping)
SES_0000484,USR_0024,user,2026-01-01 14:16:19,4,0.2502817922157562,0.256,normal,Cold-start: score vs population baseline (confidence ramping)
SES_0000877,USR_0024,user,2026-01-01 21:27:04,5,0.1560965806794654,0.27,normal,Cold-start: score vs population baseline (confidence ramping)
SES_0000971,USR_0024,user,2026-01-02 07:11:11,6,0.2956553125954592,0.28400000000000003,normal,Cold-start: score vs population baseline (confidence ramping)
SES_0001075,USR_0024,user,2026-01-02 08:59:20,7,0.1445827851133306,0.29800000000000004,normal,Cold-start: score vs population baseline (confidence ramping)
SES_0001123,USR_0024,user,2026-01-02 10:08:29,8,0.2814645517695426,0.312,normal,Cold-start: score vs population baseline (confidence ramping)
SES_0001132,USR_0024,user,2026-01-02 10:16:02,9,0.144611731461314,0.326,normal,Cold-start: score vs population baseline (confidence ramping)
SES_0001194,USR_0024,user,2026-01-02 11:35:35,10,0.1238877082262635,0.33999999999999997,normal,Cold-start: score vs population baseline (confidence ramping)
SES_0001331,USR_0024,user,2026-01-02 14:06:00,11,0.2194340055038458,0.354,normal,Cold-start: score vs population baseline (confidence ramping)
SES_0001588,USR_0024,user,2026-01-02 19:27:57,12,0.070116398199294,0.368,normal,Cold-start: score vs population baseline (confidence ramping)
SES_0001601,USR_0024,user,2026-01-02 19:47:31,13,0.2288177156361343,0.382,normal,Cold-start: score vs population baseline (confidence ramping)
SES_0001824,USR_0024,user,2026-01-03 07:43:11,14,0.1286172538795357,0.396,normal,Cold-start: score vs population baseline (confidence ramping)
SES_0001906,USR_0024,user,2026-01-03 09:06:42,15,0.2640820051165,0.41000000000000003,normal,Cold-start: score vs population baseline (confidence ramping)
SES_0001912,USR_0024,user,2026-01-03 09:13:23,16,0.1532684732015358,0.424,normal,Cold-start: score vs population baseline (confidence ramping)
SES_0001929,USR_0024,user,2026-01-03 09:29:29,17,0.1480000542665169,0.438,normal,Cold-start: score vs population baseline (confidence ramping)
SES_0002198,USR_0024,user,2026-01-03 14:38:32,18,0.1409044335840664,0.452,normal,Cold-start: score vs population baseline (confidence ramping)
SES_0002202,USR_0024,user,2026-01-03 14:44:31,19,0.1198699825298852,0.46599999999999997,normal,Cold-start: score vs population baseline (confidence ramping)
SES_0002450,USR_0024,user,2026-01-03 19:18:04,20,0.183150691343366,0.48,normal,Cold-start: score vs population baseline (confidence ramping)
SES_0002652,USR_0024,user,2026-01-04 07:14:31,21,0.2044509003418897,0.494,normal,Cold-start: score vs population baseline (confidence ramping)
SES_0002672,USR_0024,user,2026-01-04 07:27:33,22,0.3974972722125297,0.508,normal,Cold-start: score vs population baseline (confidence ramping)
SES_0002690,USR_0024,user,2026-01-04 07:43:46,23,0.3629406155599166,0.522,normal,Cold-start: score vs population baseline (confidence ramping)
SES_0002790,USR_0024,user,2026-01-04 09:08:13,24,0.1496850536428725,0.536,normal,Cold-start: score vs population baseline (confidence ramping)
SES_0002820,USR_0024,user,2026-01-04 09:52:09,25,0.1673813418204569,0.55,normal,Cold-start: score vs population baseline (confidence ramping)
SES_0002875,USR_0024,user,2026-01-04 10:43:06,26,0.1521661504907506,0.5640000000000001,normal,Cold-start: score vs population baseline (confidence ramping)
SES_0002944,USR_0024,user,2026-01-04 11:46:27,27,0.1599321952840211,0.5780000000000001,normal,Cold-start: score vs population baseline (confidence ramping)
SES_0003083,USR_0024,user,2026-01-04 14:22:40,28,0.1673464777759552,0.5920000000000001,normal,Cold-start: score vs population baseline (confidence ramping)
SES_0003429,USR_0024,user,2026-01-04 21:03:01,29,0.2517856288476812,0.606,normal,Cold-start: score vs population baseline (confidence ramping)
SES_0003432,USR_0024,user,2026-01-04 21:04:49,30,0.2500332832149802,0.62,normal,Cold-start: score vs population baseline (confidence ramping)
SES_0003611,USR_0024,user,2026-01-05 08:27:00,31,0.0789636226919128,0.634,normal,Cold-start: score vs population baseline (confidence ramping)
SES_0003746,USR_0024,user,2026-01-05 10:44:42,32,0.0985636878443519,0.6479999999999999,normal,Cold-start: score vs population baseline (confidence ramping)
SES_0003773,USR_0024,user,2026-01-05 11:09:12,33,0.1184999214031037,0.6619999999999999,normal,Cold-start: score vs population baseline (confidence ramping)
SES_0003792,USR_0024,user,2026-01-05 11:23:27,34,0.0701533720322615,0.6759999999999999,normal,Cold-start: score vs population baseline (confidence ramping)
SES_0003941,USR_0024,user,2026-01-05 14:02:58,35,0.1010896575397549,0.69,normal,Cold-start: score vs population baseline (confidence ramping)
SES_0003961,USR_0024,user,2026-01-05 14:18:56,36,0.0761331935846867,0.704,normal,Cold-start: score vs population baseline (confidence ramping)
SES_0004232,USR_0024,user,2026-01-05 19:04:11,37,0.0983580266019381,0.718,normal,Cold-start: score vs population baseline (confidence ramping)
SES_0004236,USR_0024,user,2026-01-05 19:10:32,38,0.0898036254797914,0.732,normal,Cold-start: score vs population baseline (confidence ramping)
SES_0004239,USR_0024,user,2026-01-05 19:19:11,39,0.0974924101677386,0.746,normal,Cold-start: score vs population baseline (confidence ramping)
SES_0004360,USR_0024,user,2026-01-05 21:35:19,40,0.1942208999702707,0.76,normal,Cold-start: score vs population baseline (confidence ramping)
SES_0004456,USR_0024,user,2026-01-06 07:26:19,41,0.0739983747189921,0.774,normal,Cold-start: score vs population baseline (confidence ramping)
SES_0004548,USR_0024,user,2026-01-06 08:49:03,42,0.057216741899754,0.788,normal,Cold-start: score vs population baseline (confidence ramping)
SES_0004585,USR_0024,user,2026-01-06 09:27:34,43,0.0610287174562588,0.802,normal,Cold-start: score vs population baseline (confidence ramping)
SES_0004724,USR_0024,user,2026-01-06 11:40:19,44,0.0776109039562922,0.8160000000000001,normal,Cold-start: score vs population baseline (confidence ramping)
SES_0005148,USR_0024,user,2026-01-06 19:33:52,45,0.0703994241469982,0.8300000000000001,normal,Cold-start: score vs population baseline (confidence ramping)
SES_0005224,USR_0024,user,2026-01-06 21:19:06,46,0.1648312516391528,0.8440000000000001,normal,Cold-start: score vs population baseline (confidence ramping)
SES_0005576,USR_0024,user,2026-01-07 10:54:28,47,0.0805556186490832,0.8579999999999999,normal,Cold-start: score vs population baseline (confidence ramping)
SES_0005585,USR_0024,user,2026-01-07 11:07:32,48,0.0646942770192939,0.8719999999999999,normal,Cold-start: score vs population baseline (confidence ramping)
SES_0005780,USR_0024,user,2026-01-07 14:50:59,49,0.0883604532957891,0.8859999999999999,normal,Cold-start: score vs population baseline (confidence ramping)
SES_0006015,USR_0024,user,2026-01-07 19:21:31,50,0.1224309425809751,0.8999999999999999,normal,Cold-start: score vs population baseline (confidence ramping)
SES_0000039,USR_0025,user,2026-01-01 06:52:24,1,0.3963701548342504,0.21400000000000002,normal,Cold-start: score vs population baseline (confidence ramping)
SES_0000580,USR_0025,user,2026-01-01 16:14:35,2,0.3108939360855908,0.228,normal,Cold-start: score vs population baseline (confidence ramping)
SES_0000815,USR_0025,user,2026-01-01 20:21:20,3,0.1264585409783805,0.242,normal,Cold-start: score vs population baseline (confidence ramping)
SES_0000844,USR_0025,user,2026-01-01 20:53:38,4,0.1351555723173304,0.256,normal,Cold-start: score vs population baseline (confidence ramping)
SES_0001439,USR_0025,user,2026-01-02 16:34:32,5,0.1962399114261886,0.27,normal,Cold-start: score vs population baseline (confidence ramping)
SES_0001727,USR_0025,user,2026-01-03 06:35:17,6,0.2514323007394203,0.28400000000000003,normal,Cold-start: score vs population baseline (confidence ramping)
SES_0001736,USR_0025,user,2026-01-03 06:49:20,7,0.3942790816963462,0.29800000000000004,normal,Cold-start: score vs population baseline (confidence ramping)
SES_0002009,USR_0025,user,2026-01-03 10:56:54,8,0.1064575996326454,0.312,normal,Cold-start: score vs population baseline (confidence ramping)
SES_0002440,USR_0025,user,2026-01-03 19:04:18,9,0.2242376507560537,0.326,normal,Cold-start: score vs population baseline (confidence ramping)
SES_0002451,USR_0025,user,2026-01-03 19:19:24,10,0.3362448901783673,0.33999999999999997,normal,Cold-start: score vs population baseline (confidence ramping)
SES_0002592,USR_0025,user,2026-01-04 06:10:21,11,0.2587075558306468,0.354,normal,Cold-start: score vs population baseline (confidence ramping)
SES_0002596,USR_0025,user,2026-01-04 06:14:27,12,0.2980319834398464,0.368,normal,Cold-start: score vs population baseline (confidence ramping)
SES_0002612,USR_0025,user,2026-01-04 06:31:51,13,0.2576337787051864,0.382,normal,Cold-start: score vs population baseline (confidence ramping)
SES_0002879,USR_0025,user,2026-01-04 10:45:39,14,0.2288136743385586,0.396,normal,Cold-start: score vs population baseline (confidence ramping)
SES_0003108,USR_0025,user,2026-01-04 14:52:20,15,0.2314915224995773,0.41000000000000003,normal,Cold-start: score vs population baseline (confidence ramping)
SES_0003337,USR_0025,user,2026-01-04 19:08:12,16,0.2672794675277118,0.424,normal,Cold-start: score vs population baseline (confidence ramping)
SES_0003354,USR_0025,user,2026-01-04 19:18:28,17,0.2498995325011276,0.438,normal,Cold-start: score vs population baseline (confidence ramping)
SES_0003373,USR_0025,user,2026-01-04 19:46:15,18,0.2352039865651971,0.452,normal,Cold-start: score vs population baseline (confidence ramping)
SES_0003503,USR_0025,user,2026-01-05 06:16:15,19,0.2565112767937379,0.46599999999999997,normal,Cold-start: score vs population baseline (confidence ramping)
SES_0003724,USR_0025,user,2026-01-05 10:17:14,20,0.2684121072924282,0.48,normal,Cold-start: score vs population baseline (confidence ramping)
SES_0003750,USR_0025,user,2026-01-05 10:47:52,21,0.0927164253190091,0.494,normal,Cold-start: score vs population baseline (confidence ramping)
SES_0003968,USR_0025,user,2026-01-05 14:26:50,22,0.1164635255138304,0.508,normal,Cold-start: score vs population baseline (confidence ramping)
SES_0004081,USR_0025,user,2026-01-05 16:16:38,23,0.0796937455170999,0.522,normal,Cold-start: score vs population baseline (confidence ramping)
SES_0004242,USR_0025,user,2026-01-05 19:20:53,24,0.1383208092937105,0.536,normal,Cold-start: score vs population baseline (confidence ramping)
SES_0004304,USR_0025,user,2026-01-05 20:38:10,25,0.0971420853101547,0.55,normal,Cold-start: score vs population baseline (confidence ramping)
SES_0004409,USR_0025,user,2026-01-06 06:37:56,26,0.2472127650190088,0.5640000000000001,normal,Cold-start: score vs population baseline (confidence ramping)
SES_0004421,USR_0025,user,2026-01-06 06:52:43,27,0.3198889635102813,0.5780000000000001,normal,Cold-start: score vs population baseline (confidence ramping)
SES_0004676,USR_0025,user,2026-01-06 10:46:23,28,0.0887488147182993,0.5920000000000001,normal,Cold-start: score vs population baseline (confidence ramping)
SES_0004685,USR_0025,user,2026-01-06 10:50:54,29,0.1140717607368573,0.606,normal,Cold-start: score vs population baseline (confidence ramping)
SES_0004852,USR_0025,user,2026-01-06 14:09:40,30,0.0575386492348172,0.62,normal,Cold-start: score vs population baseline (confidence ramping)
SES_0004883,USR_0025,user,2026-01-06 14:51:15,31,0.0218895533771623,0.634,normal,Cold-start: score vs population baseline (confidence ramping)
SES_0004982,USR_0025,user,2026-01-06 16:36:43,32,0.0730458103704185,0.6479999999999999,normal,Cold-start: score vs population baseline (confidence ramping)
SES_0005260,USR_0025,user,2026-01-07 06:04:41,33,0.1534596671411468,0.6619999999999999,normal,Cold-start: score vs population baseline (confidence ramping)
SES_0005262,USR_0025,user,2026-01-07 06:05:37,34,0.1971754276949552,0.6759999999999999,normal,Cold-start: score vs population baseline (confidence ramping)
SES_0005292,USR_0025,user,2026-01-07 06:38:54,35,0.1883913082235363,0.69,normal,Cold-start: score vs population baseline (confidence ramping)
SES_0005297,USR_0025,user,2026-01-07 06:47:58,36,0.1842846214770612,0.704,normal,Cold-start: score vs population baseline (confidence ramping)
SES_0005298,USR_0025,user,2026-01-07 06:48:25,37,0.1515792192447639,0.718,normal,Cold-start: score vs population baseline (confidence ramping)
SES_0005544,USR_0025,user,2026-01-07 10:24:03,38,0.0566469945125186,0.732,normal,Cold-start: score vs population baseline (confidence ramping)
SES_0005866,USR_0025,user,2026-01-07 16:18:10,39,0.049533682290486,0.746,normal,Cold-start: score vs population baseline (confidence ramping)
SES_0005872,USR_0025,user,2026-01-07 16:25:51,40,0.0478321511889,0.76,normal,Cold-start: score vs population baseline (confidence ramping)
SES_0006041,USR_0025,user,2026-01-07 19:53:57,41,0.1433736332845102,0.774,normal,Cold-start: score vs population baseline (confidence ramping)
SES_0006044,USR_0025,user,2026-01-07 19:58:53,42,0.0320783394304782,0.788,normal,Cold-start: score vs population baseline (confidence ramping)
SES_0006155,USR_0025,user,2026-01-08 06:14:27,43,0.180380427367451,0.802,normal,Cold-start: score vs population baseline (confidence ramping)
SES_0006404,USR_0025,user,2026-01-08 10:06:49,44,0.0178341630636833,0.8160000000000001,normal,Cold-start: score vs population baseline (confidence ramping)
SES_0006639,USR_0025,user,2026-01-08 14:24:22,45,0.0206209429925535,0.8300000000000001,normal,Cold-start: score vs population baseline (confidence ramping)
SES_0006667,USR_0025,user,2026-01-08 14:58:44,46,0.1912166502325588,0.8440000000000001,normal,Cold-start: score vs population baseline (confidence ramping)
SES_0006946,USR_0025,user,2026-01-08 20:32:22,47,0.1398063076347711,0.8579999999999999,normal,Cold-start: score vs population baseline (confidence ramping)
SES_0007032,USR_0025,user,2026-01-09 06:14:44,48,0.2157691919461013,0.8719999999999999,normal,Cold-start: score vs population baseline (confidence ramping)
SES_0007520,USR_0025,user,2026-01-09 14:55:34,49,0.0326422301240622,0.8859999999999999,normal,Cold-start: score vs population baseline (confidence ramping)
SES_0007602,USR_0025,user,2026-01-09 16:17:32,50,0.0565507089576344,0.8999999999999999,normal,Cold-start: score vs population baseline (confidence ramping)
SES_0000199,USR_0026,user,2026-01-01 09:30:43,1,0.3346857984546276,0.21400000000000002,normal,Cold-start: score vs population baseline (confidence ramping)
SES_0000629,USR_0026,user,2026-01-01 17:04:06,2,0.1742468400304473,0.228,normal,Cold-start: score vs population baseline (confidence ramping)
SES_0000874,USR_0026,user,2026-01-01 21:21:49,3,0.2261243908681616,0.242,normal,Cold-start: score vs population baseline (confidence ramping)
SES_0001105,USR_0026,user,2026-01-02 09:34:31,4,0.270509125219418,0.256,normal,Cold-start: score vs population baseline (confidence ramping)
SES_0001200,USR_0026,user,2026-01-02 11:40:40,5,0.0923877617303417,0.27,normal,Cold-start: score vs population baseline (confidence ramping)
SES_0001390,USR_0026,user,2026-01-02 15:28:16,6,0.0636547429082866,0.28400000000000003,normal,Cold-start: score vs population baseline (confidence ramping)
SES_0001491,USR_0026,user,2026-01-02 17:37:08,7,0.0795699817008269,0.29800000000000004,normal,Cold-start: score vs population baseline (confidence ramping)
SES_0001563,USR_0026,user,2026-01-02 19:03:56,8,0.1559785864791173,0.312,normal,Cold-start: score vs population baseline (confidence ramping)
SES_0001643,USR_0026,user,2026-01-02 20:51:33,9,0.1090421019931376,0.326,normal,Cold-start: score vs population baseline (confidence ramping)
SES_0001951,USR_0026,user,2026-01-03 09:58:37,10,0.134316239222775,0.33999999999999997,normal,Cold-start: score vs population baseline (confidence ramping)
SES_0002037,USR_0026,user,2026-01-03 11:25:22,11,0.1334082277479388,0.354,normal,Cold-start: score vs population baseline (confidence ramping)
SES_0002042,USR_0026,user,2026-01-03 11:38:26,12,0.1853119076206651,0.368,normal,Cold-start: score vs population baseline (confidence ramping)
SES_0002342,USR_0026,user,2026-01-03 17:07:33,13,0.1190690726100188,0.382,normal,Cold-start: score vs population baseline (confidence ramping)
SES_0002449,USR_0026,user,2026-01-03 19:17:11,14,0.1929322119700175,0.396,normal,Cold-start: score vs population baseline (confidence ramping)
SES_0002548,USR_0026,user,2026-01-03 21:15:33,15,0.2611111227210929,0.41000000000000003,normal,Cold-start: score vs population baseline (confidence ramping)
SES_0002783,USR_0026,user,2026-01-04 09:00:52,16,0.1746870404636705,0.424,normal,Cold-start: score vs population baseline (confidence ramping)
SES_0002849,USR_0026,user,2026-01-04 10:20:03,17,0.1597273855003645,0.438,normal,Cold-start: score vs population baseline (confidence ramping)
SES_0002855,USR_0026,user,2026-01-04 10:26:18,18,0.1774774362848025,0.452,normal,Cold-start: score vs population baseline (confidence ramping)
SES_0002870,USR_0026,user,2026-01-04 10:40:32,19,0.1558746888694344,0.46599999999999997,normal,Cold-start: score vs population baseline (confidence ramping)
SES_0002908,USR_0026,user,2026-01-04 11:15:52,20,0.1964410441107367,0.48,normal,Cold-start: score vs population baseline (confidence ramping)
SES_0003145,USR_0026,user,2026-01-04 15:24:25,21,0.188327482668309,0.494,normal,Cold-start: score vs population baseline (confidence ramping)
SES_0003170,USR_0026,user,2026-01-04 15:45:33,22,0.181724451028799,0.508,normal,Cold-start: score vs population baseline (confidence ramping)
SES_0003450,USR_0026,user,2026-01-04 21:25:07,23,0.2699354418826333,0.522,normal,Cold-start: score vs population baseline (confidence ramping)
SES_0003454,USR_0026,user,2026-01-04 21:33:31,24,0.2152824070192502,0.536,normal,Cold-start: score vs population baseline (confidence ramping)
SES_0003480,USR_0026,user,2026-01-04 21:52:01,25,0.3259116032566674,0.55,normal,Cold-start: score vs population baseline (confidence ramping)
SES_0003488,USR_0026,user,2026-01-04 21:59:15,26,0.2758081615419734,0.5640000000000001,normal,Cold-start: score vs population baseline (confidence ramping)
SES_0003490,USR_0026,user,2026-01-05 03:00:00,27,0.3479748315418671,0.5780000000000001,edge_case,Cold-start: score vs population baseline (confidence ramping)
SES_0003678,USR_0026,user,2026-01-05 09:33:45,28,0.1402216522509232,0.5920000000000001,normal,Cold-start: score vs population baseline (confidence ramping)
SES_0003800,USR_0026,user,2026-01-05 11:32:08,29,0.1113932904926585,0.606,normal,Cold-start: score vs population baseline (confidence ramping)
SES_0004120,USR_0026,user,2026-01-05 17:03:22,30,0.101755646004951,0.62,normal,Cold-start: score vs population baseline (confidence ramping)
SES_0004138,USR_0026,user,2026-01-05 17:18:45,31,0.1310046732628728,0.634,normal,Cold-start: score vs population baseline (confidence ramping)
SES_0004257,USR_0026,user,2026-01-05 19:38:07,32,0.1261874556061395,0.6479999999999999,normal,Cold-start: score vs population baseline (confidence ramping)
SES_0004269,USR_0026,user,2026-01-05 19:58:22,33,0.0887586731236976,0.6619999999999999,normal,Cold-start: score vs population baseline (confidence ramping)
SES_0004284,USR_0026,user,2026-01-05 20:23:12,34,0.1620485461859807,0.6759999999999999,normal,Cold-start: score vs population baseline (confidence ramping)
SES_0004375,USR_0026,user,2026-01-05 21:47:14,35,0.2620120122865992,0.69,normal,Cold-start: score vs population baseline (confidence ramping)
SES_0004564,USR_0026,user,2026-01-06 09:03:04,36,0.1037826240979498,0.704,normal,Cold-start: score vs population baseline (confidence ramping)
SES_0004719,USR_0026,user,2026-01-06 11:34:58,37,0.2476930010162122,0.718,normal,Cold-start: score vs population baseline (confidence ramping)
SES_0005032,USR_0026,user,2026-01-06 17:23:29,38,0.0997037617798705,0.732,normal,Cold-start: score vs population baseline (confidence ramping)
SES_0005064,USR_0026,user,2026-01-06 17:56:49,39,0.1334363694076799,0.746,normal,Cold-start: score vs population baseline (confidence ramping)
SES_0005121,USR_0026,user,2026-01-06 19:05:57,40,0.1391369532435763,0.76,normal,Cold-start: score vs population baseline (confidence ramping)
SES_0005136,USR_0026,user,2026-01-06 19:20:25,41,0.1503741340539675,0.774,normal,Cold-start: score vs population baseline (confidence ramping)
SES_0005188,USR_0026,user,2026-01-06 20:28:29,42,0.1704050817705364,0.788,normal,Cold-start: score vs population baseline (confidence ramping)
SES_0005216,USR_0026,user,2026-01-06 21:14:21,43,0.1565543948189123,0.802,normal,Cold-start: score vs population baseline (confidence ramping)
SES_0005238,USR_0026,user,2026-01-06 21:36:31,44,0.165767817659342,0.8160000000000001,normal,Cold-start: score vs population baseline (confidence ramping)
SES_0005239,USR_0026,user,2026-01-06 21:36:50,45,0.188832933084861,0.8300000000000001,normal,Cold-start: score vs population baseline (confidence ramping)
SES_0005565,USR_0026,user,2026-01-07 10:43:17,46,0.0920643188680493,0.8440000000000001,normal,Cold-start: score vs population baseline (confidence ramping)
SES_0005610,USR_0026,user,2026-01-07 11:36:18,47,0.0784748780486038,0.8579999999999999,normal,Cold-start: score vs population baseline (confidence ramping)
SES_0005611,USR_0026,user,2026-01-07 11:37:12,48,0.1039193670730527,0.8719999999999999,normal,Cold-start: score vs population baseline (confidence ramping)
SES_0005631,USR_0026,user,2026-01-07 11:54:09,49,0.0889901436512526,0.8859999999999999,normal,Cold-start: score vs population baseline (confidence ramping)
SES_0005909,USR_0026,user,2026-01-07 17:14:57,50,0.0609911981768928,0.8999999999999999,normal,Cold-start: score vs population baseline (confidence ramping)
SES_0000152,USR_0027,user,2026-01-01 08:37:11,1,0.3451801575885944,0.21400000000000002,normal,Cold-start: score vs population baseline (confidence ramping)
SES_0000412,USR_0027,user,2026-01-01 13:01:54,2,0.2869969665132019,0.228,normal,Cold-start: score vs population baseline (confidence ramping)
SES_0000428,USR_0027,user,2026-01-01 13:17:48,3,0.127517310666346,0.242,normal,Cold-start: score vs population baseline (confidence ramping)
SES_0000461,USR_0027,user,2026-01-01 13:54:45,4,0.2093914712314272,0.256,normal,Cold-start: score vs population baseline (confidence ramping)
SES_0000466,USR_0027,user,2026-01-01 13:57:29,5,0.0726529882357831,0.27,normal,Cold-start: score vs population baseline (confidence ramping)
SES_0000514,USR_0027,user,2026-01-01 14:49:52,6,0.0905017334526478,0.28400000000000003,normal,Cold-start: score vs population baseline (confidence ramping)
SES_0000665,USR_0027,user,2026-01-01 17:39:41,7,0.094530674438439,0.29800000000000004,normal,Cold-start: score vs population baseline (confidence ramping)
SES_0000687,USR_0027,user,2026-01-01 17:53:58,8,0.0927363323376209,0.312,normal,Cold-start: score vs population baseline (confidence ramping)
SES_0000890,USR_0027,user,2026-01-01 21:42:30,9,0.2162508190567601,0.326,normal,Cold-start: score vs population baseline (confidence ramping)
SES_0001281,USR_0027,user,2026-01-02 13:13:15,10,0.0889989374131106,0.33999999999999997,normal,Cold-start: score vs population baseline (confidence ramping)
SES_0001307,USR_0027,user,2026-01-02 13:39:55,11,0.3318946021659257,0.354,normal,Cold-start: score vs population baseline (confidence ramping)
SES_0001355,USR_0027,user,2026-01-02 14:35:06,12,0.2145930137719389,0.368,normal,Cold-start: score vs population baseline (confidence ramping)
SES_0001489,USR_0027,user,2026-01-02 17:31:16,13,0.1281872458187571,0.382,normal,Cold-start: score vs population baseline (confidence ramping)
SES_0001672,USR_0027,user,2026-01-02 21:24:14,14,0.2455117158216352,0.396,normal,Cold-start: score vs population baseline (confidence ramping)
SES_0001851,USR_0027,user,2026-01-03 08:06:41,15,0.2214769357501134,0.41000000000000003,normal,Cold-start: score vs population baseline (confidence ramping)
SES_0001889,USR_0027,user,2026-01-03 08:42:54,16,0.2659071038964911,0.424,normal,Cold-start: score vs population baseline (confidence ramping)
SES_0001895,USR_0027,user,2026-01-03 08:51:11,17,0.1589834080389734,0.438,normal,Cold-start: score vs population baseline (confidence ramping)
SES_0002380,USR_0027,user,2026-01-03 17:49:04,18,0.2002973878148749,0.452,normal,Cold-start: score vs population baseline (confidence ramping)
SES_0002725,USR_0027,user,2026-01-04 08:09:49,19,0.1641101979162588,0.46599999999999997,normal,Cold-start: score vs population baseline (confidence ramping)
SES_0003032,USR_0027,user,2026-01-04 13:17:04,20,0.1539656746947217,0.48,normal,Cold-start: score vs population baseline (confidence ramping)
SES_0003057,USR_0027,user,2026-01-04 13:48:55,21,0.1049337798433168,0.494,normal,Cold-start: score vs population baseline (confidence ramping)
SES_0003081,USR_0027,user,2026-01-04 14:21:00,22,0.1486249862185594,0.508,normal,Cold-start: score vs population baseline (confidence ramping)
SES_0003082,USR_0027,user,2026-01-04 14:21:47,23,0.1474217937110974,0.522,normal,Cold-start: score vs population baseline (confidence ramping)
SES_0003092,USR_0027,user,2026-01-04 14:33:58,24,0.1776617755447909,0.536,normal,Cold-start: score vs population baseline (confidence ramping)
SES_0003101,USR_0027,user,2026-01-04 14:44:29,25,0.1230307634431625,0.55,normal,Cold-start: score vs population baseline (confidence ramping)
SES_0003102,USR_0027,user,2026-01-04 14:45:05,26,0.1288679747990361,0.5640000000000001,normal,Cold-start: score vs population baseline (confidence ramping)
SES_0003237,USR_0027,user,2026-01-04 17:00:59,27,0.1560284687972649,0.5780000000000001,normal,Cold-start: score vs population baseline (confidence ramping)
SES_0003238,USR_0027,user,2026-01-04 17:04:53,28,0.198850043831705,0.5920000000000001,normal,Cold-start: score vs population baseline (confidence ramping)
SES_0003278,USR_0027,user,2026-01-04 17:55:29,29,0.1288561908077401,0.606,normal,Cold-start: score vs population baseline (confidence ramping)
SES_0003455,USR_0027,user,2026-01-04 21:33:37,30,0.2443712543747383,0.62,normal,Cold-start: score vs population baseline (confidence ramping)
SES_0003470,USR_0027,user,2026-01-04 21:43:46,31,0.2321420068883989,0.634,normal,Cold-start: score vs population baseline (confidence ramping)
SES_0003621,USR_0027,user,2026-01-05 08:42:04,32,0.0861485522181282,0.6479999999999999,normal,Cold-start: score vs population baseline (confidence ramping)
SES_0003627,USR_0027,user,2026-01-05 08:48:18,33,0.0934120986186511,0.6619999999999999,normal,Cold-start: score vs population baseline (confidence ramping)
SES_0003981,USR_0027,user,2026-01-05 14:40:48,34,0.1335540592809252,0.6759999999999999,normal,Cold-start: score vs population baseline (confidence ramping)
SES_0004327,USR_0027,user,2026-01-05 21:04:56,35,0.2153475377522889,0.69,normal,Cold-start: score vs population baseline (confidence ramping)
SES_0004332,USR_0027,user,2026-01-05 21:07:59,36,0.3267330000013489,0.704,normal,Cold-start: score vs population baseline (confidence ramping)
SES_0004337,USR_0027,user,2026-01-05 21:18:44,37,0.2846236001476795,0.718,normal,Cold-start: score vs population baseline (confidence ramping)
SES_0004542,USR_0027,user,2026-01-06 08:43:16,38,0.3295572800035578,0.732,normal,Cold-start: score vs population baseline (confidence ramping)
SES_0004554,USR_0027,user,2026-01-06 08:55:20,39,0.2050651796900876,0.746,normal,Cold-start: score vs population baseline (confidence ramping)
SES_0004800,USR_0027,user,2026-01-06 13:08:43,40,0.1415291388662583,0.76,normal,Cold-start: score vs population baseline (confidence ramping)
SES_0004801,USR_0027,user,2026-01-06 13:09:04,41,0.1373642306295748,0.774,normal,Cold-start: score vs population baseline (confidence ramping)
SES_0004859,USR_0027,user,2026-01-06 14:25:23,42,0.1610355531951209,0.788,normal,Cold-start: score vs population baseline (confidence ramping)
SES_0004861,USR_0027,user,2026-01-06 14:28:54,43,0.1318089033737498,0.802,normal,Cold-start: score vs population baseline (confidence ramping)
SES_0004864,USR_0027,user,2026-01-06 14:32:47,44,0.3031171609453506,0.8160000000000001,normal,Cold-start: score vs population baseline (confidence ramping)
SES_0004865,USR_0027,user,2026-01-06 14:33:31,45,0.3684494257869661,0.8300000000000001,normal,Cold-start: score vs population baseline (confidence ramping)
SES_0005048,USR_0027,user,2026-01-06 17:41:16,46,0.1247682491581026,0.8440000000000001,normal,Cold-start: score vs population baseline (confidence ramping)
SES_0005252,USR_0027,user,2026-01-06 21:52:43,47,0.2570453067989037,0.8579999999999999,normal,Cold-start: score vs population baseline (confidence ramping)
SES_0005440,USR_0027,user,2026-01-07 08:40:33,48,0.0666428343773773,0.8719999999999999,normal,Cold-start: score vs population baseline (confidence ramping)
SES_0005705,USR_0027,user,2026-01-07 13:22:15,49,0.0993884701422849,0.8859999999999999,normal,Cold-start: score vs population baseline (confidence ramping)
SES_0005749,USR_0027,user,2026-01-07 14:11:55,50,0.0415222264558959,0.8999999999999999,normal,Cold-start: score vs population baseline (confidence ramping)
SES_0000287,USR_0028,user,2026-01-01 11:04:43,1,0.354436392537554,0.21400000000000002,normal,Cold-start: score vs population baseline (confidence ramping)
SES_0000486,USR_0028,user,2026-01-01 14:20:57,2,0.2819709151565956,0.228,normal,Cold-start: score vs population baseline (confidence ramping)
SES_0000529,USR_0028,user,2026-01-01 15:07:50,3,0.2485204337533711,0.242,normal,Cold-start: score vs population baseline (confidence ramping)
SES_0000543,USR_0028,user,2026-01-01 15:25:08,4,0.186386966646721,0.256,normal,Cold-start: score vs population baseline (confidence ramping)
SES_0000563,USR_0028,user,2026-01-01 15:55:48,5,0.1326447321619207,0.27,normal,Cold-start: score vs population baseline (confidence ramping)
SES_0000778,USR_0028,user,2026-01-01 19:38:14,6,0.0767938611929425,0.28400000000000003,normal,Cold-start: score vs population baseline (confidence ramping)
SES_0000958,USR_0028,user,2026-01-02 07:03:31,7,0.1409775215870115,0.29800000000000004,normal,Cold-start: score vs population baseline (confidence ramping)
SES_0001023,USR_0028,user,2026-01-02 07:53:45,8,0.0578823207354972,0.312,normal,Cold-start: score vs population baseline (confidence ramping)
SES_0001350,USR_0028,user,2026-01-02 14:25:52,9,0.0537763774949035,0.326,normal,Cold-start: score vs population baseline (confidence ramping)
SES_0001799,USR_0028,user,2026-01-03 07:29:25,10,0.1512793973796387,0.33999999999999997,normal,Cold-start: score vs population baseline (confidence ramping)
SES_0001803,USR_0028,user,2026-01-03 07:31:34,11,0.100230607730489,0.354,normal,Cold-start: score vs population baseline (confidence ramping)
SES_0001849,USR_0028,user,2026-01-03 07:58:34,12,0.1419032856133172,0.368,normal,Cold-start: score vs population baseline (confidence ramping)
SES_0002048,USR_0028,user,2026-01-03 11:43:03,13,0.1593855284054494,0.382,normal,Cold-start: score vs population baseline (confidence ramping)
SES_0002226,USR_0028,user,2026-01-03 15:10:41,14,0.1297191667604042,0.396,normal,Cold-start: score vs population baseline (confidence ramping)
SES_0002228,USR_0028,user,2026-01-03 15:12:27,15,0.1033309645808146,0.41000000000000003,normal,Cold-start: score vs population baseline (confidence ramping)
SES_0002256,USR_0028,user,2026-01-03 15:42:45,16,0.2452260478629425,0.424,normal,Cold-start: score vs population baseline (confidence ramping)
SES_0002264,USR_0028,user,2026-01-03 15:50:57,17,0.1441412430232447,0.438,normal,Cold-start: score vs population baseline (confidence ramping)
SES_0002436,USR_0028,user,2026-01-03 19:00:03,18,0.1081068436908266,0.452,normal,Cold-start: score vs population baseline (confidence ramping)
SES_0002447,USR_0028,user,2026-01-03 19:13:03,19,0.1574524632512966,0.46599999999999997,normal,Cold-start: score vs population baseline (confidence ramping)
SES_0002474,USR_0028,user,2026-01-03 19:43:50,20,0.1275783209629595,0.48,normal,Cold-start: score vs population baseline (confidence ramping)
SES_0002634,USR_0028,user,2026-01-04 07:04:37,21,0.2397369248373551,0.494,normal,Cold-start: score vs population baseline (confidence ramping)
SES_0002902,USR_0028,user,2026-01-04 11:07:36,22,0.1315277296156078,0.508,normal,Cold-start: score vs population baseline (confidence ramping)
SES_0002911,USR_0028,user,2026-01-04 11:20:22,23,0.313919710386598,0.522,normal,Cold-start: score vs population baseline (confidence ramping)
SES_0003069,USR_0028,user,2026-01-04 14:06:38,24,0.0834825275048866,0.536,normal,Cold-start: score vs population baseline (confidence ramping)
SES_0003156,USR_0028,user,2026-01-04 15:36:45,25,0.1275516728511702,0.55,normal,Cold-start: score vs population baseline (confidence ramping)
SES_0003556,USR_0028,user,2026-01-05 07:21:00,26,0.1528169937434208,0.5640000000000001,normal,Cold-start: score vs population baseline (confidence ramping)
SES_0003579,USR_0028,user,2026-01-05 07:41:14,27,0.1297959753711015,0.5780000000000001,normal,Cold-start: score vs population baseline (confidence ramping)
SES_0003583,USR_0028,user,2026-01-05 07:45:02,28,0.1401185504440581,0.5920000000000001,normal,Cold-start: score vs population baseline (confidence ramping)
SES_0003784,USR_0028,user,2026-01-05 11:16:36,29,0.1418663711922228,0.606,normal,Cold-start: score vs population baseline (confidence ramping)
SES_0003817,USR_0028,user,2026-01-05 11:50:34,30,0.1407284481662873,0.62,normal,Cold-start: score vs population baseline (confidence ramping)
SES_0003940,USR_0028,user,2026-01-05 14:02:27,31,0.1540261778019035,0.634,normal,Cold-start: score vs population baseline (confidence ramping)
SES_0003948,USR_0028,user,2026-01-05 14:08:55,32,0.0872563302050234,0.6479999999999999,normal,Cold-start: score vs population baseline (confidence ramping)
SES_0004241,USR_0028,user,2026-01-05 19:20:19,33,0.1663784241133827,0.6619999999999999,normal,Cold-start: score vs population baseline (confidence ramping)
SES_0004452,USR_0028,user,2026-01-06 07:22:18,34,0.2461009094783753,0.6759999999999999,normal,Cold-start: score vs population baseline (confidence ramping)
SES_0004455,USR_0028,user,2026-01-06 07:25:06,35,0.139783054155201,0.69,normal,Cold-start: score vs population baseline (confidence ramping)
SES_0004715,USR_0028,user,2026-01-06 11:26:26,36,0.0990102918356719,0.704,normal,Cold-start: score vs population baseline (confidence ramping)
SES_0004862,USR_0028,user,2026-01-06 14:30:30,37,0.0861601098776159,0.718,normal,Cold-start: score vs population baseline (confidence ramping)
SES_0004930,USR_0028,user,2026-01-06 15:39:31,38,0.0482447600400824,0.732,normal,Cold-start: score vs population baseline (confidence ramping)
SES_0004933,USR_0028,user,2026-01-06 15:44:11,39,0.1095146004122436,0.746,normal,Cold-start: score vs population baseline (confidence ramping)
SES_0004938,USR_0028,user,2026-01-06 15:46:42,40,0.110730770185481,0.76,normal,Cold-start: score vs population baseline (confidence ramping)
SES_0004942,USR_0028,user,2026-01-06 15:49:29,41,0.126673334276404,0.774,normal,Cold-start: score vs population baseline (confidence ramping)
SES_0005127,USR_0028,user,2026-01-06 19:13:41,42,0.2217574640800499,0.788,normal,Cold-start: score vs population baseline (confidence ramping)
SES_0005128,USR_0028,user,2026-01-06 19:13:56,43,0.0948690160768683,0.802,normal,Cold-start: score vs population baseline (confidence ramping)
SES_0005159,USR_0028,user,2026-01-06 19:47:22,44,0.1753039636880758,0.8160000000000001,normal,Cold-start: score vs population baseline (confidence ramping)
SES_0005164,USR_0028,user,2026-01-06 19:50:44,45,0.0665303616487316,0.8300000000000001,normal,Cold-start: score vs population baseline (confidence ramping)
SES_0005308,USR_0028,user,2026-01-07 07:04:32,46,0.0714368556136798,0.8440000000000001,normal,Cold-start: score vs population baseline (confidence ramping)
SES_0005638,USR_0028,user,2026-01-07 11:58:29,47,0.0738325395066952,0.8579999999999999,normal,Cold-start: score vs population baseline (confidence ramping)
SES_0005791,USR_0028,user,2026-01-07 15:00:31,48,0.0451314583292446,0.8719999999999999,normal,Cold-start: score vs population baseline (confidence ramping)
SES_0005840,USR_0028,user,2026-01-07 15:50:33,49,0.050768739913349,0.8859999999999999,normal,Cold-start: score vs population baseline (confidence ramping)
SES_0006001,USR_0028,user,2026-01-07 19:02:11,50,0.0655021638171567,0.8999999999999999,normal,Cold-start: score vs population baseline (confidence ramping)
SES_0000049,USR_0029,user,2026-01-01 07:05:04,1,0.3398238031475914,0.21400000000000002,normal,Cold-start: score vs population baseline (confidence ramping)
SES_0000052,USR_0029,user,2026-01-01 07:06:43,2,0.2990371672909115,0.228,normal,Cold-start: score vs population baseline (confidence ramping)
SES_0000117,USR_0029,user,2026-01-01 07:53:40,3,0.1914814274597843,0.242,normal,Cold-start: score vs population baseline (confidence ramping)
SES_0000307,USR_0029,user,2026-01-01 11:21:30,4,0.0830058591960157,0.256,normal,Cold-start: score vs population baseline (confidence ramping)
SES_0000309,USR_0029,user,2026-01-01 11:22:10,5,0.0619584121484717,0.27,normal,Cold-start: score vs population baseline (confidence ramping)
SES_0000483,USR_0029,user,2026-01-01 14:16:03,6,0.085748792584291,0.28400000000000003,normal,Cold-start: score vs population baseline (confidence ramping)
SES_0000577,USR_0029,user,2026-01-01 16:07:18,7,0.1109951887668404,0.29800000000000004,normal,Cold-start: score vs population baseline (confidence ramping)
SES_0000604,USR_0029,user,2026-01-01 16:43:40,8,0.1380112279723882,0.312,normal,Cold-start: score vs population baseline (confidence ramping)
SES_0000607,USR_0029,user,2026-01-01 16:44:45,9,0.0690791263382884,0.326,normal,Cold-start: score vs population baseline (confidence ramping)
SES_0001009,USR_0029,user,2026-01-02 07:41:04,10,0.0767796884259148,0.33999999999999997,normal,Cold-start: score vs population baseline (confidence ramping)
SES_0001169,USR_0029,user,2026-01-02 11:05:49,11,0.2522402291602196,0.354,normal,Cold-start: score vs population baseline (confidence ramping)
SES_0001171,USR_0029,user,2026-01-02 11:09:11,12,0.0635922267834152,0.368,normal,Cold-start: score vs population baseline (confidence ramping)
SES_0001180,USR_0029,user,2026-01-02 11:19:33,13,0.1145875539419443,0.382,normal,Cold-start: score vs population baseline (confidence ramping)
SES_0001187,USR_0029,user,2026-01-02 11:30:07,14,0.0747596221224052,0.396,normal,Cold-start: score vs population baseline (confidence ramping)
SES_0001279,USR_0029,user,2026-01-02 13:12:42,15,0.0623146339912699,0.41000000000000003,normal,Cold-start: score vs population baseline (confidence ramping)
SES_0001358,USR_0029,user,2026-01-02 14:41:11,16,0.0615977191083465,0.424,normal,Cold-start: score vs population baseline (confidence ramping)
SES_0001435,USR_0029,user,2026-01-02 16:31:23,17,0.0693419341149625,0.438,normal,Cold-start: score vs population baseline (confidence ramping)
SES_0002134,USR_0029,user,2026-01-03 13:13:24,18,0.1554820883936461,0.452,normal,Cold-start: score vs population baseline (confidence ramping)
SES_0002897,USR_0029,user,2026-01-04 11:04:15,19,0.0989806887932455,0.46599999999999997,normal,Cold-start: score vs population baseline (confidence ramping)
SES_0002904,USR_0029,user,2026-01-04 11:12:09,20,0.0990404679922794,0.48,normal,Cold-start: score vs population baseline (confidence ramping)
SES_0002942,USR_0029,user,2026-01-04 11:44:55,21,0.1224753414268687,0.494,normal,Cold-start: score vs population baseline (confidence ramping)
SES_0003040,USR_0029,user,2026-01-04 13:25:03,22,0.0891884085263717,0.508,normal,Cold-start: score vs population baseline (confidence ramping)
SES_0003045,USR_0029,user,2026-01-04 13:32:37,23,0.104032312405073,0.522,normal,Cold-start: score vs population baseline (confidence ramping)
SES_0003050,USR_0029,user,2026-01-04 13:39:40,24,0.1073312527000539,0.536,normal,Cold-start: score vs population baseline (confidence ramping)
SES_0003052,USR_0029,user,2026-01-04 13:42:17,25,0.0987496723759795,0.55,normal,Cold-start: score vs population baseline (confidence ramping)
SES_0003053,USR_0029,user,2026-01-04 13:43:30,26,0.1026101216425377,0.5640000000000001,normal,Cold-start: score vs population baseline (confidence ramping)
SES_0003076,USR_0029,user,2026-01-04 14:14:51,27,0.2166868665026698,0.5780000000000001,normal,Cold-start: score vs population baseline (confidence ramping)
SES_0003580,USR_0029,user,2026-01-05 07:41:36,28,0.0889291758006148,0.5920000000000001,normal,Cold-start: score vs population baseline (confidence ramping)
SES_0003765,USR_0029,user,2026-01-05 11:02:14,29,0.2064907732550551,0.606,normal,Cold-start: score vs population baseline (confidence ramping)
SES_0003803,USR_0029,user,2026-01-05 11:37:19,30,0.0852522807095415,0.62,normal,Cold-start: score vs population baseline (confidence ramping)
SES_0003806,USR_0029,user,2026-01-05 11:40:44,31,0.3261025810527541,0.634,normal,Cold-start: score vs population baseline (confidence ramping)
SES_0003891,USR_0029,user,2026-01-05 13:20:01,32,0.1141935228991567,0.6479999999999999,normal,Cold-start: score vs population baseline (confidence ramping)
SES_0003921,USR_0029,user,2026-01-05 13:41:36,33,0.0631435591238656,0.6619999999999999,normal,Cold-start: score vs population baseline (confidence ramping)
SES_0003975,USR_0029,user,2026-01-05 14:32:27,34,0.0762842949698437,0.6759999999999999,normal,Cold-start: score vs population baseline (confidence ramping)
SES_0003989,USR_0029,user,2026-01-05 14:46:51,35,0.0695436455753352,0.69,normal,Cold-start: score vs population baseline (confidence ramping)
SES_0004103,USR_0029,user,2026-01-05 16:41:45,36,0.0949364987994758,0.704,normal,Cold-start: score vs population baseline (confidence ramping)
SES_0004108,USR_0029,user,2026-01-05 16:49:45,37,0.0849387978266865,0.718,normal,Cold-start: score vs population baseline (confidence ramping)
SES_0004113,USR_0029,user,2026-01-05 16:56:54,38,0.0652626111308486,0.732,normal,Cold-start: score vs population baseline (confidence ramping)
SES_0004433,USR_0029,user,2026-01-06 07:05:26,39,0.1494911730077476,0.746,normal,Cold-start: score vs population baseline (confidence ramping)
SES_0004699,USR_0029,user,2026-01-06 11:02:18,40,0.1152773312368244,0.76,normal,Cold-start: score vs population baseline (confidence ramping)
SES_0004846,USR_0029,user,2026-01-06 14:01:15,41,0.0679946436596219,0.774,normal,Cold-start: score vs population baseline (confidence ramping)
SES_0004856,USR_0029,user,2026-01-06 14:16:01,42,0.049059337229037,0.788,normal,Cold-start: score vs population baseline (confidence ramping)
SES_0004962,USR_0029,user,2026-01-06 16:17:25,43,0.0878879232901956,0.802,normal,Cold-start: score vs population baseline (confidence ramping)
SES_0005315,USR_0029,user,2026-01-07 07:10:28,44,0.0727931674317914,0.8160000000000001,normal,Cold-start: score vs population baseline (confidence ramping)
SES_0005324,USR_0029,user,2026-01-07 07:20:38,45,0.0554404429957572,0.8300000000000001,normal,Cold-start: score vs population baseline (confidence ramping)
SES_0005346,USR_0029,user,2026-01-07 07:36:29,46,0.1874707842982383,0.8440000000000001,normal,Cold-start: score vs population baseline (confidence ramping)
SES_0005606,USR_0029,user,2026-01-07 11:26:47,47,0.0554048437065251,0.8579999999999999,normal,Cold-start: score vs population baseline (confidence ramping)
SES_0005690,USR_0029,user,2026-01-07 13:09:19,48,0.0534785408531116,0.8719999999999999,normal,Cold-start: score vs population baseline (confidence ramping)
SES_0005718,USR_0029,user,2026-01-07 13:38:55,49,0.0460044186185803,0.8859999999999999,normal,Cold-start: score vs population baseline (confidence ramping)
SES_0005728,USR_0029,user,2026-01-07 13:52:07,50,0.0317978414606673,0.8999999999999999,normal,Cold-start: score vs population baseline (confidence ramping)
SES_0000007,USR_0030,user,2026-01-01 06:09:46,1,0.4283602745683192,0.21400000000000002,normal,Cold-start: score vs population baseline (confidence ramping)
SES_0000040,USR_0030,user,2026-01-01 06:54:01,2,0.3453041215087696,0.228,normal,Cold-start: score vs population baseline (confidence ramping)
SES_0000125,USR_0030,user,2026-01-01 08:10:48,3,0.099160565402611,0.242,normal,Cold-start: score vs population baseline (confidence ramping)
SES_0000149,USR_0030,user,2026-01-01 08:33:35,4,0.1211907241870476,0.256,normal,Cold-start: score vs population baseline (confidence ramping)
SES_0000154,USR_0030,user,2026-01-01 08:37:40,5,0.2183930779998378,0.27,normal,Cold-start: score vs population baseline (confidence ramping)
SES_0000286,USR_0030,user,2026-01-01 11:04:01,6,0.0563918131635317,0.28400000000000003,normal,Cold-start: score vs population baseline (confidence ramping)
SES_0000632,USR_0030,user,2026-01-01 17:07:23,7,0.3808652432341826,0.29800000000000004,normal,Cold-start: score vs population baseline (confidence ramping)
SES_0000745,USR_0030,user,2026-01-01 19:01:55,8,0.0673390732490019,0.312,normal,Cold-start: score vs population baseline (confidence ramping)
SES_0000763,USR_0030,user,2026-01-01 19:26:06,9,0.0789590209211167,0.326,normal,Cold-start: score vs population baseline (confidence ramping)
SES_0000917,USR_0030,user,2026-01-02 06:11:09,10,0.1695075171566489,0.33999999999999997,normal,Cold-start: score vs population baseline (confidence ramping)
SES_0000926,USR_0030,user,2026-01-02 06:29:57,11,0.1737935633286905,0.354,normal,Cold-start: score vs population baseline (confidence ramping)
SES_0001061,USR_0030,user,2026-01-02 08:36:05,12,0.1043095815302969,0.368,normal,Cold-start: score vs population baseline (confidence ramping)
SES_0001167,USR_0030,user,2026-01-02 11:00:19,13,0.0755674718728423,0.382,normal,Cold-start: score vs population baseline (confidence ramping)
SES_0001179,USR_0030,user,2026-01-02 11:18:21,14,0.0815066781104093,0.396,normal,Cold-start: score vs population baseline (confidence ramping)
SES_0001478,USR_0030,user,2026-01-02 17:21:32,15,0.0722392718364245,0.41000000000000003,normal,Cold-start: score vs population baseline (confidence ramping)
SES_0001503,USR_0030,user,2026-01-02 17:49:17,16,0.0698289650575663,0.424,normal,Cold-start: score vs population baseline (confidence ramping)
SES_0001600,USR_0030,user,2026-01-02 19:46:38,17,0.1362635696729905,0.438,normal,Cold-start: score vs population baseline (confidence ramping)
SES_0001606,USR_0030,user,2026-01-02 19:54:36,18,0.3158499370053794,0.452,normal,Cold-start: score vs population baseline (confidence ramping)
SES_0001730,USR_0030,user,2026-01-03 06:41:45,19,0.3232454998418536,0.46599999999999997,normal,Cold-start: score vs population baseline (confidence ramping)
SES_0001731,USR_0030,user,2026-01-03 06:43:02,20,0.2139212738787756,0.48,normal,Cold-start: score vs population baseline (confidence ramping)
SES_0001897,USR_0030,user,2026-01-03 08:52:16,21,0.1069418479105507,0.494,normal,Cold-start: score vs population baseline (confidence ramping)
SES_0002022,USR_0030,user,2026-01-03 11:09:49,22,0.0890995069592595,0.508,normal,Cold-start: score vs population baseline (confidence ramping)
SES_0002041,USR_0030,user,2026-01-03 11:34:27,23,0.1441202644353593,0.522,normal,Cold-start: score vs population baseline (confidence ramping)
SES_0002062,USR_0030,user,2026-01-03 11:52:18,24,0.0725694095412827,0.536,normal,Cold-start: score vs population baseline (confidence ramping)
SES_0002357,USR_0030,user,2026-01-03 17:27:14,25,0.1005871094647358,0.55,normal,Cold-start: score vs population baseline (confidence ramping)
SES_0002467,USR_0030,user,2026-01-03 19:32:09,26,0.1056390103724074,0.5640000000000001,normal,Cold-start: score vs population baseline (confidence ramping)
SES_0002588,USR_0030,user,2026-01-04 06:04:09,27,0.2276042841640942,0.5780000000000001,normal,Cold-start: score vs population baseline (confidence ramping)
SES_0002915,USR_0030,user,2026-01-04 11:24:41,28,0.0797309809902543,0.5920000000000001,normal,Cold-start: score vs population baseline (confidence ramping)
SES_0002928,USR_0030,user,2026-01-04 11:35:26,29,0.1051625020574287,0.606,normal,Cold-start: score vs population baseline (confidence ramping)
SES_0003369,USR_0030,user,2026-01-04 19:37:44,30,0.10242519570585,0.62,normal,Cold-start: score vs population baseline (confidence ramping)
SES_0003616,USR_0030,user,2026-01-05 08:30:57,31,0.1019111481795538,0.634,normal,Cold-start: score vs population baseline (confidence ramping)
SES_0003776,USR_0030,user,2026-01-05 11:10:07,32,0.0841415813480495,0.6479999999999999,normal,Cold-start: score vs population baseline (confidence ramping)
SES_0004127,USR_0030,user,2026-01-05 17:08:39,33,0.0670998652233271,0.6619999999999999,normal,Cold-start: score vs population baseline (confidence ramping)
SES_0004178,USR_0030,user,2026-01-05 17:58:59,34,0.104304325156629,0.6759999999999999,normal,Cold-start: score vs population baseline (confidence ramping)
SES_0004388,USR_0030,user,2026-01-06 06:00:25,35,0.1729808258542685,0.69,normal,Cold-start: score vs population baseline (confidence ramping)
SES_0004402,USR_0030,user,2026-01-06 06:23:21,36,0.195400853036683,0.704,normal,Cold-start: score vs population baseline (confidence ramping)
SES_0004417,USR_0030,user,2026-01-06 06:47:00,37,0.389651710916454,0.718,normal,Cold-start: score vs population baseline (confidence ramping)
SES_0004549,USR_0030,user,2026-01-06 08:49:04,38,0.0896367633678425,0.732,normal,Cold-start: score vs population baseline (confidence ramping)
SES_0004712,USR_0030,user,2026-01-06 11:22:56,39,0.0665212701499522,0.746,normal,Cold-start: score vs population baseline (confidence ramping)
SES_0004726,USR_0030,user,2026-01-06 11:43:29,40,0.0896593179353378,0.76,normal,Cold-start: score vs population baseline (confidence ramping)
SES_0004844,USR_0030,user,2026-01-06 14:00:00,41,0.1271084815625233,0.774,edge_case,Cold-start: score vs population baseline (confidence ramping)
SES_0005137,USR_0030,user,2026-01-06 19:22:18,42,0.065258058048821,0.788,normal,Cold-start: score vs population baseline (confidence ramping)
SES_0005165,USR_0030,user,2026-01-06 19:53:03,43,0.0784751523351048,0.802,normal,Cold-start: score vs population baseline (confidence ramping)
SES_0005167,USR_0030,user,2026-01-06 19:56:16,44,0.2679195918522387,0.8160000000000001,normal,Cold-start: score vs population baseline (confidence ramping)
SES_0005261,USR_0030,user,2026-01-07 06:05:05,45,0.1871509397201639,0.8300000000000001,normal,Cold-start: score vs population baseline (confidence ramping)
SES_0005274,USR_0030,user,2026-01-07 06:18:47,46,0.1836933362240633,0.8440000000000001,normal,Cold-start: score vs population baseline (confidence ramping)
SES_0005412,USR_0030,user,2026-01-07 08:06:18,47,0.043683780233088,0.8579999999999999,normal,Cold-start: score vs population baseline (confidence ramping)
SES_0005595,USR_0030,user,2026-01-07 11:14:14,48,0.0944666636074837,0.8719999999999999,normal,Cold-start: score vs population baseline (confidence ramping)
SES_0005617,USR_0030,user,2026-01-07 11:40:00,49,0.0651017289512045,0.8859999999999999,normal,Cold-start: score vs population baseline (confidence ramping)
SES_0005922,USR_0030,user,2026-01-07 17:26:42,50,0.0753162854118816,0.8999999999999999,normal,Cold-start: score vs population baseline (confidence ramping)
SES_0000178,USR_0031,user,2026-01-01 09:07:05,1,0.3371718478590629,0.21400000000000002,normal,Cold-start: score vs population baseline (confidence ramping)
SES_0000184,USR_0031,user,2026-01-01 09:13:27,2,0.2443345848040092,0.228,normal,Cold-start: score vs population baseline (confidence ramping)
SES_0000299,USR_0031,user,2026-01-01 11:14:56,3,0.1437510175444649,0.242,normal,Cold-start: score vs population baseline (confidence ramping)
SES_0000427,USR_0031,user,2026-01-01 13:16:17,4,0.0798454193219242,0.256,normal,Cold-start: score vs population baseline (confidence ramping)
SES_0000727,USR_0031,user,2026-01-01 18:38:00,5,0.074475289956816,0.27,normal,Cold-start: score vs population baseline (confidence ramping)
SES_0000791,USR_0031,user,2026-01-01 19:56:19,6,0.0715826408083516,0.28400000000000003,normal,Cold-start: score vs population baseline (confidence ramping)
SES_0000800,USR_0031,user,2026-01-01 20:04:43,7,0.1829692229191465,0.29800000000000004,normal,Cold-start: score vs population baseline (confidence ramping)
SES_0000809,USR_0031,user,2026-01-01 20:11:35,8,0.0612864135436308,0.312,normal,Cold-start: score vs population baseline (confidence ramping)
SES_0000973,USR_0031,user,2026-01-02 07:13:21,9,0.0613807394686083,0.326,normal,Cold-start: score vs population baseline (confidence ramping)
SES_0001303,USR_0031,user,2026-01-02 13:35:37,10,0.1768648832736741,0.33999999999999997,normal,Cold-start: score vs population baseline (confidence ramping)
SES_0001533,USR_0031,user,2026-01-02 18:16:36,11,0.0474673141665718,0.354,normal,Cold-start: score vs population baseline (confidence ramping)
SES_0001543,USR_0031,user,2026-01-02 18:33:10,12,0.0523632681808704,0.368,normal,Cold-start: score vs population baseline (confidence ramping)
SES_0001595,USR_0031,user,2026-01-02 19:40:32,13,0.0450565338736746,0.382,normal,Cold-start: score vs population baseline (confidence ramping)
SES_0001624,USR_0031,user,2026-01-02 20:27:46,14,0.0785674625713705,0.396,normal,Cold-start: score vs population baseline (confidence ramping)
SES_0001636,USR_0031,user,2026-01-02 20:45:36,15,0.3004580954863259,0.41000000000000003,normal,Cold-start: score vs population baseline (confidence ramping)
SES_0001768,USR_0031,user,2026-01-03 07:09:01,16,0.0836723031553508,0.424,normal,Cold-start: score vs population baseline (confidence ramping)
SES_0001771,USR_0031,user,2026-01-03 07:09:32,17,0.0789740700892955,0.438,normal,Cold-start: score vs population baseline (confidence ramping)
SES_0001813,USR_0031,user,2026-01-03 07:38:02,18,0.0926264995763987,0.452,normal,Cold-start: score vs population baseline (confidence ramping)
SES_0002129,USR_0031,user,2026-01-03 13:10:22,19,0.1172926889846691,0.46599999999999997,normal,Cold-start: score vs population baseline (confidence ramping)
SES_0002157,USR_0031,user,2026-01-03 13:41:09,20,0.1166987312866896,0.48,normal,Cold-start: score vs population baseline (confidence ramping)
SES_0002420,USR_0031,user,2026-01-03 18:27:37,21,0.2186834741387015,0.494,normal,Cold-start: score vs population baseline (confidence ramping)
SES_0002431,USR_0031,user,2026-01-03 18:51:29,22,0.0802731577318809,0.508,normal,Cold-start: score vs population baseline (confidence ramping)
SES_0002468,USR_0031,user,2026-01-03 19:33:00,23,0.0905309873543744,0.522,normal,Cold-start: score vs population baseline (confidence ramping)
SES_0002496,USR_0031,user,2026-01-03 20:18:32,24,0.1226856604755115,0.536,normal,Cold-start: score vs population baseline (confidence ramping)
SES_0002508,USR_0031,user,2026-01-03 20:31:18,25,0.1003340752285199,0.55,normal,Cold-start: score vs population baseline (confidence ramping)
SES_0002798,USR_0031,user,2026-01-04 09:23:11,26,0.0977338984720981,0.5640000000000001,normal,Cold-start: score vs population baseline (confidence ramping)
SES_0002933,USR_0031,user,2026-01-04 11:38:41,27,0.0856230941170904,0.5780000000000001,normal,Cold-start: score vs population baseline (confidence ramping)
SES_0003014,USR_0031,user,2026-01-04 13:01:08,28,0.082343715645486,0.5920000000000001,normal,Cold-start: score vs population baseline (confidence ramping)
SES_0003379,USR_0031,user,2026-01-04 19:58:56,29,0.1430780773749704,0.606,normal,Cold-start: score vs population baseline (confidence ramping)
SES_0003387,USR_0031,user,2026-01-04 20:06:56,30,0.316821211055235,0.62,normal,Cold-start: score vs population baseline (confidence ramping)
SES_0003399,USR_0031,user,2026-01-04 20:22:42,31,0.1307329693051281,0.634,normal,Cold-start: score vs population baseline (confidence ramping)
SES_0003423,USR_0031,user,2026-01-04 20:53:12,32,0.0847549023989048,0.6479999999999999,normal,Cold-start: score vs population baseline (confidence ramping)
SES_0003779,USR_0031,user,2026-01-05 11:15:02,33,0.0464257269731396,0.6619999999999999,normal,Cold-start: score vs population baseline (confidence ramping)
SES_0003802,USR_0031,user,2026-01-05 11:36:32,34,0.0465539336358578,0.6759999999999999,normal,Cold-start: score vs population baseline (confidence ramping)
SES_0003880,USR_0031,user,2026-01-05 13:00:58,35,0.058099987587383,0.69,normal,Cold-start: score vs population baseline (confidence ramping)
SES_0003922,USR_0031,user,2026-01-05 13:41:39,36,0.0444986294186466,0.704,normal,Cold-start: score vs population baseline (confidence ramping)
SES_0004224,USR_0031,user,2026-01-05 18:53:26,37,0.0730716816081756,0.718,normal,Cold-start: score vs population baseline (confidence ramping)
SES_0004267,USR_0031,user,2026-01-05 19:54:32,38,0.0790153096040023,0.732,normal,Cold-start: score vs population baseline (confidence ramping)
SES_0004281,USR_0031,user,2026-01-05 20:19:11,39,0.0778681091814278,0.746,normal,Cold-start: score vs population baseline (confidence ramping)
SES_0004289,USR_0031,user,2026-01-05 20:25:26,40,0.0651708262379279,0.76,normal,Cold-start: score vs population baseline (confidence ramping)
SES_0004491,USR_0031,user,2026-01-06 07:53:18,41,0.0566294169382031,0.774,normal,Cold-start: score vs population baseline (confidence ramping)
SES_0004577,USR_0031,user,2026-01-06 09:19:07,42,0.0550286000913769,0.788,normal,Cold-start: score vs population baseline (confidence ramping)
SES_0004590,USR_0031,user,2026-01-06 09:32:09,43,0.032491351486953,0.802,normal,Cold-start: score vs population baseline (confidence ramping)
SES_0004601,USR_0031,user,2026-01-06 09:43:21,44,0.069686792476292,0.8160000000000001,normal,Cold-start: score vs population baseline (confidence ramping)
SES_0004731,USR_0031,user,2026-01-06 11:51:21,45,0.0785198989202638,0.8300000000000001,normal,Cold-start: score vs population baseline (confidence ramping)
SES_0005584,USR_0031,user,2026-01-07 11:07:13,46,0.0438611949101912,0.8440000000000001,normal,Cold-start: score vs population baseline (confidence ramping)
SES_0005958,USR_0031,user,2026-01-07 18:12:59,47,0.0422756090576107,0.8579999999999999,normal,Cold-start: score vs population baseline (confidence ramping)
SES_0006025,USR_0031,user,2026-01-07 19:29:20,48,0.034529200926094,0.8719999999999999,normal,Cold-start: score vs population baseline (confidence ramping)
SES_0006211,USR_0031,user,2026-01-08 07:24:32,49,0.0571490482738177,0.8859999999999999,normal,Cold-start: score vs population baseline (confidence ramping)
SES_0006228,USR_0031,user,2026-01-08 07:37:50,50,0.0721599004050499,0.8999999999999999,normal,Cold-start: score vs population baseline (confidence ramping)
SES_0000065,USR_0032,user,2026-01-01 07:17:39,1,0.3349587066412774,0.21400000000000002,normal,Cold-start: score vs population baseline (confidence ramping)
SES_0000253,USR_0032,user,2026-01-01 10:30:24,2,0.2508386881708132,0.228,normal,Cold-start: score vs population baseline (confidence ramping)
SES_0000291,USR_0032,user,2026-01-01 11:09:05,3,0.1244362261035269,0.242,normal,Cold-start: score vs population baseline (confidence ramping)
SES_0000303,USR_0032,user,2026-01-01 11:17:52,4,0.3429847817906805,0.256,normal,Cold-start: score vs population baseline (confidence ramping)
SES_0000330,USR_0032,user,2026-01-01 11:42:36,5,0.2629276368672339,0.27,normal,Cold-start: score vs population baseline (confidence ramping)
SES_0000513,USR_0032,user,2026-01-01 14:49:46,6,0.1763234108913006,0.28400000000000003,normal,Cold-start: score vs population baseline (confidence ramping)
SES_0000594,USR_0032,user,2026-01-01 16:29:28,7,0.0502094703038232,0.29800000000000004,normal,Cold-start: score vs population baseline (confidence ramping)
SES_0000613,USR_0032,user,2026-01-01 16:52:22,8,0.104788506598953,0.312,normal,Cold-start: score vs population baseline (confidence ramping)
SES_0000781,USR_0032,user,2026-01-01 19:41:38,9,0.0601457018391798,0.326,normal,Cold-start: score vs population baseline (confidence ramping)
SES_0001003,USR_0032,user,2026-01-02 07:35:47,10,0.0702143021936645,0.33999999999999997,normal,Cold-start: score vs population baseline (confidence ramping)
SES_0001015,USR_0032,user,2026-01-02 07:44:17,11,0.106387843831065,0.354,normal,Cold-start: score vs population baseline (confidence ramping)
SES_0001144,USR_0032,user,2026-01-02 10:30:11,12,0.1034493810091855,0.368,normal,Cold-start: score vs population baseline (confidence ramping)
SES_0001160,USR_0032,user,2026-01-02 10:55:27,13,0.0821178961093071,0.382,normal,Cold-start: score vs population baseline (confidence ramping)
SES_0001185,USR_0032,user,2026-01-02 11:29:00,14,0.1030030589919018,0.396,normal,Cold-start: score vs population baseline (confidence ramping)
SES_0001361,USR_0032,user,2026-01-02 14:45:41,15,0.0665717910758102,0.41000000000000003,normal,Cold-start: score vs population baseline (confidence ramping)
SES_0001432,USR_0032,user,2026-01-02 16:28:21,16,0.1174805948999475,0.424,normal,Cold-start: score vs population baseline (confidence ramping)
SES_0001441,USR_0032,user,2026-01-02 16:35:45,17,0.308886856322083,0.438,normal,Cold-start: score vs population baseline (confidence ramping)
SES_0001570,USR_0032,user,2026-01-02 19:14:53,18,0.13081769455572,0.452,normal,Cold-start: score vs population baseline (confidence ramping)
SES_0001571,USR_0032,user,2026-01-02 19:15:27,19,0.1064239276261961,0.46599999999999997,normal,Cold-start: score vs population baseline (confidence ramping)
SES_0001575,USR_0032,user,2026-01-02 19:18:02,20,0.2080825280614894,0.48,normal,Cold-start: score vs population baseline (confidence ramping)
SES_0001967,USR_0032,user,2026-01-03 10:07:44,21,0.1104528728841162,0.494,normal,Cold-start: score vs population baseline (confidence ramping)
SES_0001985,USR_0032,user,2026-01-03 10:24:50,22,0.2414717286903318,0.508,normal,Cold-start: score vs population baseline (confidence ramping)
SES_0002054,USR_0032,user,2026-01-03 11:46:20,23,0.1196954450933091,0.522,normal,Cold-start: score vs population baseline (confidence ramping)
SES_0002281,USR_0032,user,2026-01-03 16:06:18,24,0.1433226000927152,0.536,normal,Cold-start: score vs population baseline (confidence ramping)
SES_0002294,USR_0032,user,2026-01-03 16:18:32,25,0.3132787019238567,0.55,normal,Cold-start: score vs population baseline (confidence ramping)
SES_0002302,USR_0032,user,2026-01-03 16:25:45,26,0.331286454308617,0.5640000000000001,normal,Cold-start: score vs population baseline (confidence ramping)
SES_0002328,USR_0032,user,2026-01-03 16:52:45,27,0.123021602108239,0.5780000000000001,normal,Cold-start: score vs population baseline (confidence ramping)
SES_0002466,USR_0032,user,2026-01-03 19:31:42,28,0.1337350590665561,0.5920000000000001,normal,Cold-start: score vs population baseline (confidence ramping)
SES_0002484,USR_0032,user,2026-01-03 19:54:50,29,0.1345180494234301,0.606,normal,Cold-start: score vs population baseline (confidence ramping)
SES_0002516,USR_0032,user,2026-01-03 20:43:23,30,0.1094112664428962,0.62,normal,Cold-start: score vs population baseline (confidence ramping)
SES_0002525,USR_0032,user,2026-01-03 20:55:20,31,0.1395298371821257,0.634,normal,Cold-start: score vs population baseline (confidence ramping)
SES_0002689,USR_0032,user,2026-01-04 07:42:38,32,0.1481082808236946,0.6479999999999999,normal,Cold-start: score vs population baseline (confidence ramping)
SES_0002856,USR_0032,user,2026-01-04 10:26:24,33,0.134887136352137,0.6619999999999999,normal,Cold-start: score vs population baseline (confidence ramping)
SES_0003075,USR_0032,user,2026-01-04 14:11:49,34,0.1064730945672526,0.6759999999999999,normal,Cold-start: score vs population baseline (confidence ramping)
SES_0003223,USR_0032,user,2026-01-04 16:49:03,35,0.1052374120207004,0.69,normal,Cold-start: score vs population baseline (confidence ramping)
SES_0003401,USR_0032,user,2026-01-04 20:25:57,36,0.1631713301192857,0.704,normal,Cold-start: score vs population baseline (confidence ramping)
SES_0003575,USR_0032,user,2026-01-05 07:38:18,37,0.2185574237484121,0.718,normal,Cold-start: score vs population baseline (confidence ramping)
SES_0003578,USR_0032,user,2026-01-05 07:41:03,38,0.1064343085772773,0.732,normal,Cold-start: score vs population baseline (confidence ramping)
SES_0003747,USR_0032,user,2026-01-05 10:45:08,39,0.0618134385941424,0.746,normal,Cold-start: score vs population baseline (confidence ramping)
SES_0003763,USR_0032,user,2026-01-05 11:00:33,40,0.1004252887346028,0.76,normal,Cold-start: score vs population baseline (confidence ramping)
SES_0003804,USR_0032,user,2026-01-05 11:38:31,41,0.0745710956574656,0.774,normal,Cold-start: score vs population baseline (confidence ramping)
SES_0004064,USR_0032,user,2026-01-05 16:01:59,42,0.0939509229302186,0.788,normal,Cold-start: score vs population baseline (confidence ramping)
SES_0004112,USR_0032,user,2026-01-05 16:55:23,43,0.0901883793448732,0.802,normal,Cold-start: score vs population baseline (confidence ramping)
SES_0004233,USR_0032,user,2026-01-05 19:05:14,44,0.1245139797561595,0.8160000000000001,normal,Cold-start: score vs population baseline (confidence ramping)
SES_0004244,USR_0032,user,2026-01-05 19:22:33,45,0.0877970338539589,0.8300000000000001,normal,Cold-start: score vs population baseline (confidence ramping)
SES_0004275,USR_0032,user,2026-01-05 20:11:42,46,0.0939216605100959,0.8440000000000001,normal,Cold-start: score vs population baseline (confidence ramping)
SES_0004294,USR_0032,user,2026-01-05 20:26:49,47,0.0993360187319286,0.8579999999999999,normal,Cold-start: score vs population baseline (confidence ramping)
SES_0004629,USR_0032,user,2026-01-06 10:02:32,48,0.0899404415906665,0.8719999999999999,normal,Cold-start: score vs population baseline (confidence ramping)
SES_0004630,USR_0032,user,2026-01-06 10:02:36,49,0.0709239757686964,0.8859999999999999,normal,Cold-start: score vs population baseline (confidence ramping)
SES_0004673,USR_0032,user,2026-01-06 10:41:42,50,0.2024419951101025,0.8999999999999999,normal,Cold-start: score vs population baseline (confidence ramping)
SES_0000105,USR_0033,user,2026-01-01 07:47:22,1,0.4741062885926946,0.21400000000000002,normal,Cold-start: score vs population baseline (confidence ramping)
SES_0000361,USR_0033,user,2026-01-01 12:14:25,2,0.4243644042397607,0.228,normal,Cold-start: score vs population baseline (confidence ramping)
SES_0000365,USR_0033,user,2026-01-01 12:17:19,3,0.2894660773116981,0.242,normal,Cold-start: score vs population baseline (confidence ramping)
SES_0000490,USR_0033,user,2026-01-01 14:24:11,4,0.2669639136911816,0.256,normal,Cold-start: score vs population baseline (confidence ramping)
SES_0000492,USR_0033,user,2026-01-01 14:27:14,5,0.201517614504722,0.27,normal,Cold-start: score vs population baseline (confidence ramping)
SES_0000519,USR_0033,user,2026-01-01 14:57:05,6,0.2456469130106783,0.28400000000000003,normal,Cold-start: score vs population baseline (confidence ramping)
SES_0000523,USR_0033,user,2026-01-01 15:00:27,7,0.1064261489691399,0.29800000000000004,normal,Cold-start: score vs population baseline (confidence ramping)
SES_0000527,USR_0033,user,2026-01-01 15:06:05,8,0.1272842522695975,0.312,normal,Cold-start: score vs population baseline (confidence ramping)
SES_0000534,USR_0033,user,2026-01-01 15:13:30,9,0.0772583469306365,0.326,normal,Cold-start: score vs population baseline (confidence ramping)
SES_0000558,USR_0033,user,2026-01-01 15:48:49,10,0.0667067576664073,0.33999999999999997,normal,Cold-start: score vs population baseline (confidence ramping)
SES_0000911,USR_0033,user,2026-01-02 06:02:43,11,0.1815683572011241,0.354,normal,Cold-start: score vs population baseline (confidence ramping)
SES_0000962,USR_0033,user,2026-01-02 07:07:18,12,0.0596953088872582,0.368,normal,Cold-start: score vs population baseline (confidence ramping)
SES_0000979,USR_0033,user,2026-01-02 07:17:31,13,0.2967207920771008,0.382,normal,Cold-start: score vs population baseline (confidence ramping)
SES_0001232,USR_0033,user,2026-01-02 12:16:02,14,0.1037851884812726,0.396,normal,Cold-start: score vs population baseline (confidence ramping)
SES_0001242,USR_0033,user,2026-01-02 12:27:12,15,0.1010744192243733,0.41000000000000003,normal,Cold-start: score vs population baseline (confidence ramping)
SES_0001391,USR_0033,user,2026-01-02 15:30:11,16,0.1096183824949694,0.424,normal,Cold-start: score vs population baseline (confidence ramping)
SES_0001723,USR_0033,user,2026-01-03 06:30:46,17,0.2390934757873186,0.438,normal,Cold-start: score vs population baseline (confidence ramping)
SES_0001728,USR_0033,user,2026-01-03 06:35:50,18,0.2456054863856245,0.452,normal,Cold-start: score vs population baseline (confidence ramping)
SES_0001834,USR_0033,user,2026-01-03 07:51:06,19,0.1431995178562956,0.46599999999999997,normal,Cold-start: score vs population baseline (confidence ramping)
SES_0002104,USR_0033,user,2026-01-03 12:42:26,20,0.1738659119145011,0.48,normal,Cold-start: score vs population baseline (confidence ramping)
SES_0002118,USR_0033,user,2026-01-03 12:57:43,21,0.171088948765691,0.494,normal,Cold-start: score vs population baseline (confidence ramping)
SES_0002186,USR_0033,user,2026-01-03 14:29:32,22,0.2294504309391968,0.508,normal,Cold-start: score vs population baseline (confidence ramping)
SES_0002604,USR_0033,user,2026-01-04 06:20:17,23,0.261596412494217,0.522,normal,Cold-start: score vs population baseline (confidence ramping)
SES_0002632,USR_0033,user,2026-01-04 07:03:15,24,0.1235213781566469,0.536,normal,Cold-start: score vs population baseline (confidence ramping)
SES_0002974,USR_0033,user,2026-01-04 12:17:27,25,0.1943087314527085,0.55,normal,Cold-start: score vs population baseline (confidence ramping)
SES_0002976,USR_0033,user,2026-01-04 12:20:20,26,0.3670037980706684,0.5640000000000001,normal,Cold-start: score vs population baseline (confidence ramping)
SES_0003086,USR_0033,user,2026-01-04 14:26:14,27,0.1501240239631905,0.5780000000000001,normal,Cold-start: score vs population baseline (confidence ramping)
SES_0003134,USR_0033,user,2026-01-04 15:15:26,28,0.1625109470750786,0.5920000000000001,normal,Cold-start: score vs population baseline (confidence ramping)
SES_0003502,USR_0033,user,2026-01-05 06:14:03,29,0.2049983910175551,0.606,normal,Cold-start: score vs population baseline (confidence ramping)
SES_0003525,USR_0033,user,2026-01-05 06:45:14,30,0.3198970825322122,0.62,normal,Cold-start: score vs population baseline (confidence ramping)
SES_0003594,USR_0033,user,2026-01-05 07:59:23,31,0.1370438114384753,0.634,normal,Cold-start: score vs population baseline (confidence ramping)
SES_0003829,USR_0033,user,2026-01-05 12:04:07,32,0.1053968647929088,0.6479999999999999,normal,Cold-start: score vs population baseline (confidence ramping)
SES_0003843,USR_0033,user,2026-01-05 12:23:50,33,0.0980876445370783,0.6619999999999999,normal,Cold-start: score vs population baseline (confidence ramping)
SES_0003851,USR_0033,user,2026-01-05 12:30:50,34,0.1881324174310061,0.6759999999999999,normal,Cold-start: score vs population baseline (confidence ramping)
SES_0003853,USR_0033,user,2026-01-05 12:31:00,35,0.0662971577257474,0.69,normal,Cold-start: score vs population baseline (confidence ramping)
SES_0003873,USR_0033,user,2026-01-05 12:50:28,36,0.1816723234358384,0.704,normal,Cold-start: score vs population baseline (confidence ramping)
SES_0003990,USR_0033,user,2026-01-05 14:47:04,37,0.094661230580039,0.718,normal,Cold-start: score vs population baseline (confidence ramping)
SES_0004403,USR_0033,user,2026-01-06 06:31:46,38,0.1898829895839939,0.732,normal,Cold-start: score vs population baseline (confidence ramping)
SES_0004771,USR_0033,user,2026-01-06 12:36:50,39,0.0502884272317289,0.746,normal,Cold-start: score vs population baseline (confidence ramping)
SES_0004788,USR_0033,user,2026-01-06 12:51:47,40,0.0548348482256449,0.76,normal,Cold-start: score vs population baseline (confidence ramping)
SES_0004868,USR_0033,user,2026-01-06 14:36:12,41,0.0966898655829922,0.774,normal,Cold-start: score vs population baseline (confidence ramping)
SES_0004874,USR_0033,user,2026-01-06 14:41:01,42,0.0552126177653033,0.788,normal,Cold-start: score vs population baseline (confidence ramping)
SES_0004885,USR_0033,user,2026-01-06 14:51:54,43,0.0849794177990359,0.802,normal,Cold-start: score vs population baseline (confidence ramping)
SES_0004892,USR_0033,user,2026-01-06 14:56:31,44,0.0891297692510019,0.8160000000000001,normal,Cold-start: score vs population baseline (confidence ramping)
SES_0005360,USR_0033,user,2026-01-07 07:53:04,45,0.1014144981984705,0.8300000000000001,normal,Cold-start: score vs population baseline (confidence ramping)
SES_0005369,USR_0033,user,2026-01-07 07:59:01,46,0.1057921216117083,0.8440000000000001,normal,Cold-start: score vs population baseline (confidence ramping)
SES_0005668,USR_0033,user,2026-01-07 12:37:24,47,0.0674155213313725,0.8579999999999999,normal,Cold-start: score vs population baseline (confidence ramping)
SES_0005756,USR_0033,user,2026-01-07 14:24:00,48,0.0658189478107229,0.8719999999999999,normal,Cold-start: score vs population baseline (confidence ramping)
SES_0005774,USR_0033,user,2026-01-07 14:42:30,49,0.0469767260703334,0.8859999999999999,normal,Cold-start: score vs population baseline (confidence ramping)
SES_0005827,USR_0033,user,2026-01-07 15:38:16,50,0.0388584281528691,0.8999999999999999,normal,Cold-start: score vs population baseline (confidence ramping)
SES_0000020,USR_0034,user,2026-01-01 06:32:31,1,0.3806211873818058,0.21400000000000002,normal,Cold-start: score vs population baseline (confidence ramping)
SES_0000026,USR_0034,user,2026-01-01 06:40:26,2,0.3826074043213672,0.228,normal,Cold-start: score vs population baseline (confidence ramping)
SES_0000367,USR_0034,user,2026-01-01 12:22:50,3,0.1067249558706325,0.242,normal,Cold-start: score vs population baseline (confidence ramping)
SES_0000370,USR_0034,user,2026-01-01 12:26:25,4,0.1025653326074842,0.256,normal,Cold-start: score vs population baseline (confidence ramping)
SES_0000391,USR_0034,user,2026-01-01 12:45:00,5,0.07043221496897,0.27,normal,Cold-start: score vs population baseline (confidence ramping)
SES_0000408,USR_0034,user,2026-01-01 12:55:17,6,0.0867322897171083,0.28400000000000003,normal,Cold-start: score vs population baseline (confidence ramping)
SES_0000501,USR_0034,user,2026-01-01 14:38:55,7,0.0652323748167381,0.29800000000000004,normal,Cold-start: score vs population baseline (confidence ramping)
SES_0000649,USR_0034,user,2026-01-01 17:25:52,8,0.0726948328603144,0.312,normal,Cold-start: score vs population baseline (confidence ramping)
SES_0000680,USR_0034,user,2026-01-01 17:48:48,9,0.0627840147638592,0.326,normal,Cold-start: score vs population baseline (confidence ramping)
SES_0000824,USR_0034,user,2026-01-01 20:30:36,10,0.0805062568761772,0.33999999999999997,normal,Cold-start: score vs population baseline (confidence ramping)
SES_0000927,USR_0034,user,2026-01-02 06:31:50,11,0.217171442282213,0.354,normal,Cold-start: score vs population baseline (confidence ramping)
SES_0000929,USR_0034,user,2026-01-02 06:32:51,12,0.1925313329686543,0.368,normal,Cold-start: score vs population baseline (confidence ramping)
SES_0000937,USR_0034,user,2026-01-02 06:41:45,13,0.1869931180950676,0.382,normal,Cold-start: score vs population baseline (confidence ramping)
SES_0000943,USR_0034,user,2026-01-02 06:46:46,14,0.1878375081074741,0.396,normal,Cold-start: score vs population baseline (confidence ramping)
SES_0001239,USR_0034,user,2026-01-02 12:22:21,15,0.0808792097235134,0.41000000000000003,normal,Cold-start: score vs population baseline (confidence ramping)
SES_0001250,USR_0034,user,2026-01-02 12:34:30,16,0.0970993993954894,0.424,normal,Cold-start: score vs population baseline (confidence ramping)
SES_0001324,USR_0034,user,2026-01-02 14:01:58,17,0.08559244403152,0.438,normal,Cold-start: score vs population baseline (confidence ramping)
SES_0001347,USR_0034,user,2026-01-02 14:23:52,18,0.0700420738951377,0.452,normal,Cold-start: score vs population baseline (confidence ramping)
SES_0001608,USR_0034,user,2026-01-02 20:02:06,19,0.0815639951520683,0.46599999999999997,normal,Cold-start: score vs population baseline (confidence ramping)
SES_0001631,USR_0034,user,2026-01-02 20:35:53,20,0.1090498865372246,0.48,normal,Cold-start: score vs population baseline (confidence ramping)
SES_0001707,USR_0034,user,2026-01-03 06:03:01,21,0.2058099370449386,0.494,normal,Cold-start: score vs population baseline (confidence ramping)
SES_0001725,USR_0034,user,2026-01-03 06:31:11,22,0.2197375748182038,0.508,normal,Cold-start: score vs population baseline (confidence ramping)
SES_0002088,USR_0034,user,2026-01-03 12:21:17,23,0.1212661339223008,0.522,normal,Cold-start: score vs population baseline (confidence ramping)
SES_0002175,USR_0034,user,2026-01-03 14:09:51,24,0.1352567041358917,0.536,normal,Cold-start: score vs population baseline (confidence ramping)
SES_0002195,USR_0034,user,2026-01-03 14:36:39,25,0.1476743564970402,0.55,normal,Cold-start: score vs population baseline (confidence ramping)
SES_0002206,USR_0034,user,2026-01-03 14:49:33,26,0.1184202555764505,0.5640000000000001,normal,Cold-start: score vs population baseline (confidence ramping)
SES_0002370,USR_0034,user,2026-01-03 17:35:35,27,0.1421263260088172,0.5780000000000001,normal,Cold-start: score vs population baseline (confidence ramping)
SES_0002384,USR_0034,user,2026-01-03 17:52:00,28,0.1441004032764555,0.5920000000000001,normal,Cold-start: score vs population baseline (confidence ramping)
SES_0002501,USR_0034,user,2026-01-03 20:25:28,29,0.2092339769986473,0.606,normal,Cold-start: score vs population baseline (confidence ramping)
SES_0002981,USR_0034,user,2026-01-04 12:25:41,30,0.0985816494449442,0.62,normal,Cold-start: score vs population baseline (confidence ramping)
SES_0002992,USR_0034,user,2026-01-04 12:44:06,31,0.1297492682003165,0.634,normal,Cold-start: score vs population baseline (confidence ramping)
SES_0003080,USR_0034,user,2026-01-04 14:18:27,32,0.1099310360347721,0.6479999999999999,normal,Cold-start: score vs population baseline (confidence ramping)
SES_0003256,USR_0034,user,2026-01-04 17:23:49,33,0.1040934250858094,0.6619999999999999,normal,Cold-start: score vs population baseline (confidence ramping)
SES_0003493,USR_0034,user,2026-01-05 06:05:29,34,0.1798574064196591,0.6759999999999999,normal,Cold-start: score vs population baseline (confidence ramping)
SES_0003507,USR_0034,user,2026-01-05 06:22:26,35,0.1785193342274746,0.69,normal,Cold-start: score vs population baseline (confidence ramping)
SES_0003524,USR_0034,user,2026-01-05 06:44:53,36,0.1676608887389429,0.704,normal,Cold-start: score vs population baseline (confidence ramping)
SES_0003834,USR_0034,user,2026-01-05 12:14:58,37,0.0672039660187183,0.718,normal,Cold-start: score vs population baseline (confidence ramping)
SES_0003858,USR_0034,user,2026-01-05 12:38:39,38,0.0758758300641476,0.732,normal,Cold-start: score vs population baseline (confidence ramping)
SES_0003979,USR_0034,user,2026-01-05 14:37:05,39,0.1324764662136275,0.746,normal,Cold-start: score vs population baseline (confidence ramping)
SES_0004135,USR_0034,user,2026-01-05 17:15:47,40,0.0815064721428933,0.76,normal,Cold-start: score vs population baseline (confidence ramping)
SES_0004301,USR_0034,user,2026-01-05 20:35:05,41,0.0971045802695786,0.774,normal,Cold-start: score vs population baseline (confidence ramping)
SES_0004312,USR_0034,user,2026-01-05 20:46:13,42,0.1000692692709224,0.788,normal,Cold-start: score vs population baseline (confidence ramping)
SES_0004317,USR_0034,user,2026-01-05 20:53:41,43,0.1129593543038111,0.802,normal,Cold-start: score vs population baseline (confidence ramping)
SES_0004413,USR_0034,user,2026-01-06 06:44:08,44,0.2907743374923887,0.8160000000000001,normal,Cold-start: score vs population baseline (confidence ramping)
SES_0004752,USR_0034,user,2026-01-06 12:19:42,45,0.0600841237672571,0.8300000000000001,normal,Cold-start: score vs population baseline (confidence ramping)
SES_0004767,USR_0034,user,2026-01-06 12:30:59,46,0.1030698928701351,0.8440000000000001,normal,Cold-start: score vs population baseline (confidence ramping)
SES_0004882,USR_0034,user,2026-01-06 14:51:09,47,0.0801718676666006,0.8579999999999999,normal,Cold-start: score vs population baseline (confidence ramping)
SES_0004893,USR_0034,user,2026-01-06 14:56:47,48,0.0579471265612757,0.8719999999999999,normal,Cold-start: score vs population baseline (confidence ramping)
SES_0005187,USR_0034,user,2026-01-06 20:27:41,49,0.0966232287999713,0.8859999999999999,normal,Cold-start: score vs population baseline (confidence ramping)
SES_0005275,USR_0034,user,2026-01-07 06:19:19,50,0.1472866589643405,0.8999999999999999,normal,Cold-start: score vs population baseline (confidence ramping)
SES_0000233,USR_0035,user,2026-01-01 10:02:26,1,0.3277328852621256,0.21400000000000002,normal,Cold-start: score vs population baseline (confidence ramping)
SES_0000586,USR_0035,user,2026-01-01 16:20:47,2,0.163378544951927,0.228,normal,Cold-start: score vs population baseline (confidence ramping)
SES_0000600,USR_0035,user,2026-01-01 16:39:23,3,0.2518782701939013,0.242,normal,Cold-start: score vs population baseline (confidence ramping)
SES_0000622,USR_0035,user,2026-01-01 16:59:32,4,0.0862470016458855,0.256,normal,Cold-start: score vs population baseline (confidence ramping)
SES_0000753,USR_0035,user,2026-01-01 19:10:05,5,0.1081115448596845,0.27,normal,Cold-start: score vs population baseline (confidence ramping)
SES_0000755,USR_0035,user,2026-01-01 19:13:52,6,0.1876310830107769,0.28400000000000003,normal,Cold-start: score vs population baseline (confidence ramping)
SES_0000786,USR_0035,user,2026-01-01 19:47:27,7,0.1949882642376087,0.29800000000000004,normal,Cold-start: score vs population baseline (confidence ramping)
SES_0000847,USR_0035,user,2026-01-01 20:56:31,8,0.13969233768633,0.312,normal,Cold-start: score vs population baseline (confidence ramping)
SES_0000893,USR_0035,user,2026-01-01 21:45:31,9,0.2041668690364221,0.326,normal,Cold-start: score vs population baseline (confidence ramping)
SES_0000972,USR_0035,user,2026-01-02 07:13:13,10,0.1164326751460271,0.33999999999999997,normal,Cold-start: score vs population baseline (confidence ramping)
SES_0001124,USR_0035,user,2026-01-02 10:08:56,11,0.0864764263136152,0.354,normal,Cold-start: score vs population baseline (confidence ramping)
SES_0001130,USR_0035,user,2026-01-02 10:15:11,12,0.0782405885257093,0.368,normal,Cold-start: score vs population baseline (confidence ramping)
SES_0001137,USR_0035,user,2026-01-02 10:22:41,13,0.1874611879287704,0.382,normal,Cold-start: score vs population baseline (confidence ramping)
SES_0001354,USR_0035,user,2026-01-02 14:34:06,14,0.0572695008853361,0.396,normal,Cold-start: score vs population baseline (confidence ramping)
SES_0001479,USR_0035,user,2026-01-02 17:21:36,15,0.2249331344244466,0.41000000000000003,normal,Cold-start: score vs population baseline (confidence ramping)
SES_0001562,USR_0035,user,2026-01-02 19:02:50,16,0.1171246227623292,0.424,normal,Cold-start: score vs population baseline (confidence ramping)
SES_0001573,USR_0035,user,2026-01-02 19:17:12,17,0.2869234997880251,0.438,normal,Cold-start: score vs population baseline (confidence ramping)
SES_0001578,USR_0035,user,2026-01-02 19:21:53,18,0.0720069012775413,0.452,normal,Cold-start: score vs population baseline (confidence ramping)
SES_0001784,USR_0035,user,2026-01-03 07:21:31,19,0.1378519081942676,0.46599999999999997,normal,Cold-start: score vs population baseline (confidence ramping)
SES_0001986,USR_0035,user,2026-01-03 10:25:41,20,0.1304372754922696,0.48,normal,Cold-start: score vs population baseline (confidence ramping)
SES_0002188,USR_0035,user,2026-01-03 14:32:09,21,0.1270524510341814,0.494,normal,Cold-start: score vs population baseline (confidence ramping)
SES_0002307,USR_0035,user,2026-01-03 16:33:01,22,0.1449949957437626,0.508,normal,Cold-start: score vs population baseline (confidence ramping)
SES_0002361,USR_0035,user,2026-01-03 17:29:37,23,0.1175566087831056,0.522,normal,Cold-start: score vs population baseline (confidence ramping)
SES_0002363,USR_0035,user,2026-01-03 17:30:38,24,0.1226856156181072,0.536,normal,Cold-start: score vs population baseline (confidence ramping)
SES_0002480,USR_0035,user,2026-01-03 19:49:54,25,0.1324933242377095,0.55,normal,Cold-start: score vs population baseline (confidence ramping)
SES_0002498,USR_0035,user,2026-01-03 20:19:40,26,0.1280507552640388,0.5640000000000001,normal,Cold-start: score vs population baseline (confidence ramping)
SES_0002630,USR_0035,user,2026-01-04 07:00:10,27,0.1104899407015139,0.5780000000000001,normal,Cold-start: score vs population baseline (confidence ramping)
SES_0002653,USR_0035,user,2026-01-04 07:15:48,28,0.1346898925593563,0.5920000000000001,normal,Cold-start: score vs population baseline (confidence ramping)
SES_0002664,USR_0035,user,2026-01-04 07:23:26,29,0.1201767076784386,0.606,normal,Cold-start: score vs population baseline (confidence ramping)
SES_0002674,USR_0035,user,2026-01-04 07:27:57,30,0.1048292179109225,0.62,normal,Cold-start: score vs population baseline (confidence ramping)
SES_0002865,USR_0035,user,2026-01-04 10:34:08,31,0.1114595710221917,0.634,normal,Cold-start: score vs population baseline (confidence ramping)
SES_0002867,USR_0035,user,2026-01-04 10:36:10,32,0.1037882011629001,0.6479999999999999,normal,Cold-start: score vs population baseline (confidence ramping)
SES_0003220,USR_0035,user,2026-01-04 16:46:14,33,0.1260372980198303,0.6619999999999999,normal,Cold-start: score vs population baseline (confidence ramping)
SES_0003248,USR_0035,user,2026-01-04 17:15:16,34,0.0828667686947814,0.6759999999999999,normal,Cold-start: score vs population baseline (confidence ramping)
SES_0003280,USR_0035,user,2026-01-04 17:57:16,35,0.0840886357360413,0.69,normal,Cold-start: score vs population baseline (confidence ramping)
SES_0003332,USR_0035,user,2026-01-04 19:02:01,36,0.0961690821242205,0.704,normal,Cold-start: score vs population baseline (confidence ramping)
SES_0003384,USR_0035,user,2026-01-04 20:02:04,37,0.1090425922178165,0.718,normal,Cold-start: score vs population baseline (confidence ramping)
SES_0003420,USR_0035,user,2026-01-04 20:49:53,38,0.1087586349065758,0.732,normal,Cold-start: score vs population baseline (confidence ramping)
SES_0003421,USR_0035,user,2026-01-04 20:51:34,39,0.2552843191748563,0.746,normal,Cold-start: score vs population baseline (confidence ramping)
SES_0003707,USR_0035,user,2026-01-05 10:04:45,40,0.0652835885992552,0.76,normal,Cold-start: score vs population baseline (confidence ramping)
SES_0003710,USR_0035,user,2026-01-05 10:05:34,41,0.0580582669781317,0.774,normal,Cold-start: score vs population baseline (confidence ramping)
SES_0004001,USR_0035,user,2026-01-05 14:57:23,42,0.0485496953733117,0.788,normal,Cold-start: score vs population baseline (confidence ramping)
SES_0004129,USR_0035,user,2026-01-05 17:11:12,43,0.0550608433585394,0.802,normal,Cold-start: score vs population baseline (confidence ramping)
SES_0004149,USR_0035,user,2026-01-05 17:25:13,44,0.0658167415598674,0.8160000000000001,normal,Cold-start: score vs population baseline (confidence ramping)
SES_0004256,USR_0035,user,2026-01-05 19:37:39,45,0.1028198349851751,0.8300000000000001,normal,Cold-start: score vs population baseline (confidence ramping)
SES_0004303,USR_0035,user,2026-01-05 20:36:50,46,0.1079550632235615,0.8440000000000001,normal,Cold-start: score vs population baseline (confidence ramping)
SES_0004364,USR_0035,user,2026-01-05 21:39:34,47,0.2929143498789012,0.8579999999999999,normal,Cold-start: score vs population baseline (confidence ramping)
SES_0004497,USR_0035,user,2026-01-06 07:56:33,48,0.0720113359470941,0.8719999999999999,normal,Cold-start: score vs population baseline (confidence ramping)
SES_0004651,USR_0035,user,2026-01-06 10:15:47,49,0.0456383089225984,0.8859999999999999,normal,Cold-start: score vs population baseline (confidence ramping)
SES_0004662,USR_0035,user,2026-01-06 10:31:13,50,0.0695939706871231,0.8999999999999999,normal,Cold-start: score vs population baseline (confidence ramping)
SES_0000008,USR_0036,user,2026-01-01 06:11:07,1,0.378576528602951,0.21400000000000002,normal,Cold-start: score vs population baseline (confidence ramping)
SES_0000029,USR_0036,user,2026-01-01 06:43:54,2,0.3195101634585355,0.228,normal,Cold-start: score vs population baseline (confidence ramping)
SES_0000034,USR_0036,user,2026-01-01 06:48:27,3,0.2003257725194598,0.242,normal,Cold-start: score vs population baseline (confidence ramping)
SES_0000041,USR_0036,user,2026-01-01 06:58:06,4,0.2745231114902884,0.256,normal,Cold-start: score vs population baseline (confidence ramping)
SES_0000257,USR_0036,user,2026-01-01 10:32:25,5,0.0454583477072707,0.27,normal,Cold-start: score vs population baseline (confidence ramping)
SES_0000275,USR_0036,user,2026-01-01 10:52:05,6,0.1828205297142186,0.28400000000000003,normal,Cold-start: score vs population baseline (confidence ramping)
SES_0000383,USR_0036,user,2026-01-01 12:35:23,7,0.0237331200405576,0.29800000000000004,normal,Cold-start: score vs population baseline (confidence ramping)
SES_0000468,USR_0036,user,2026-01-01 14:00:02,8,0.0233563812063169,0.312,normal,Cold-start: score vs population baseline (confidence ramping)
SES_0000495,USR_0036,user,2026-01-01 14:32:32,9,0.2227459904085847,0.326,normal,Cold-start: score vs population baseline (confidence ramping)
SES_0000526,USR_0036,user,2026-01-01 15:03:03,10,0.0414046816206845,0.33999999999999997,normal,Cold-start: score vs population baseline (confidence ramping)
SES_0000553,USR_0036,user,2026-01-01 15:35:22,11,0.0204847261511993,0.354,normal,Cold-start: score vs population baseline (confidence ramping)
SES_0000567,USR_0036,user,2026-01-01 15:57:27,12,0.0509217413148573,0.368,normal,Cold-start: score vs population baseline (confidence ramping)
SES_0000924,USR_0036,user,2026-01-02 06:23:39,13,0.1787144328840821,0.382,normal,Cold-start: score vs population baseline (confidence ramping)
SES_0001176,USR_0036,user,2026-01-02 11:15:44,14,0.0460128800221873,0.396,normal,Cold-start: score vs population baseline (confidence ramping)
SES_0001254,USR_0036,user,2026-01-02 12:37:14,15,0.0376126238221864,0.41000000000000003,normal,Cold-start: score vs population baseline (confidence ramping)
SES_0001612,USR_0036,user,2026-01-02 20:07:17,16,0.0610349252443255,0.424,normal,Cold-start: score vs population baseline (confidence ramping)
SES_0001616,USR_0036,user,2026-01-02 20:11:08,17,0.0505695649743238,0.438,normal,Cold-start: score vs population baseline (confidence ramping)
SES_0001706,USR_0036,user,2026-01-03 06:00:21,18,0.1695265893592289,0.452,normal,Cold-start: score vs population baseline (confidence ramping)
SES_0001742,USR_0036,user,2026-01-03 06:56:47,19,0.1724159427216208,0.46599999999999997,normal,Cold-start: score vs population baseline (confidence ramping)
SES_0002033,USR_0036,user,2026-01-03 11:21:25,20,0.1749977930484247,0.48,normal,Cold-start: score vs population baseline (confidence ramping)
SES_0002183,USR_0036,user,2026-01-03 14:20:17,21,0.0468780503843821,0.494,normal,Cold-start: score vs population baseline (confidence ramping)
SES_0002209,USR_0036,user,2026-01-03 14:57:05,22,0.0670885119330055,0.508,normal,Cold-start: score vs population baseline (confidence ramping)
SES_0002242,USR_0036,user,2026-01-03 15:31:28,23,0.0748088397418026,0.522,normal,Cold-start: score vs population baseline (confidence ramping)
SES_0002505,USR_0036,user,2026-01-03 20:29:23,24,0.0657908688128648,0.536,normal,Cold-start: score vs population baseline (confidence ramping)
SES_0002845,USR_0036,user,2026-01-04 10:13:48,25,0.0972232330000613,0.55,normal,Cold-start: score vs population baseline (confidence ramping)
SES_0002864,USR_0036,user,2026-01-04 10:33:55,26,0.1377071324350691,0.5640000000000001,normal,Cold-start: score vs population baseline (confidence ramping)
SES_0002869,USR_0036,user,2026-01-04 10:38:15,27,0.2941237757921961,0.5780000000000001,normal,Cold-start: score vs population baseline (confidence ramping)
SES_0002989,USR_0036,user,2026-01-04 12:35:43,28,0.0648074634404983,0.5920000000000001,normal,Cold-start: score vs population baseline (confidence ramping)
SES_0002998,USR_0036,user,2026-01-04 12:46:56,29,0.0791809264777272,0.606,normal,Cold-start: score vs population baseline (confidence ramping)
SES_0003122,USR_0036,user,2026-01-04 15:06:26,30,0.0652204899306579,0.62,normal,Cold-start: score vs population baseline (confidence ramping)
SES_0003129,USR_0036,user,2026-01-04 15:13:52,31,0.0668671888587008,0.634,normal,Cold-start: score vs population baseline (confidence ramping)
SES_0003163,USR_0036,user,2026-01-04 15:40:45,32,0.0605675607626839,0.6479999999999999,normal,Cold-start: score vs population baseline (confidence ramping)
SES_0003532,USR_0036,user,2026-01-05 06:52:25,33,0.1693552185507058,0.6619999999999999,normal,Cold-start: score vs population baseline (confidence ramping)
SES_0003721,USR_0036,user,2026-01-05 10:16:54,34,0.0379150484710629,0.6759999999999999,normal,Cold-start: score vs population baseline (confidence ramping)
SES_0003722,USR_0036,user,2026-01-05 10:17:04,35,0.0452616964556735,0.69,normal,Cold-start: score vs population baseline (confidence ramping)
SES_0003833,USR_0036,user,2026-01-05 12:13:35,36,0.0418250455911487,0.704,normal,Cold-start: score vs population baseline (confidence ramping)
SES_0004012,USR_0036,user,2026-01-05 15:09:46,37,0.1930322075107685,0.718,normal,Cold-start: score vs population baseline (confidence ramping)
SES_0004033,USR_0036,user,2026-01-05 15:32:02,38,0.0536329770171822,0.732,normal,Cold-start: score vs population baseline (confidence ramping)
SES_0004295,USR_0036,user,2026-01-05 20:28:06,39,0.0826879020898345,0.746,normal,Cold-start: score vs population baseline (confidence ramping)
SES_0004318,USR_0036,user,2026-01-05 20:54:32,40,0.0721740057802633,0.76,normal,Cold-start: score vs population baseline (confidence ramping)
SES_0004319,USR_0036,user,2026-01-05 20:57:44,41,0.0850570481121041,0.774,normal,Cold-start: score vs population baseline (confidence ramping)
SES_0004321,USR_0036,user,2026-01-05 20:59:01,42,0.059708857650044,0.788,normal,Cold-start: score vs population baseline (confidence ramping)
SES_0004653,USR_0036,user,2026-01-06 10:24:04,43,0.0454778400658609,0.802,normal,Cold-start: score vs population baseline (confidence ramping)
SES_0004718,USR_0036,user,2026-01-06 11:33:21,44,0.0306186648148433,0.8160000000000001,normal,Cold-start: score vs population baseline (confidence ramping)
SES_0004744,USR_0036,user,2026-01-06 12:09:14,45,0.0250456305248839,0.8300000000000001,normal,Cold-start: score vs population baseline (confidence ramping)
SES_0004745,USR_0036,user,2026-01-06 12:10:45,46,0.0409958055506978,0.8440000000000001,normal,Cold-start: score vs population baseline (confidence ramping)
SES_0004772,USR_0036,user,2026-01-06 12:37:56,47,0.0314977801268118,0.8579999999999999,normal,Cold-start: score vs population baseline (confidence ramping)
SES_0004931,USR_0036,user,2026-01-06 15:40:42,48,0.2758860931674817,0.8719999999999999,normal,Cold-start: score vs population baseline (confidence ramping)
SES_0005277,USR_0036,user,2026-01-07 06:20:20,49,0.1283898393529353,0.8859999999999999,normal,Cold-start: score vs population baseline (confidence ramping)
SES_0005289,USR_0036,user,2026-01-07 06:33:15,50,0.133074861923577,0.8999999999999999,normal,Cold-start: score vs population baseline (confidence ramping)
SES_0000313,USR_0037,user,2026-01-01 11:28:00,1,0.327031502513041,0.21400000000000002,normal,Cold-start: score vs population baseline (confidence ramping)
SES_0000850,USR_0037,user,2026-01-01 20:59:58,2,0.131014462687268,0.228,normal,Cold-start: score vs population baseline (confidence ramping)
SES_0001181,USR_0037,user,2026-01-02 11:21:00,3,0.1361024725077608,0.242,normal,Cold-start: score vs population baseline (confidence ramping)
SES_0001214,USR_0037,user,2026-01-02 11:52:49,4,0.2529117049301102,0.256,normal,Cold-start: score vs population baseline (confidence ramping)
SES_0001367,USR_0037,user,2026-01-02 14:56:06,5,0.059843236084837,0.27,normal,Cold-start: score vs population baseline (confidence ramping)
SES_0001380,USR_0037,user,2026-01-02 15:15:42,6,0.1430394894768238,0.28400000000000003,normal,Cold-start: score vs population baseline (confidence ramping)
SES_0001402,USR_0037,user,2026-01-02 15:43:27,7,0.1727665251770997,0.29800000000000004,normal,Cold-start: score vs population baseline (confidence ramping)
SES_0001459,USR_0037,user,2026-01-02 16:59:17,8,0.2672172997322707,0.312,normal,Cold-start: score vs population baseline (confidence ramping)
SES_0001628,USR_0037,user,2026-01-02 20:32:14,9,0.0878748947921044,0.326,normal,Cold-start: score vs population baseline (confidence ramping)
SES_0001774,USR_0037,user,2026-01-03 07:11:04,10,0.1211742811449111,0.33999999999999997,normal,Cold-start: score vs population baseline (confidence ramping)
SES_0001794,USR_0037,user,2026-01-03 07:27:00,11,0.1154932381527087,0.354,normal,Cold-start: score vs population baseline (confidence ramping)
SES_0002012,USR_0037,user,2026-01-03 10:59:47,12,0.140979161797117,0.368,normal,Cold-start: score vs population baseline (confidence ramping)
SES_0002503,USR_0037,user,2026-01-03 20:26:32,13,0.2283961942001469,0.382,normal,Cold-start: score vs population baseline (confidence ramping)
SES_0002517,USR_0037,user,2026-01-03 20:44:20,14,0.1637404807464894,0.396,normal,Cold-start: score vs population baseline (confidence ramping)
SES_0002850,USR_0037,user,2026-01-04 10:21:24,15,0.0833838023682549,0.41000000000000003,normal,Cold-start: score vs population baseline (confidence ramping)
SES_0002859,USR_0037,user,2026-01-04 10:27:25,16,0.0772540073457709,0.424,normal,Cold-start: score vs population baseline (confidence ramping)
SES_0002932,USR_0037,user,2026-01-04 11:37:49,17,0.082776221338387,0.438,normal,Cold-start: score vs population baseline (confidence ramping)
SES_0003171,USR_0037,user,2026-01-04 15:45:48,18,0.088694381007249,0.452,normal,Cold-start: score vs population baseline (confidence ramping)
SES_0003218,USR_0037,user,2026-01-04 16:44:02,19,0.194669362665676,0.46599999999999997,normal,Cold-start: score vs population baseline (confidence ramping)
SES_0003404,USR_0037,user,2026-01-04 20:27:38,20,0.1065399342349121,0.48,normal,Cold-start: score vs population baseline (confidence ramping)
SES_0003427,USR_0037,user,2026-01-04 20:56:10,21,0.0838940677102263,0.494,normal,Cold-start: score vs population baseline (confidence ramping)
SES_0003543,USR_0037,user,2026-01-05 07:06:29,22,0.0764857072862978,0.508,normal,Cold-start: score vs population baseline (confidence ramping)
SES_0003755,USR_0037,user,2026-01-05 10:52:25,23,0.0647521491910069,0.522,normal,Cold-start: score vs population baseline (confidence ramping)
SES_0003774,USR_0037,user,2026-01-05 11:09:27,24,0.1248170498165952,0.536,normal,Cold-start: score vs population baseline (confidence ramping)
SES_0003821,USR_0037,user,2026-01-05 11:55:08,25,0.327347653243957,0.55,normal,Cold-start: score vs population baseline (confidence ramping)
SES_0003952,USR_0037,user,2026-01-05 14:12:46,26,0.109998497352068,0.5640000000000001,normal,Cold-start: score vs population baseline (confidence ramping)
SES_0003964,USR_0037,user,2026-01-05 14:23:33,27,0.0681209807617544,0.5780000000000001,normal,Cold-start: score vs population baseline (confidence ramping)
SES_0003988,USR_0037,user,2026-01-05 14:46:38,28,0.0856033875118328,0.5920000000000001,normal,Cold-start: score vs population baseline (confidence ramping)
SES_0004002,USR_0037,user,2026-01-05 14:58:10,29,0.2434802129752852,0.606,normal,Cold-start: score vs population baseline (confidence ramping)
SES_0004096,USR_0037,user,2026-01-05 16:32:45,30,0.1688111733888036,0.62,normal,Cold-start: score vs population baseline (confidence ramping)
SES_0004478,USR_0037,user,2026-01-06 07:42:08,31,0.0805640535555889,0.634,normal,Cold-start: score vs population baseline (confidence ramping)
SES_0004655,USR_0037,user,2026-01-06 10:24:39,32,0.0524607069202728,0.6479999999999999,normal,Cold-start: score vs population baseline (confidence ramping)
SES_0004870,USR_0037,user,2026-01-06 14:39:14,33,0.03285618660735,0.6619999999999999,normal,Cold-start: score vs population baseline (confidence ramping)
SES_0004880,USR_0037,user,2026-01-06 14:47:52,34,0.235461127329961,0.6759999999999999,normal,Cold-start: score vs population baseline (confidence ramping)
SES_0004927,USR_0037,user,2026-01-06 15:34:51,35,0.0720248378394873,0.69,normal,Cold-start: score vs population baseline (confidence ramping)
SES_0004967,USR_0037,user,2026-01-06 16:22:33,36,0.0938574780647839,0.704,normal,Cold-start: score vs population baseline (confidence ramping)
SES_0004993,USR_0037,user,2026-01-06 16:43:38,37,0.1983023907763421,0.718,normal,Cold-start: score vs population baseline (confidence ramping)
SES_0005009,USR_0037,user,2026-01-06 16:58:47,38,0.1431010339180317,0.732,normal,Cold-start: score vs population baseline (confidence ramping)
SES_0005332,USR_0037,user,2026-01-07 07:26:16,39,0.0982246006870242,0.746,normal,Cold-start: score vs population baseline (confidence ramping)
SES_0005556,USR_0037,user,2026-01-07 10:37:23,40,0.0967356832941799,0.76,normal,Cold-start: score vs population baseline (confidence ramping)
SES_0005561,USR_0037,user,2026-01-07 10:40:13,41,0.1173849472974828,0.774,normal,Cold-start: score vs population baseline (confidence ramping)
SES_0005634,USR_0037,user,2026-01-07 11:56:29,42,0.1037299162209444,0.788,normal,Cold-start: score vs population baseline (confidence ramping)
SES_0006432,USR_0037,user,2026-01-08 10:33:59,43,0.0950552584009562,0.802,normal,Cold-start: score vs population baseline (confidence ramping)
SES_0006493,USR_0037,user,2026-01-08 11:34:17,44,0.0462118216863864,0.8160000000000001,normal,Cold-start: score vs population baseline (confidence ramping)
SES_0006706,USR_0037,user,2026-01-08 15:42:25,45,0.0947206632927012,0.8300000000000001,normal,Cold-start: score vs population baseline (confidence ramping)
SES_0006722,USR_0037,user,2026-01-08 15:56:21,46,0.0636183018624277,0.8440000000000001,normal,Cold-start: score vs population baseline (confidence ramping)
SES_0007070,USR_0037,user,2026-01-09 07:03:31,47,0.0772498756198961,0.8579999999999999,normal,Cold-start: score vs population baseline (confidence ramping)
SES_0007122,USR_0037,user,2026-01-09 07:38:25,48,0.0612043413860372,0.8719999999999999,normal,Cold-start: score vs population baseline (confidence ramping)
SES_0007143,USR_0037,user,2026-01-09 07:52:31,49,0.2309059095201198,0.8859999999999999,normal,Cold-start: score vs population baseline (confidence ramping)
SES_0007268,USR_0037,user,2026-01-09 10:10:55,50,0.0619685728205028,0.8999999999999999,normal,Cold-start: score vs population baseline (confidence ramping)
SES_0000085,USR_0038,user,2026-01-01 07:28:43,1,0.3217811730273682,0.21400000000000002,normal,Cold-start: score vs population baseline (confidence ramping)
SES_0000106,USR_0038,user,2026-01-01 07:47:34,2,0.4457322241165501,0.228,normal,Cold-start: score vs population baseline (confidence ramping)
SES_0000201,USR_0038,user,2026-01-01 09:31:52,3,0.3035646024309404,0.242,normal,Cold-start: score vs population baseline (confidence ramping)
SES_0000419,USR_0038,user,2026-01-01 13:09:19,4,0.3986458404674015,0.256,normal,Cold-start: score vs population baseline (confidence ramping)
SES_0000459,USR_0038,user,2026-01-01 13:53:29,5,0.2703245925630133,0.27,normal,Cold-start: score vs population baseline (confidence ramping)
SES_0000966,USR_0038,user,2026-01-02 07:08:44,6,0.3791440417156083,0.28400000000000003,normal,Cold-start: score vs population baseline (confidence ramping)
SES_0001027,USR_0038,user,2026-01-02 07:54:29,7,0.2955220986463514,0.29800000000000004,normal,Cold-start: score vs population baseline (confidence ramping)
SES_0001076,USR_0038,user,2026-01-02 09:00:01,8,0.209096862851977,0.312,normal,Cold-start: score vs population baseline (confidence ramping)
SES_0001081,USR_0038,user,2026-01-02 09:09:22,9,0.2118729746097619,0.326,normal,Cold-start: score vs population baseline (confidence ramping)
SES_0001085,USR_0038,user,2026-01-02 09:13:56,10,0.179091806589496,0.33999999999999997,normal,Cold-start: score vs population baseline (confidence ramping)
SES_0001095,USR_0038,user,2026-01-02 09:20:53,11,0.1565976340439724,0.354,normal,Cold-start: score vs population baseline (confidence ramping)
SES_0001268,USR_0038,user,2026-01-02 13:00:54,12,0.1230605500338529,0.368,normal,Cold-start: score vs population baseline (confidence ramping)
SES_0001383,USR_0038,user,2026-01-02 15:22:05,13,0.118271054521828,0.382,normal,Cold-start: score vs population baseline (confidence ramping)
SES_0001395,USR_0038,user,2026-01-02 15:34:01,14,0.1037679055194106,0.396,normal,Cold-start: score vs population baseline (confidence ramping)
SES_0001404,USR_0038,user,2026-01-02 15:45:49,15,0.1169356232386848,0.41000000000000003,normal,Cold-start: score vs population baseline (confidence ramping)
SES_0001409,USR_0038,user,2026-01-02 15:53:08,16,0.0832491751167245,0.424,normal,Cold-start: score vs population baseline (confidence ramping)
SES_0001920,USR_0038,user,2026-01-03 09:20:52,17,0.1357983062550742,0.438,normal,Cold-start: score vs population baseline (confidence ramping)
SES_0002124,USR_0038,user,2026-01-03 13:04:48,18,0.1361682578285118,0.452,normal,Cold-start: score vs population baseline (confidence ramping)
SES_0002168,USR_0038,user,2026-01-03 13:55:38,19,0.1041313441386432,0.46599999999999997,normal,Cold-start: score vs population baseline (confidence ramping)
SES_0002241,USR_0038,user,2026-01-03 15:30:02,20,0.1270057054805971,0.48,normal,Cold-start: score vs population baseline (confidence ramping)
SES_0002710,USR_0038,user,2026-01-04 07:55:18,21,0.1322946740833802,0.494,normal,Cold-start: score vs population baseline (confidence ramping)
SES_0002824,USR_0038,user,2026-01-04 09:58:09,22,0.1553162398025089,0.508,normal,Cold-start: score vs population baseline (confidence ramping)
SES_0003047,USR_0038,user,2026-01-04 13:36:05,23,0.0997673870952381,0.522,normal,Cold-start: score vs population baseline (confidence ramping)
SES_0003127,USR_0038,user,2026-01-04 15:13:08,24,0.1091611508997504,0.536,normal,Cold-start: score vs population baseline (confidence ramping)
SES_0003172,USR_0038,user,2026-01-04 15:46:32,25,0.0927295165204603,0.55,normal,Cold-start: score vs population baseline (confidence ramping)
SES_0003176,USR_0038,user,2026-01-04 15:48:47,26,0.0949258219797697,0.5640000000000001,normal,Cold-start: score vs population baseline (confidence ramping)
SES_0003577,USR_0038,user,2026-01-05 07:40:39,27,0.076919789180542,0.5780000000000001,normal,Cold-start: score vs population baseline (confidence ramping)
SES_0003582,USR_0038,user,2026-01-05 07:43:11,28,0.3289728985001846,0.5920000000000001,normal,Cold-start: score vs population baseline (confidence ramping)
SES_0003671,USR_0038,user,2026-01-05 09:30:12,29,0.1137675682922826,0.606,normal,Cold-start: score vs population baseline (confidence ramping)
SES_0003685,USR_0038,user,2026-01-05 09:39:54,30,0.0854402724737581,0.62,normal,Cold-start: score vs population baseline (confidence ramping)
SES_0003692,USR_0038,user,2026-01-05 09:46:45,31,0.0834415925367427,0.634,normal,Cold-start: score vs population baseline (confidence ramping)
SES_0003705,USR_0038,user,2026-01-05 09:59:03,32,0.0829365894557143,0.6479999999999999,normal,Cold-start: score vs population baseline (confidence ramping)
SES_0003879,USR_0038,user,2026-01-05 13:00:02,33,0.0644180534758983,0.6619999999999999,normal,Cold-start: score vs population baseline (confidence ramping)
SES_0003882,USR_0038,user,2026-01-05 13:07:04,34,0.0665764052633013,0.6759999999999999,normal,Cold-start: score vs population baseline (confidence ramping)
SES_0003890,USR_0038,user,2026-01-05 13:19:36,35,0.0867339118211616,0.69,normal,Cold-start: score vs population baseline (confidence ramping)
SES_0004009,USR_0038,user,2026-01-05 15:08:03,36,0.1078448543666667,0.704,normal,Cold-start: score vs population baseline (confidence ramping)
SES_0004023,USR_0038,user,2026-01-05 15:23:04,37,0.1106294692074845,0.718,normal,Cold-start: score vs population baseline (confidence ramping)
SES_0004029,USR_0038,user,2026-01-05 15:28:45,38,0.0800128673272178,0.732,normal,Cold-start: score vs population baseline (confidence ramping)
SES_0004429,USR_0038,user,2026-01-06 07:00:32,39,0.0873412786394916,0.746,normal,Cold-start: score vs population baseline (confidence ramping)
SES_0004449,USR_0038,user,2026-01-06 07:17:34,40,0.0718731995850918,0.76,normal,Cold-start: score vs population baseline (confidence ramping)
SES_0004463,USR_0038,user,2026-01-06 07:29:48,41,0.0728967654755578,0.774,normal,Cold-start: score vs population baseline (confidence ramping)
SES_0004477,USR_0038,user,2026-01-06 07:41:46,42,0.1081540231858505,0.788,normal,Cold-start: score vs population baseline (confidence ramping)
SES_0004480,USR_0038,user,2026-01-06 07:43:39,43,0.0713655247009735,0.802,normal,Cold-start: score vs population baseline (confidence ramping)
SES_0004612,USR_0038,user,2026-01-06 09:52:36,44,0.0714246437323283,0.8160000000000001,normal,Cold-start: score vs population baseline (confidence ramping)
SES_0004617,USR_0038,user,2026-01-06 09:56:10,45,0.0664160919008188,0.8300000000000001,normal,Cold-start: score vs population baseline (confidence ramping)
SES_0004821,USR_0038,user,2026-01-06 13:39:29,46,0.0676642854038131,0.8440000000000001,normal,Cold-start: score vs population baseline (confidence ramping)
SES_0004908,USR_0038,user,2026-01-06 15:10:35,47,0.1234814337239228,0.8579999999999999,normal,Cold-start: score vs population baseline (confidence ramping)
SES_0004940,USR_0038,user,2026-01-06 15:48:19,48,0.0940131691662225,0.8719999999999999,normal,Cold-start: score vs population baseline (confidence ramping)
SES_0005322,USR_0038,user,2026-01-07 07:18:57,49,0.052367404829913,0.8859999999999999,normal,Cold-start: score vs population baseline (confidence ramping)
SES_0005335,USR_0038,user,2026-01-07 07:30:09,50,0.0927354214207045,0.8999999999999999,normal,Cold-start: score vs population baseline (confidence ramping)
SES_0000174,USR_0039,user,2026-01-01 09:02:46,1,0.4722239076693525,0.21400000000000002,normal,Cold-start: score vs population baseline (confidence ramping)
SES_0000387,USR_0039,user,2026-01-01 12:41:40,2,0.4373431342576538,0.228,normal,Cold-start: score vs population baseline (confidence ramping)
SES_0000389,USR_0039,user,2026-01-01 12:42:48,3,0.3022896513924395,0.242,normal,Cold-start: score vs population baseline (confidence ramping)
SES_0000403,USR_0039,user,2026-01-01 12:51:28,4,0.3975251889331807,0.256,normal,Cold-start: score vs population baseline (confidence ramping)
SES_0000703,USR_0039,user,2026-01-01 18:13:13,5,0.3020055938374462,0.27,normal,Cold-start: score vs population baseline (confidence ramping)
SES_0000707,USR_0039,user,2026-01-01 18:16:26,6,0.143848853535328,0.28400000000000003,normal,Cold-start: score vs population baseline (confidence ramping)
SES_0000859,USR_0039,user,2026-01-01 21:09:20,7,0.2495786029477875,0.29800000000000004,normal,Cold-start: score vs population baseline (confidence ramping)
SES_0000898,USR_0039,user,2026-01-01 21:49:41,8,0.441269907700196,0.312,normal,Cold-start: score vs population baseline (confidence ramping)
SES_0001243,USR_0039,user,2026-01-02 12:27:30,9,0.1058606401383737,0.326,normal,Cold-start: score vs population baseline (confidence ramping)
SES_0001522,USR_0039,user,2026-01-02 18:04:51,10,0.104596916894254,0.33999999999999997,normal,Cold-start: score vs population baseline (confidence ramping)
SES_0001539,USR_0039,user,2026-01-02 18:22:30,11,0.0768924398964268,0.354,normal,Cold-start: score vs population baseline (confidence ramping)
SES_0001544,USR_0039,user,2026-01-02 18:34:05,12,0.1091676458726583,0.368,normal,Cold-start: score vs population baseline (confidence ramping)
SES_0001560,USR_0039,user,2026-01-02 18:58:39,13,0.0585190686699594,0.382,normal,Cold-start: score vs population baseline (confidence ramping)
SES_0001660,USR_0039,user,2026-01-02 21:08:47,14,0.1487209848997072,0.396,normal,Cold-start: score vs population baseline (confidence ramping)
SES_0002086,USR_0039,user,2026-01-03 12:20:53,15,0.0915117740573886,0.41000000000000003,normal,Cold-start: score vs population baseline (confidence ramping)
SES_0002111,USR_0039,user,2026-01-03 12:50:00,16,0.0887573514293272,0.424,normal,Cold-start: score vs population baseline (confidence ramping)
SES_0002113,USR_0039,user,2026-01-03 12:52:33,17,0.1280479971708736,0.438,normal,Cold-start: score vs population baseline (confidence ramping)
SES_0002410,USR_0039,user,2026-01-03 18:20:18,18,0.1578892518968034,0.452,normal,Cold-start: score vs population baseline (confidence ramping)
SES_0002434,USR_0039,user,2026-01-03 18:54:11,19,0.1358167637343845,0.46599999999999997,normal,Cold-start: score vs population baseline (confidence ramping)
SES_0002542,USR_0039,user,2026-01-03 21:10:01,20,0.3587252526065638,0.48,normal,Cold-start: score vs population baseline (confidence ramping)
SES_0002545,USR_0039,user,2026-01-03 21:13:29,21,0.2616784280628996,0.494,normal,Cold-start: score vs population baseline (confidence ramping)
SES_0002551,USR_0039,user,2026-01-03 21:19:53,22,0.2029066180181494,0.508,normal,Cold-start: score vs population baseline (confidence ramping)
SES_0002566,USR_0039,user,2026-01-03 21:40:18,23,0.2352589204513879,0.522,normal,Cold-start: score vs population baseline (confidence ramping)
SES_0002578,USR_0039,user,2026-01-03 21:50:39,24,0.2349133193883041,0.536,normal,Cold-start: score vs population baseline (confidence ramping)
SES_0002812,USR_0039,user,2026-01-04 09:47:42,25,0.2787425396545299,0.55,normal,Cold-start: score vs population baseline (confidence ramping)
SES_0002823,USR_0039,user,2026-01-04 09:58:06,26,0.0946214212994783,0.5640000000000001,normal,Cold-start: score vs population baseline (confidence ramping)
SES_0002996,USR_0039,user,2026-01-04 12:46:01,27,0.1780791001855942,0.5780000000000001,normal,Cold-start: score vs population baseline (confidence ramping)
SES_0003306,USR_0039,user,2026-01-04 18:27:42,28,0.0811856309822884,0.5920000000000001,normal,Cold-start: score vs population baseline (confidence ramping)
SES_0003309,USR_0039,user,2026-01-04 18:32:39,29,0.3022983843903898,0.606,normal,Cold-start: score vs population baseline (confidence ramping)
SES_0003467,USR_0039,user,2026-01-04 21:41:47,30,0.2498102986156795,0.62,normal,Cold-start: score vs population baseline (confidence ramping)
SES_0003654,USR_0039,user,2026-01-05 09:15:04,31,0.0852336520676136,0.634,normal,Cold-start: score vs population baseline (confidence ramping)
SES_0003661,USR_0039,user,2026-01-05 09:21:47,32,0.0792631060375333,0.6479999999999999,normal,Cold-start: score vs population baseline (confidence ramping)
SES_0003682,USR_0039,user,2026-01-05 09:38:48,33,0.1915215187930162,0.6619999999999999,normal,Cold-start: score vs population baseline (confidence ramping)
SES_0003697,USR_0039,user,2026-01-05 09:49:32,34,0.0650264097231098,0.6759999999999999,normal,Cold-start: score vs population baseline (confidence ramping)
SES_0003864,USR_0039,user,2026-01-05 12:45:28,35,0.083452647286976,0.69,normal,Cold-start: score vs population baseline (confidence ramping)
SES_0003876,USR_0039,user,2026-01-05 12:55:59,36,0.0708824712804178,0.704,normal,Cold-start: score vs population baseline (confidence ramping)
SES_0004188,USR_0039,user,2026-01-05 18:08:52,37,0.0651994639218904,0.718,normal,Cold-start: score vs population baseline (confidence ramping)
SES_0004199,USR_0039,user,2026-01-05 18:25:27,38,0.3785962952987264,0.732,normal,Cold-start: score vs population baseline (confidence ramping)
SES_0004210,USR_0039,user,2026-01-05 18:34:49,39,0.3076252868682953,0.746,normal,Cold-start: score vs population baseline (confidence ramping)
SES_0004221,USR_0039,user,2026-01-05 18:45:15,40,0.120227270386816,0.76,normal,Cold-start: score vs population baseline (confidence ramping)
SES_0004346,USR_0039,user,2026-01-05 21:26:07,41,0.2038077210813322,0.774,normal,Cold-start: score vs population baseline (confidence ramping)
SES_0004560,USR_0039,user,2026-01-06 09:01:01,42,0.1461833559337963,0.788,normal,Cold-start: score vs population baseline (confidence ramping)
SES_0004582,USR_0039,user,2026-01-06 09:23:42,43,0.0796360721542169,0.802,normal,Cold-start: score vs population baseline (confidence ramping)
SES_0004760,USR_0039,user,2026-01-06 12:26:25,44,0.0863865383288324,0.8160000000000001,normal,Cold-start: score vs population baseline (confidence ramping)
SES_0004786,USR_0039,user,2026-01-06 12:50:34,45,0.0750865344497047,0.8300000000000001,normal,Cold-start: score vs population baseline (confidence ramping)
SES_0005071,USR_0039,user,2026-01-06 18:04:32,46,0.0969763200896174,0.8440000000000001,normal,Cold-start: score vs population baseline (confidence ramping)
SES_0005081,USR_0039,user,2026-01-06 18:12:40,47,0.0846728243993525,0.8579999999999999,normal,Cold-start: score vs population baseline (confidence ramping)
SES_0005114,USR_0039,user,2026-01-06 18:50:15,48,0.0458839637110093,0.8719999999999999,normal,Cold-start: score vs population baseline (confidence ramping)
SES_0005236,USR_0039,user,2026-01-06 21:35:05,49,0.2245332590311114,0.8859999999999999,normal,Cold-start: score vs population baseline (confidence ramping)
SES_0005460,USR_0039,user,2026-01-07 09:04:02,50,0.0487697841424766,0.8999999999999999,normal,Cold-start: score vs population baseline (confidence ramping)
SES_0000429,USR_0040,user,2026-01-01 13:17:59,1,0.3116559139313779,0.21400000000000002,normal,Cold-start: score vs population baseline (confidence ramping)
SES_0000453,USR_0040,user,2026-01-01 13:48:46,2,0.1659148964123483,0.228,normal,Cold-start: score vs population baseline (confidence ramping)
SES_0000460,USR_0040,user,2026-01-01 13:54:14,3,0.139914957413326,0.242,normal,Cold-start: score vs population baseline (confidence ramping)
SES_0000724,USR_0040,user,2026-01-01 18:37:27,4,0.0995309568613879,0.256,normal,Cold-start: score vs population baseline (confidence ramping)
SES_0000807,USR_0040,user,2026-01-01 20:09:49,5,0.1072897710263246,0.27,normal,Cold-start: score vs population baseline (confidence ramping)
SES_0000821,USR_0040,user,2026-01-01 20:29:20,6,0.227908934750921,0.28400000000000003,normal,Cold-start: score vs population baseline (confidence ramping)
SES_0000835,USR_0040,user,2026-01-01 20:44:27,7,0.1102667648508234,0.29800000000000004,normal,Cold-start: score vs population baseline (confidence ramping)
SES_0000836,USR_0040,user,2026-01-01 20:46:55,8,0.0975783603271975,0.312,normal,Cold-start: score vs population baseline (confidence ramping)
SES_0000838,USR_0040,user,2026-01-01 20:47:40,9,0.1036785384040004,0.326,normal,Cold-start: score vs population baseline (confidence ramping)
SES_0001035,USR_0040,user,2026-01-02 08:03:40,10,0.0967675601853727,0.33999999999999997,normal,Cold-start: score vs population baseline (confidence ramping)
SES_0001062,USR_0040,user,2026-01-02 08:41:39,11,0.0989455971773373,0.354,normal,Cold-start: score vs population baseline (confidence ramping)
SES_0001273,USR_0040,user,2026-01-02 13:06:08,12,0.1183314053308129,0.368,normal,Cold-start: score vs population baseline (confidence ramping)
SES_0001274,USR_0040,user,2026-01-02 13:06:31,13,0.3617129943227301,0.382,normal,Cold-start: score vs population baseline (confidence ramping)
SES_0001520,USR_0040,user,2026-01-02 18:03:37,14,0.1097671696000255,0.396,normal,Cold-start: score vs population baseline (confidence ramping)
SES_0001613,USR_0040,user,2026-01-02 20:08:24,15,0.128217670186247,0.41000000000000003,normal,Cold-start: score vs population baseline (confidence ramping)
SES_0001633,USR_0040,user,2026-01-02 20:38:39,16,0.1072739755408125,0.424,normal,Cold-start: score vs population baseline (confidence ramping)
SES_0001634,USR_0040,user,2026-01-02 20:42:09,17,0.0994379230853328,0.438,normal,Cold-start: score vs population baseline (confidence ramping)
SES_0001639,USR_0040,user,2026-01-02 20:46:25,18,0.1207873364350705,0.452,normal,Cold-start: score vs population baseline (confidence ramping)
SES_0001854,USR_0040,user,2026-01-03 08:08:44,19,0.2656903402188232,0.46599999999999997,normal,Cold-start: score vs population baseline (confidence ramping)
SES_0001879,USR_0040,user,2026-01-03 08:31:42,20,0.140906070984002,0.48,normal,Cold-start: score vs population baseline (confidence ramping)
SES_0001886,USR_0040,user,2026-01-03 08:39:52,21,0.1451977979923618,0.494,normal,Cold-start: score vs population baseline (confidence ramping)
SES_0001900,USR_0040,user,2026-01-03 08:59:48,22,0.1908379636872573,0.508,normal,Cold-start: score vs population baseline (confidence ramping)
SES_0002153,USR_0040,user,2026-01-03 13:33:44,23,0.227772365910064,0.522,normal,Cold-start: score vs population baseline (confidence ramping)
SES_0002523,USR_0040,user,2026-01-03 20:53:59,24,0.2131987285942935,0.536,normal,Cold-start: score vs population baseline (confidence ramping)
SES_0002529,USR_0040,user,2026-01-03 20:57:27,25,0.3800620495430588,0.55,normal,Cold-start: score vs population baseline (confidence ramping)
SES_0002742,USR_0040,user,2026-01-04 08:26:18,26,0.1087795234721641,0.5640000000000001,normal,Cold-start: score vs population baseline (confidence ramping)
SES_0002763,USR_0040,user,2026-01-04 08:43:20,27,0.1206964495206662,0.5780000000000001,normal,Cold-start: score vs population baseline (confidence ramping)
SES_0002781,USR_0040,user,2026-01-04 08:59:48,28,0.1529782655785361,0.5920000000000001,normal,Cold-start: score vs population baseline (confidence ramping)
SES_0003023,USR_0040,user,2026-01-04 13:07:11,29,0.0981392553630355,0.606,normal,Cold-start: score vs population baseline (confidence ramping)
SES_0003043,USR_0040,user,2026-01-04 13:30:07,30,0.0988690851251422,0.62,normal,Cold-start: score vs population baseline (confidence ramping)
SES_0003058,USR_0040,user,2026-01-04 13:49:00,31,0.10255835040532,0.634,normal,Cold-start: score vs population baseline (confidence ramping)
SES_0003311,USR_0040,user,2026-01-04 18:35:08,32,0.1097204320331978,0.6479999999999999,normal,Cold-start: score vs population baseline (confidence ramping)
SES_0003396,USR_0040,user,2026-01-04 20:18:04,33,0.1293108467998719,0.6619999999999999,normal,Cold-start: score vs population baseline (confidence ramping)
SES_0003405,USR_0040,user,2026-01-04 20:27:56,34,0.1282595169024533,0.6759999999999999,normal,Cold-start: score vs population baseline (confidence ramping)
SES_0003599,USR_0040,user,2026-01-05 08:05:16,35,0.1061519657111317,0.69,normal,Cold-start: score vs population baseline (confidence ramping)
SES_0003607,USR_0040,user,2026-01-05 08:16:40,36,0.0986101279822505,0.704,normal,Cold-start: score vs population baseline (confidence ramping)
SES_0003900,USR_0040,user,2026-01-05 13:28:56,37,0.0643118808207623,0.718,normal,Cold-start: score vs population baseline (confidence ramping)
SES_0004206,USR_0040,user,2026-01-05 18:32:10,38,0.0883157781573148,0.732,normal,Cold-start: score vs population baseline (confidence ramping)
SES_0004280,USR_0040,user,2026-01-05 20:18:23,39,0.0790530935691178,0.746,normal,Cold-start: score vs population baseline (confidence ramping)
SES_0004292,USR_0040,user,2026-01-05 20:26:24,40,0.1346864793846592,0.76,normal,Cold-start: score vs population baseline (confidence ramping)
SES_0004302,USR_0040,user,2026-01-05 20:35:43,41,0.1141153925297226,0.774,normal,Cold-start: score vs population baseline (confidence ramping)
SES_0004505,USR_0040,user,2026-01-06 08:10:12,42,0.1046168433208846,0.788,normal,Cold-start: score vs population baseline (confidence ramping)
SES_0004507,USR_0040,user,2026-01-06 08:10:28,43,0.0616354667974708,0.802,normal,Cold-start: score vs population baseline (confidence ramping)
SES_0004520,USR_0040,user,2026-01-06 08:21:53,44,0.0937217159454447,0.8160000000000001,normal,Cold-start: score vs population baseline (confidence ramping)
SES_0004524,USR_0040,user,2026-01-06 08:24:28,45,0.0580584974910931,0.8300000000000001,normal,Cold-start: score vs population baseline (confidence ramping)
SES_0004822,USR_0040,user,2026-01-06 13:39:48,46,0.0408360861508897,0.8440000000000001,normal,Cold-start: score vs population baseline (confidence ramping)
SES_0004825,USR_0040,user,2026-01-06 13:44:47,47,0.1612424671337907,0.8579999999999999,normal,Cold-start: score vs population baseline (confidence ramping)
SES_0004828,USR_0040,user,2026-01-06 13:48:00,48,0.0740100192264881,0.8719999999999999,normal,Cold-start: score vs population baseline (confidence ramping)
SES_0005087,USR_0040,user,2026-01-06 18:20:26,49,0.0612205422166468,0.8859999999999999,normal,Cold-start: score vs population baseline (confidence ramping)
SES_0005088,USR_0040,user,2026-01-06 18:22:36,50,0.0705172657762652,0.8999999999999999,normal,Cold-start: score vs population baseline (confidence ramping)
SES_0000182,USR_0041,user,2026-01-01 09:09:15,1,0.3409411234393508,0.21400000000000002,normal,Cold-start: score vs population baseline (confidence ramping)
SES_0000196,USR_0041,user,2026-01-01 09:25:11,2,0.2646530132357979,0.228,normal,Cold-start: score vs population baseline (confidence ramping)
SES_0000198,USR_0041,user,2026-01-01 09:27:57,3,0.142794642107242,0.242,normal,Cold-start: score vs population baseline (confidence ramping)
SES_0000246,USR_0041,user,2026-01-01 10:20:45,4,0.2062029566558173,0.256,normal,Cold-start: score vs population baseline (confidence ramping)
SES_0000277,USR_0041,user,2026-01-01 10:54:05,5,0.0791845073756514,0.27,normal,Cold-start: score vs population baseline (confidence ramping)
SES_0000450,USR_0041,user,2026-01-01 13:46:55,6,0.1363873278299575,0.28400000000000003,normal,Cold-start: score vs population baseline (confidence ramping)
SES_0000661,USR_0041,user,2026-01-01 17:36:43,7,0.0909201740899634,0.29800000000000004,normal,Cold-start: score vs population baseline (confidence ramping)
SES_0000679,USR_0041,user,2026-01-01 17:47:53,8,0.0806948996952724,0.312,normal,Cold-start: score vs population baseline (confidence ramping)
SES_0000734,USR_0041,user,2026-01-01 18:46:59,9,0.0765185645061032,0.326,normal,Cold-start: score vs population baseline (confidence ramping)
SES_0000831,USR_0041,user,2026-01-01 20:35:48,10,0.0746544680419563,0.33999999999999997,normal,Cold-start: score vs population baseline (confidence ramping)
SES_0000867,USR_0041,user,2026-01-01 21:15:10,11,0.1856322613439697,0.354,normal,Cold-start: score vs population baseline (confidence ramping)
SES_0001047,USR_0041,user,2026-01-02 08:19:44,12,0.1979161472202895,0.368,normal,Cold-start: score vs population baseline (confidence ramping)
SES_0001050,USR_0041,user,2026-01-02 08:22:35,13,0.1978791608006469,0.382,normal,Cold-start: score vs population baseline (confidence ramping)
SES_0001055,USR_0041,user,2026-01-02 08:26:53,14,0.1032846528674007,0.396,normal,Cold-start: score vs population baseline (confidence ramping)
SES_0001097,USR_0041,user,2026-01-02 09:25:54,15,0.2000118855698344,0.41000000000000003,normal,Cold-start: score vs population baseline (confidence ramping)
SES_0001546,USR_0041,user,2026-01-02 18:36:27,16,0.108111767240836,0.424,normal,Cold-start: score vs population baseline (confidence ramping)
SES_0001899,USR_0041,user,2026-01-03 08:56:55,17,0.1332004326376406,0.438,normal,Cold-start: score vs population baseline (confidence ramping)
SES_0001999,USR_0041,user,2026-01-03 10:41:29,18,0.2478048628477478,0.452,normal,Cold-start: score vs population baseline (confidence ramping)
SES_0002128,USR_0041,user,2026-01-03 13:09:36,19,0.1269147457458935,0.46599999999999997,normal,Cold-start: score vs population baseline (confidence ramping)
SES_0002350,USR_0041,user,2026-01-03 17:13:13,20,0.1296305348448273,0.48,normal,Cold-start: score vs population baseline (confidence ramping)
SES_0002785,USR_0041,user,2026-01-04 09:01:30,21,0.1519301712876613,0.494,normal,Cold-start: score vs population baseline (confidence ramping)
SES_0002862,USR_0041,user,2026-01-04 10:33:05,22,0.0921670960788218,0.508,normal,Cold-start: score vs population baseline (confidence ramping)
SES_0003247,USR_0041,user,2026-01-04 17:14:42,23,0.1392716076426222,0.522,normal,Cold-start: score vs population baseline (confidence ramping)
SES_0003290,USR_0041,user,2026-01-04 18:09:19,24,0.1124814764233573,0.536,normal,Cold-start: score vs population baseline (confidence ramping)
SES_0003885,USR_0041,user,2026-01-05 13:11:07,25,0.0819233410208964,0.55,normal,Cold-start: score vs population baseline (confidence ramping)
SES_0003898,USR_0041,user,2026-01-05 13:26:25,26,0.1160791197568086,0.5640000000000001,normal,Cold-start: score vs population baseline (confidence ramping)
SES_0003929,USR_0041,user,2026-01-05 13:47:49,27,0.1217500698549434,0.5780000000000001,normal,Cold-start: score vs population baseline (confidence ramping)
SES_0004148,USR_0041,user,2026-01-05 17:25:09,28,0.0975991085276423,0.5920000000000001,normal,Cold-start: score vs population baseline (confidence ramping)
SES_0004198,USR_0041,user,2026-01-05 18:24:31,29,0.1258713536212067,0.606,normal,Cold-start: score vs population baseline (confidence ramping)
SES_0004215,USR_0041,user,2026-01-05 18:40:35,30,0.1840369224895034,0.62,normal,Cold-start: score vs population baseline (confidence ramping)
SES_0004274,USR_0041,user,2026-01-05 20:10:11,31,0.1167331703921299,0.634,normal,Cold-start: score vs population baseline (confidence ramping)
SES_0004316,USR_0041,user,2026-01-05 20:52:06,32,0.0840822729714839,0.6479999999999999,normal,Cold-start: score vs population baseline (confidence ramping)
SES_0004341,USR_0041,user,2026-01-05 21:20:21,33,0.1999027050121076,0.6619999999999999,normal,Cold-start: score vs population baseline (confidence ramping)
SES_0004604,USR_0041,user,2026-01-06 09:46:36,34,0.125577157840811,0.6759999999999999,normal,Cold-start: score vs population baseline (confidence ramping)
SES_0004608,USR_0041,user,2026-01-06 09:50:52,35,0.0974936019903006,0.69,normal,Cold-start: score vs population baseline (confidence ramping)
SES_0004830,USR_0041,user,2026-01-06 13:48:40,36,0.065860610644378,0.704,normal,Cold-start: score vs population baseline (confidence ramping)
SES_0005045,USR_0041,user,2026-01-06 17:37:07,37,0.0869755885278263,0.718,normal,Cold-start: score vs population baseline (confidence ramping)
SES_0005085,USR_0041,user,2026-01-06 18:19:17,38,0.2182982212461741,0.732,normal,Cold-start: score vs population baseline (confidence ramping)
SES_0005118,USR_0041,user,2026-01-06 18:58:38,39,0.1161485950532917,0.746,normal,Cold-start: score vs population baseline (confidence ramping)
SES_0005177,USR_0041,user,2026-01-06 20:12:35,40,0.0867669940367342,0.76,normal,Cold-start: score vs population baseline (confidence ramping)
SES_0005185,USR_0041,user,2026-01-06 20:26:06,41,0.0780726950939164,0.774,normal,Cold-start: score vs population baseline (confidence ramping)
SES_0005194,USR_0041,user,2026-01-06 20:35:21,42,0.1338164403207829,0.788,normal,Cold-start: score vs population baseline (confidence ramping)
SES_0005222,USR_0041,user,2026-01-06 21:18:51,43,0.3418040220365438,0.802,normal,Cold-start: score vs population baseline (confidence ramping)
SES_0005240,USR_0041,user,2026-01-06 21:37:48,44,0.4330353402490327,0.8160000000000001,normal,Cold-start: score vs population baseline (confidence ramping)
SES_0005241,USR_0041,user,2026-01-06 21:38:12,45,0.2349276803401095,0.8300000000000001,normal,Cold-start: score vs population baseline (confidence ramping)
SES_0005425,USR_0041,user,2026-01-07 08:22:10,46,0.1297121782945495,0.8440000000000001,normal,Cold-start: score vs population baseline (confidence ramping)
SES_0005511,USR_0041,user,2026-01-07 09:55:25,47,0.1548440493672379,0.8579999999999999,normal,Cold-start: score vs population baseline (confidence ramping)
SES_0005899,USR_0041,user,2026-01-07 17:02:20,48,0.1418969527983885,0.8719999999999999,normal,Cold-start: score vs population baseline (confidence ramping)
SES_0005963,USR_0041,user,2026-01-07 18:22:31,49,0.1181823695025788,0.8859999999999999,normal,Cold-start: score vs population baseline (confidence ramping)
SES_0005994,USR_0041,user,2026-01-07 18:58:19,50,0.1243451775109627,0.8999999999999999,normal,Cold-start: score vs population baseline (confidence ramping)
SES_0000053,USR_0042,user,2026-01-01 07:07:04,1,0.3295309247049628,0.21400000000000002,normal,Cold-start: score vs population baseline (confidence ramping)
SES_0000104,USR_0042,user,2026-01-01 07:47:19,2,0.2595413598916678,0.228,normal,Cold-start: score vs population baseline (confidence ramping)
SES_0000422,USR_0042,user,2026-01-01 13:10:43,3,0.1750828662123568,0.242,normal,Cold-start: score vs population baseline (confidence ramping)
SES_0000464,USR_0042,user,2026-01-01 13:56:35,4,0.0335792849202181,0.256,normal,Cold-start: score vs population baseline (confidence ramping)
SES_0000475,USR_0042,user,2026-01-01 14:06:15,5,0.0375842979686788,0.27,normal,Cold-start: score vs population baseline (confidence ramping)
SES_0000968,USR_0042,user,2026-01-02 07:09:30,6,0.0783290490828586,0.28400000000000003,normal,Cold-start: score vs population baseline (confidence ramping)
SES_0001019,USR_0042,user,2026-01-02 07:47:47,7,0.2508672457163541,0.29800000000000004,normal,Cold-start: score vs population baseline (confidence ramping)
SES_0001141,USR_0042,user,2026-01-02 10:28:09,8,0.0618895613712952,0.312,normal,Cold-start: score vs population baseline (confidence ramping)
SES_0001166,USR_0042,user,2026-01-02 11:00:04,9,0.0503372625166104,0.326,normal,Cold-start: score vs population baseline (confidence ramping)
SES_0001213,USR_0042,user,2026-01-02 11:51:51,10,0.0515074640282179,0.33999999999999997,normal,Cold-start: score vs population baseline (confidence ramping)
SES_0001304,USR_0042,user,2026-01-02 13:36:15,11,0.0478634929834693,0.354,normal,Cold-start: score vs population baseline (confidence ramping)
SES_0001569,USR_0042,user,2026-01-02 19:08:19,12,0.0767480322372074,0.368,normal,Cold-start: score vs population baseline (confidence ramping)
SES_0001585,USR_0042,user,2026-01-02 19:26:41,13,0.0584611359751283,0.382,normal,Cold-start: score vs population baseline (confidence ramping)
SES_0001968,USR_0042,user,2026-01-03 10:07:54,14,0.1075279856813613,0.396,normal,Cold-start: score vs population baseline (confidence ramping)
SES_0002178,USR_0042,user,2026-01-03 14:12:50,15,0.1191311061479955,0.41000000000000003,normal,Cold-start: score vs population baseline (confidence ramping)
SES_0002442,USR_0042,user,2026-01-03 19:10:13,16,0.1209469935221867,0.424,normal,Cold-start: score vs population baseline (confidence ramping)
SES_0002483,USR_0042,user,2026-01-03 19:54:37,17,0.1313420429214448,0.438,normal,Cold-start: score vs population baseline (confidence ramping)
SES_0002695,USR_0042,user,2026-01-04 07:46:23,18,0.1196013907982559,0.452,normal,Cold-start: score vs population baseline (confidence ramping)
SES_0002696,USR_0042,user,2026-01-04 07:48:47,19,0.1100875621668395,0.46599999999999997,normal,Cold-start: score vs population baseline (confidence ramping)
SES_0002704,USR_0042,user,2026-01-04 07:53:15,20,0.1446273091882882,0.48,normal,Cold-start: score vs population baseline (confidence ramping)
SES_0002895,USR_0042,user,2026-01-04 11:01:12,21,0.0968990480170546,0.494,normal,Cold-start: score vs population baseline (confidence ramping)
SES_0003019,USR_0042,user,2026-01-04 13:04:33,22,0.0939513151450541,0.508,normal,Cold-start: score vs population baseline (confidence ramping)
SES_0003021,USR_0042,user,2026-01-04 13:06:34,23,0.1035383212980275,0.522,normal,Cold-start: score vs population baseline (confidence ramping)
SES_0003087,USR_0042,user,2026-01-04 14:27:00,24,0.097662755418107,0.536,normal,Cold-start: score vs population baseline (confidence ramping)
SES_0003109,USR_0042,user,2026-01-04 14:53:08,25,0.1384647638636073,0.55,normal,Cold-start: score vs population baseline (confidence ramping)
SES_0003343,USR_0042,user,2026-01-04 19:11:37,26,0.148861258277783,0.5640000000000001,normal,Cold-start: score vs population baseline (confidence ramping)
SES_0003362,USR_0042,user,2026-01-04 19:30:57,27,0.2727518247481791,0.5780000000000001,normal,Cold-start: score vs population baseline (confidence ramping)
SES_0003717,USR_0042,user,2026-01-05 10:12:49,28,0.0638699951393298,0.5920000000000001,normal,Cold-start: score vs population baseline (confidence ramping)
SES_0003795,USR_0042,user,2026-01-05 11:27:34,29,0.070393067874195,0.606,normal,Cold-start: score vs population baseline (confidence ramping)
SES_0003906,USR_0042,user,2026-01-05 13:33:15,30,0.0669787021133968,0.62,normal,Cold-start: score vs population baseline (confidence ramping)
SES_0003978,USR_0042,user,2026-01-05 14:34:45,31,0.0523425111364695,0.634,normal,Cold-start: score vs population baseline (confidence ramping)
SES_0004246,USR_0042,user,2026-01-05 19:23:36,32,0.0859366635494823,0.6479999999999999,normal,Cold-start: score vs population baseline (confidence ramping)
SES_0004435,USR_0042,user,2026-01-06 07:06:18,33,0.0539275974256314,0.6619999999999999,normal,Cold-start: score vs population baseline (confidence ramping)
SES_0004486,USR_0042,user,2026-01-06 07:51:27,34,0.0666164181956002,0.6759999999999999,normal,Cold-start: score vs population baseline (confidence ramping)
SES_0004638,USR_0042,user,2026-01-06 10:08:19,35,0.0538837606034357,0.69,normal,Cold-start: score vs population baseline (confidence ramping)
SES_0004645,USR_0042,user,2026-01-06 10:12:17,36,0.0444746560371952,0.704,normal,Cold-start: score vs population baseline (confidence ramping)
SES_0004675,USR_0042,user,2026-01-06 10:43:30,37,0.0648583150999557,0.718,normal,Cold-start: score vs population baseline (confidence ramping)
SES_0004720,USR_0042,user,2026-01-06 11:35:44,38,0.0559174106831284,0.732,normal,Cold-start: score vs population baseline (confidence ramping)
SES_0004728,USR_0042,user,2026-01-06 11:45:35,39,0.1737624486704252,0.746,normal,Cold-start: score vs population baseline (confidence ramping)
SES_0005548,USR_0042,user,2026-01-07 10:28:04,40,0.037863472091787,0.76,normal,Cold-start: score vs population baseline (confidence ramping)
SES_0005562,USR_0042,user,2026-01-07 10:42:23,41,0.0812563416202561,0.774,normal,Cold-start: score vs population baseline (confidence ramping)
SES_0005596,USR_0042,user,2026-01-07 11:14:19,42,0.0676742449094139,0.788,normal,Cold-start: score vs population baseline (confidence ramping)
SES_0005614,USR_0042,user,2026-01-07 11:38:02,43,0.0468123313984375,0.802,normal,Cold-start: score vs population baseline (confidence ramping)
SES_0005625,USR_0042,user,2026-01-07 11:46:22,44,0.0554829152332147,0.8160000000000001,normal,Cold-start: score vs population baseline (confidence ramping)
SES_0005626,USR_0042,user,2026-01-07 11:47:15,45,0.0686339672456329,0.8300000000000001,normal,Cold-start: score vs population baseline (confidence ramping)
SES_0005998,USR_0042,user,2026-01-07 19:00:32,46,0.0596585724928692,0.8440000000000001,normal,Cold-start: score vs population baseline (confidence ramping)
SES_0006418,USR_0042,user,2026-01-08 10:22:02,47,0.0247100086763043,0.8579999999999999,normal,Cold-start: score vs population baseline (confidence ramping)
SES_0006420,USR_0042,user,2026-01-08 10:22:48,48,0.0285879437202578,0.8719999999999999,normal,Cold-start: score vs population baseline (confidence ramping)
SES_0006424,USR_0042,user,2026-01-08 10:29:10,49,0.0480520648799819,0.8859999999999999,normal,Cold-start: score vs population baseline (confidence ramping)
SES_0006502,USR_0042,user,2026-01-08 11:42:54,50,0.0243256012822054,0.8999999999999999,normal,Cold-start: score vs population baseline (confidence ramping)
SES_0000028,USR_0043,user,2026-01-01 06:42:42,1,0.4210594409621011,0.21400000000000002,normal,Cold-start: score vs population baseline (confidence ramping)
SES_0000209,USR_0043,user,2026-01-01 09:38:50,2,0.3121332385563065,0.228,normal,Cold-start: score vs population baseline (confidence ramping)
SES_0000226,USR_0043,user,2026-01-01 09:53:21,3,0.2219852775943951,0.242,normal,Cold-start: score vs population baseline (confidence ramping)
SES_0000360,USR_0043,user,2026-01-01 12:13:40,4,0.0460421590063525,0.256,normal,Cold-start: score vs population baseline (confidence ramping)
SES_0000371,USR_0043,user,2026-01-01 12:26:54,5,0.06813560773559,0.27,normal,Cold-start: score vs population baseline (confidence ramping)
SES_0000673,USR_0043,user,2026-01-01 17:45:33,6,0.1272935758698154,0.28400000000000003,normal,Cold-start: score vs population baseline (confidence ramping)
SES_0000688,USR_0043,user,2026-01-01 17:55:20,7,0.0915849082166828,0.29800000000000004,normal,Cold-start: score vs population baseline (confidence ramping)
SES_0000897,USR_0043,user,2026-01-01 21:48:34,8,0.2342186357886105,0.312,normal,Cold-start: score vs population baseline (confidence ramping)
SES_0000907,USR_0043,user,2026-01-01 21:56:44,9,0.2225052886062004,0.326,normal,Cold-start: score vs population baseline (confidence ramping)
SES_0001120,USR_0043,user,2026-01-02 09:56:32,10,0.1184282367686481,0.33999999999999997,normal,Cold-start: score vs population baseline (confidence ramping)
SES_0001504,USR_0043,user,2026-01-02 17:49:18,11,0.1137513936801677,0.354,normal,Cold-start: score vs population baseline (confidence ramping)
SES_0001619,USR_0043,user,2026-01-02 20:16:27,12,0.0979163535004734,0.368,normal,Cold-start: score vs population baseline (confidence ramping)
SES_0001689,USR_0043,user,2026-01-02 21:40:08,13,0.1990309386367973,0.382,normal,Cold-start: score vs population baseline (confidence ramping)
SES_0001914,USR_0043,user,2026-01-03 09:16:17,14,0.0973603837022991,0.396,normal,Cold-start: score vs population baseline (confidence ramping)
SES_0001925,USR_0043,user,2026-01-03 09:24:05,15,0.211309380690223,0.41000000000000003,normal,Cold-start: score vs population baseline (confidence ramping)
SES_0001926,USR_0043,user,2026-01-03 09:24:48,16,0.1103019379483738,0.424,normal,Cold-start: score vs population baseline (confidence ramping)
SES_0002491,USR_0043,user,2026-01-03 20:03:57,17,0.0967127090209578,0.438,normal,Cold-start: score vs population baseline (confidence ramping)
SES_0002815,USR_0043,user,2026-01-04 09:50:45,18,0.0927110697564019,0.452,normal,Cold-start: score vs population baseline (confidence ramping)
SES_0002969,USR_0043,user,2026-01-04 12:13:04,19,0.1124983614949866,0.46599999999999997,normal,Cold-start: score vs population baseline (confidence ramping)
SES_0003241,USR_0043,user,2026-01-04 17:08:45,20,0.1985719348919131,0.48,normal,Cold-start: score vs population baseline (confidence ramping)
SES_0003403,USR_0043,user,2026-01-04 20:26:56,21,0.1362524518958697,0.494,normal,Cold-start: score vs population baseline (confidence ramping)
SES_0003465,USR_0043,user,2026-01-04 21:41:03,22,0.239490584981457,0.508,normal,Cold-start: score vs population baseline (confidence ramping)
SES_0003478,USR_0043,user,2026-01-04 21:49:51,23,0.2106565468451731,0.522,normal,Cold-start: score vs population baseline (confidence ramping)
SES_0003506,USR_0043,user,2026-01-05 06:21:39,24,0.1960644498382819,0.536,normal,Cold-start: score vs population baseline (confidence ramping)
SES_0003857,USR_0043,user,2026-01-05 12:35:37,25,0.11208898158474,0.55,normal,Cold-start: score vs population baseline (confidence ramping)
SES_0003866,USR_0043,user,2026-01-05 12:47:57,26,0.0805958615782675,0.5640000000000001,normal,Cold-start: score vs population baseline (confidence ramping)
SES_0004124,USR_0043,user,2026-01-05 17:06:21,27,0.1797295785557947,0.5780000000000001,normal,Cold-start: score vs population baseline (confidence ramping)
SES_0004131,USR_0043,user,2026-01-05 17:12:32,28,0.0892520106934521,0.5920000000000001,normal,Cold-start: score vs population baseline (confidence ramping)
SES_0004154,USR_0043,user,2026-01-05 17:28:18,29,0.1448136333105524,0.606,normal,Cold-start: score vs population baseline (confidence ramping)
SES_0004425,USR_0043,user,2026-01-06 06:55:17,30,0.2026610471181572,0.62,normal,Cold-start: score vs population baseline (confidence ramping)
SES_0004615,USR_0043,user,2026-01-06 09:54:33,31,0.0925934980479436,0.634,normal,Cold-start: score vs population baseline (confidence ramping)
SES_0004762,USR_0043,user,2026-01-06 12:27:38,32,0.0271809418635964,0.6479999999999999,normal,Cold-start: score vs population baseline (confidence ramping)
SES_0004763,USR_0043,user,2026-01-06 12:28:14,33,0.0419278780070859,0.6619999999999999,normal,Cold-start: score vs population baseline (confidence ramping)
SES_0004787,USR_0043,user,2026-01-06 12:50:41,34,0.1129724618470308,0.6759999999999999,normal,Cold-start: score vs population baseline (confidence ramping)
SES_0005050,USR_0043,user,2026-01-06 17:43:02,35,0.0901113206074451,0.69,normal,Cold-start: score vs population baseline (confidence ramping)
SES_0005173,USR_0043,user,2026-01-06 20:06:25,36,0.1317934347882768,0.704,normal,Cold-start: score vs population baseline (confidence ramping)
SES_0005303,USR_0043,user,2026-01-07 06:53:46,37,0.1892026543587617,0.718,normal,Cold-start: score vs population baseline (confidence ramping)
SES_0005305,USR_0043,user,2026-01-07 06:59:56,38,0.2482643033030937,0.732,normal,Cold-start: score vs population baseline (confidence ramping)
SES_0005490,USR_0043,user,2026-01-07 09:33:42,39,0.0593914832848985,0.746,normal,Cold-start: score vs population baseline (confidence ramping)
SES_0005515,USR_0043,user,2026-01-07 09:58:02,40,0.080467880232615,0.76,normal,Cold-start: score vs population baseline (confidence ramping)
SES_0006095,USR_0043,user,2026-01-07 21:03:13,41,0.2115802938009491,0.774,normal,Cold-start: score vs population baseline (confidence ramping)
SES_0006099,USR_0043,user,2026-01-07 21:05:04,42,0.1580798165445782,0.788,normal,Cold-start: score vs population baseline (confidence ramping)
SES_0006174,USR_0043,user,2026-01-08 06:46:08,43,0.1878438262263219,0.802,normal,Cold-start: score vs population baseline (confidence ramping)
SES_0006326,USR_0043,user,2026-01-08 09:01:02,44,0.0831745799594361,0.8160000000000001,normal,Cold-start: score vs population baseline (confidence ramping)
SES_0006382,USR_0043,user,2026-01-08 09:51:57,45,0.1241646517980359,0.8300000000000001,normal,Cold-start: score vs population baseline (confidence ramping)
SES_0006531,USR_0043,user,2026-01-08 12:15:55,46,0.1540013615854527,0.8440000000000001,normal,Cold-start: score vs population baseline (confidence ramping)
SES_0006538,USR_0043,user,2026-01-08 12:20:06,47,0.0510905786057069,0.8579999999999999,normal,Cold-start: score vs population baseline (confidence ramping)
SES_0006542,USR_0043,user,2026-01-08 12:34:58,48,0.0386504294210205,0.8719999999999999,normal,Cold-start: score vs population baseline (confidence ramping)
SES_0006550,USR_0043,user,2026-01-08 12:45:06,49,0.0464910614637254,0.8859999999999999,normal,Cold-start: score vs population baseline (confidence ramping)
SES_0006824,USR_0043,user,2026-01-08 17:48:21,50,0.0579875810139172,0.8999999999999999,normal,Cold-start: score vs population baseline (confidence ramping)
SES_0000013,USR_0044,user,2026-01-01 06:12:54,1,0.3863437895613092,0.21400000000000002,normal,Cold-start: score vs population baseline (confidence ramping)
SES_0000030,USR_0044,user,2026-01-01 06:44:29,2,0.4690967955190333,0.228,normal,Cold-start: score vs population baseline (confidence ramping)
SES_0000251,USR_0044,user,2026-01-01 10:28:34,3,0.3962334985224504,0.242,normal,Cold-start: score vs population baseline (confidence ramping)
SES_0000363,USR_0044,user,2026-01-01 12:17:08,4,0.3221402686324343,0.256,normal,Cold-start: score vs population baseline (confidence ramping)
SES_0000375,USR_0044,user,2026-01-01 12:29:38,5,0.1736595449191018,0.27,normal,Cold-start: score vs population baseline (confidence ramping)
SES_0000411,USR_0044,user,2026-01-01 13:01:01,6,0.1441790902563486,0.28400000000000003,normal,Cold-start: score vs population baseline (confidence ramping)
SES_0000648,USR_0044,user,2026-01-01 17:25:15,7,0.1044929554295647,0.29800000000000004,normal,Cold-start: score vs population baseline (confidence ramping)
SES_0000689,USR_0044,user,2026-01-01 17:57:31,8,0.1074608321890545,0.312,normal,Cold-start: score vs population baseline (confidence ramping)
SES_0000798,USR_0044,user,2026-01-01 20:02:32,9,0.129820498054189,0.326,normal,Cold-start: score vs population baseline (confidence ramping)
SES_0000808,USR_0044,user,2026-01-01 20:11:34,10,0.0901296403811394,0.33999999999999997,normal,Cold-start: score vs population baseline (confidence ramping)
SES_0000833,USR_0044,user,2026-01-01 20:39:08,11,0.0889108670323728,0.354,normal,Cold-start: score vs population baseline (confidence ramping)
SES_0000843,USR_0044,user,2026-01-01 20:53:15,12,0.0508669036326698,0.368,normal,Cold-start: score vs population baseline (confidence ramping)
SES_0000866,USR_0044,user,2026-01-01 21:15:10,13,0.1718768735372681,0.382,normal,Cold-start: score vs population baseline (confidence ramping)
SES_0000950,USR_0044,user,2026-01-02 06:54:29,14,0.2779212818775056,0.396,normal,Cold-start: score vs population baseline (confidence ramping)
SES_0001106,USR_0044,user,2026-01-02 09:35:09,15,0.0870189690397535,0.41000000000000003,normal,Cold-start: score vs population baseline (confidence ramping)
SES_0001297,USR_0044,user,2026-01-02 13:27:53,16,0.038940420396134,0.424,normal,Cold-start: score vs population baseline (confidence ramping)
SES_0001512,USR_0044,user,2026-01-02 17:56:46,17,0.0213184292462719,0.438,normal,Cold-start: score vs population baseline (confidence ramping)
SES_0001997,USR_0044,user,2026-01-03 10:38:08,18,0.0562623948260429,0.452,normal,Cold-start: score vs population baseline (confidence ramping)
SES_0002156,USR_0044,user,2026-01-03 13:40:48,19,0.0666025437350743,0.46599999999999997,normal,Cold-start: score vs population baseline (confidence ramping)
SES_0002521,USR_0044,user,2026-01-03 20:50:17,20,0.0803792500261898,0.48,normal,Cold-start: score vs population baseline (confidence ramping)
SES_0002522,USR_0044,user,2026-01-03 20:53:04,21,0.1312432650738801,0.494,normal,Cold-start: score vs population baseline (confidence ramping)
SES_0002570,USR_0044,user,2026-01-03 21:42:50,22,0.1631645151016353,0.508,normal,Cold-start: score vs population baseline (confidence ramping)
SES_0002600,USR_0044,user,2026-01-04 06:17:36,23,0.2002195290627416,0.522,normal,Cold-start: score vs population baseline (confidence ramping)
SES_0002602,USR_0044,user,2026-01-04 06:18:24,24,0.2828061861710559,0.536,normal,Cold-start: score vs population baseline (confidence ramping)
SES_0003011,USR_0044,user,2026-01-04 12:58:12,25,0.0829342841014808,0.55,normal,Cold-start: score vs population baseline (confidence ramping)
SES_0003240,USR_0044,user,2026-01-04 17:08:19,26,0.0939352081040841,0.5640000000000001,normal,Cold-start: score vs population baseline (confidence ramping)
SES_0003261,USR_0044,user,2026-01-04 17:30:50,27,0.0823341854741045,0.5780000000000001,normal,Cold-start: score vs population baseline (confidence ramping)
SES_0003382,USR_0044,user,2026-01-04 20:01:34,28,0.1489122865721582,0.5920000000000001,normal,Cold-start: score vs population baseline (confidence ramping)
SES_0003441,USR_0044,user,2026-01-04 21:15:39,29,0.1959380935603252,0.606,normal,Cold-start: score vs population baseline (confidence ramping)
SES_0003473,USR_0044,user,2026-01-04 21:47:16,30,0.2226931255690541,0.62,normal,Cold-start: score vs population baseline (confidence ramping)
SES_0003511,USR_0044,user,2026-01-05 06:27:15,31,0.292266744780409,0.634,normal,Cold-start: score vs population baseline (confidence ramping)
SES_0003653,USR_0044,user,2026-01-05 09:14:56,32,0.0392509275089026,0.6479999999999999,normal,Cold-start: score vs population baseline (confidence ramping)
SES_0003698,USR_0044,user,2026-01-05 09:51:23,33,0.0526521888929122,0.6619999999999999,normal,Cold-start: score vs population baseline (confidence ramping)
SES_0003728,USR_0044,user,2026-01-05 10:23:48,34,0.0638690781199226,0.6759999999999999,normal,Cold-start: score vs population baseline (confidence ramping)
SES_0004300,USR_0044,user,2026-01-05 20:33:09,35,0.1194106380228948,0.69,normal,Cold-start: score vs population baseline (confidence ramping)
SES_0004406,USR_0044,user,2026-01-06 06:36:13,36,0.1362761410504733,0.704,normal,Cold-start: score vs population baseline (confidence ramping)
SES_0004427,USR_0044,user,2026-01-06 06:56:34,37,0.2092581555130056,0.718,normal,Cold-start: score vs population baseline (confidence ramping)
SES_0004650,USR_0044,user,2026-01-06 10:13:45,38,0.0676672207559069,0.732,normal,Cold-start: score vs population baseline (confidence ramping)
SES_0004764,USR_0044,user,2026-01-06 12:28:31,39,0.049389052591915,0.746,normal,Cold-start: score vs population baseline (confidence ramping)
SES_0004796,USR_0044,user,2026-01-06 13:02:11,40,0.021321150671371,0.76,normal,Cold-start: score vs population baseline (confidence ramping)
SES_0005221,USR_0044,user,2026-01-06 21:18:45,41,0.166380644502744,0.774,normal,Cold-start: score vs population baseline (confidence ramping)
SES_0005284,USR_0044,user,2026-01-07 06:28:40,42,0.1905315347137774,0.788,normal,Cold-start: score vs population baseline (confidence ramping)
SES_0005457,USR_0044,user,2026-01-07 09:01:42,43,0.0344287750729566,0.802,normal,Cold-start: score vs population baseline (confidence ramping)
SES_0006072,USR_0044,user,2026-01-07 20:34:08,44,0.0772508725443678,0.8160000000000001,normal,Cold-start: score vs population baseline (confidence ramping)
SES_0006362,USR_0044,user,2026-01-08 09:32:58,45,0.1541900128224218,0.8300000000000001,normal,Cold-start: score vs population baseline (confidence ramping)
SES_0006450,USR_0044,user,2026-01-08 10:46:17,46,0.0397300899174336,0.8440000000000001,normal,Cold-start: score vs population baseline (confidence ramping)
SES_0006548,USR_0044,user,2026-01-08 12:43:13,47,0.0552047194079136,0.8579999999999999,normal,Cold-start: score vs population baseline (confidence ramping)
SES_0006588,USR_0044,user,2026-01-08 13:31:36,48,0.0724607158354435,0.8719999999999999,normal,Cold-start: score vs population baseline (confidence ramping)
SES_0006601,USR_0044,user,2026-01-08 13:42:04,49,0.0632906927074457,0.8859999999999999,normal,Cold-start: score vs population baseline (confidence ramping)
SES_0006980,USR_0044,user,2026-01-08 21:09:42,50,0.2612799898639509,0.8999999999999999,normal,Cold-start: score vs population baseline (confidence ramping)
SES_0000555,USR_0045,user,2026-01-01 15:37:43,1,0.3134079019381692,0.21400000000000002,normal,Cold-start: score vs population baseline (confidence ramping)
SES_0000561,USR_0045,user,2026-01-01 15:51:52,2,0.1450489664862156,0.228,normal,Cold-start: score vs population baseline (confidence ramping)
SES_0000569,USR_0045,user,2026-01-01 16:01:02,3,0.2430532171989647,0.242,normal,Cold-start: score vs population baseline (confidence ramping)
SES_0000694,USR_0045,user,2026-01-01 18:02:03,4,0.0897451373797245,0.256,normal,Cold-start: score vs population baseline (confidence ramping)
SES_0000989,USR_0045,user,2026-01-02 07:25:19,5,0.1151301535069531,0.27,normal,Cold-start: score vs population baseline (confidence ramping)
SES_0001026,USR_0045,user,2026-01-02 07:54:16,6,0.2539099513155272,0.28400000000000003,normal,Cold-start: score vs population baseline (confidence ramping)
SES_0001028,USR_0045,user,2026-01-02 07:55:20,7,0.2098244991080312,0.29800000000000004,normal,Cold-start: score vs population baseline (confidence ramping)
SES_0001248,USR_0045,user,2026-01-02 12:31:48,8,0.0529453684410539,0.312,normal,Cold-start: score vs population baseline (confidence ramping)
SES_0001412,USR_0045,user,2026-01-02 15:59:14,9,0.0470703921869399,0.326,normal,Cold-start: score vs population baseline (confidence ramping)
SES_0001651,USR_0045,user,2026-01-02 20:57:35,10,0.097120172536853,0.33999999999999997,normal,Cold-start: score vs population baseline (confidence ramping)
SES_0001653,USR_0045,user,2026-01-02 21:00:24,11,0.2003201545372278,0.354,normal,Cold-start: score vs population baseline (confidence ramping)
SES_0001737,USR_0045,user,2026-01-03 06:49:21,12,0.2109343804231748,0.368,normal,Cold-start: score vs population baseline (confidence ramping)
SES_0001744,USR_0045,user,2026-01-03 06:59:20,13,0.2233439038706214,0.382,normal,Cold-start: score vs population baseline (confidence ramping)
SES_0001808,USR_0045,user,2026-01-03 07:34:00,14,0.1210334631784896,0.396,normal,Cold-start: score vs population baseline (confidence ramping)
SES_0002288,USR_0045,user,2026-01-03 16:11:51,15,0.0935607374338421,0.41000000000000003,normal,Cold-start: score vs population baseline (confidence ramping)
SES_0002589,USR_0045,user,2026-01-04 06:05:57,16,0.2420262442091001,0.424,normal,Cold-start: score vs population baseline (confidence ramping)
SES_0002648,USR_0045,user,2026-01-04 07:12:05,17,0.1294728030890445,0.438,normal,Cold-start: score vs population baseline (confidence ramping)
SES_0002698,USR_0045,user,2026-01-04 07:50:06,18,0.1553838391094026,0.452,normal,Cold-start: score vs population baseline (confidence ramping)
SES_0003004,USR_0045,user,2026-01-04 12:50:13,19,0.1129488421638388,0.46599999999999997,normal,Cold-start: score vs population baseline (confidence ramping)
SES_0003208,USR_0045,user,2026-01-04 16:30:00,20,0.2390965590505684,0.48,normal,Cold-start: score vs population baseline (confidence ramping)
SES_0003386,USR_0045,user,2026-01-04 20:06:31,21,0.1412051187748926,0.494,normal,Cold-start: score vs population baseline (confidence ramping)
SES_0003394,USR_0045,user,2026-01-04 20:15:38,22,0.1541966716001969,0.508,normal,Cold-start: score vs population baseline (confidence ramping)
SES_0003400,USR_0045,user,2026-01-04 20:23:14,23,0.1440969518900324,0.522,normal,Cold-start: score vs population baseline (confidence ramping)
SES_0003425,USR_0045,user,2026-01-04 20:55:28,24,0.1465012585984388,0.536,normal,Cold-start: score vs population baseline (confidence ramping)
SES_0003484,USR_0045,user,2026-01-04 21:57:03,25,0.2154125165117,0.55,normal,Cold-start: score vs population baseline (confidence ramping)
SES_0003530,USR_0045,user,2026-01-05 06:49:18,26,0.1922437424509689,0.5640000000000001,normal,Cold-start: score vs population baseline (confidence ramping)
SES_0003871,USR_0045,user,2026-01-05 12:50:09,27,0.0975447883532983,0.5780000000000001,normal,Cold-start: score vs population baseline (confidence ramping)
SES_0004299,USR_0045,user,2026-01-05 20:31:50,28,0.1117499548495364,0.5920000000000001,normal,Cold-start: score vs population baseline (confidence ramping)
SES_0004411,USR_0045,user,2026-01-06 06:42:06,29,0.1799999598418335,0.606,normal,Cold-start: score vs population baseline (confidence ramping)
SES_0004785,USR_0045,user,2026-01-06 12:50:26,30,0.0473634776969217,0.62,normal,Cold-start: score vs population baseline (confidence ramping)
SES_0004905,USR_0045,user,2026-01-06 15:08:32,31,0.1071928402317318,0.634,normal,Cold-start: score vs population baseline (confidence ramping)
SES_0004946,USR_0045,user,2026-01-06 15:56:21,32,0.2234273349512817,0.6479999999999999,normal,Cold-start: score vs population baseline (confidence ramping)
SES_0005073,USR_0045,user,2026-01-06 18:05:45,33,0.0734461799843361,0.6619999999999999,normal,Cold-start: score vs population baseline (confidence ramping)
SES_0005110,USR_0045,user,2026-01-06 18:47:57,34,0.0900884535021931,0.6759999999999999,normal,Cold-start: score vs population baseline (confidence ramping)
SES_0005209,USR_0045,user,2026-01-06 20:55:31,35,0.1131994025880619,0.69,normal,Cold-start: score vs population baseline (confidence ramping)
SES_0005255,USR_0045,user,2026-01-06 21:54:49,36,0.1825788359341811,0.704,normal,Cold-start: score vs population baseline (confidence ramping)
SES_0005266,USR_0045,user,2026-01-07 06:08:37,37,0.1683764481877143,0.718,normal,Cold-start: score vs population baseline (confidence ramping)
SES_0005280,USR_0045,user,2026-01-07 06:22:49,38,0.2845730175394154,0.732,normal,Cold-start: score vs population baseline (confidence ramping)
SES_0005354,USR_0045,user,2026-01-07 07:46:15,39,0.0555522592899127,0.746,normal,Cold-start: score vs population baseline (confidence ramping)
SES_0005364,USR_0045,user,2026-01-07 07:56:04,40,0.192870092409921,0.76,normal,Cold-start: score vs population baseline (confidence ramping)
SES_0005367,USR_0045,user,2026-01-07 07:58:11,41,0.0556946590763708,0.774,normal,Cold-start: score vs population baseline (confidence ramping)
SES_0005648,USR_0045,user,2026-01-07 12:08:35,42,0.0307560103719132,0.788,normal,Cold-start: score vs population baseline (confidence ramping)
SES_0005964,USR_0045,user,2026-01-07 18:25:20,43,0.0442812323182304,0.802,normal,Cold-start: score vs population baseline (confidence ramping)
SES_0005995,USR_0045,user,2026-01-07 18:59:08,44,0.0374979234599766,0.8160000000000001,normal,Cold-start: score vs population baseline (confidence ramping)
SES_0006106,USR_0045,user,2026-01-07 21:11:44,45,0.1368510683789953,0.8300000000000001,normal,Cold-start: score vs population baseline (confidence ramping)
SES_0006214,USR_0045,user,2026-01-08 07:29:31,46,0.0703833485198042,0.8440000000000001,normal,Cold-start: score vs population baseline (confidence ramping)
SES_0006532,USR_0045,user,2026-01-08 12:16:34,47,0.0412647197277207,0.8579999999999999,normal,Cold-start: score vs population baseline (confidence ramping)
SES_0006698,USR_0045,user,2026-01-08 15:32:20,48,0.168914579568864,0.8719999999999999,normal,Cold-start: score vs population baseline (confidence ramping)
SES_0006776,USR_0045,user,2026-01-08 16:45:04,49,0.0438855616242118,0.8859999999999999,normal,Cold-start: score vs population baseline (confidence ramping)
SES_0006949,USR_0045,user,2026-01-08 20:35:57,50,0.0954808308796249,0.8999999999999999,normal,Cold-start: score vs population baseline (confidence ramping)
SES_0000250,USR_0046,user,2026-01-01 10:23:24,1,0.3309352915337483,0.21400000000000002,normal,Cold-start: score vs population baseline (confidence ramping)
SES_0000333,USR_0046,user,2026-01-01 11:46:00,2,0.1603892404261064,0.228,normal,Cold-start: score vs population baseline (confidence ramping)
SES_0000439,USR_0046,user,2026-01-01 13:32:59,3,0.3825929466440606,0.242,normal,Cold-start: score vs population baseline (confidence ramping)
SES_0000758,USR_0046,user,2026-01-01 19:22:24,4,0.2255957286765688,0.256,normal,Cold-start: score vs population baseline (confidence ramping)
SES_0000773,USR_0046,user,2026-01-01 19:34:14,5,0.0943691311601959,0.27,normal,Cold-start: score vs population baseline (confidence ramping)
SES_0000860,USR_0046,user,2026-01-01 21:10:42,6,0.3185271000598642,0.28400000000000003,normal,Cold-start: score vs population baseline (confidence ramping)
SES_0001211,USR_0046,user,2026-01-02 11:49:59,7,0.0903662321334968,0.29800000000000004,normal,Cold-start: score vs population baseline (confidence ramping)
SES_0001269,USR_0046,user,2026-01-02 13:01:56,8,0.0921129887765527,0.312,normal,Cold-start: score vs population baseline (confidence ramping)
SES_0001312,USR_0046,user,2026-01-02 13:48:27,9,0.1266140927694764,0.326,normal,Cold-start: score vs population baseline (confidence ramping)
SES_0001566,USR_0046,user,2026-01-02 19:07:16,10,0.1005405468957686,0.33999999999999997,normal,Cold-start: score vs population baseline (confidence ramping)
SES_0001591,USR_0046,user,2026-01-02 19:33:33,11,0.152901250958698,0.354,normal,Cold-start: score vs population baseline (confidence ramping)
SES_0001597,USR_0046,user,2026-01-02 19:42:14,12,0.0856972259540006,0.368,normal,Cold-start: score vs population baseline (confidence ramping)
SES_0001668,USR_0046,user,2026-01-02 21:18:57,13,0.2418604105041444,0.382,normal,Cold-start: score vs population baseline (confidence ramping)
SES_0002060,USR_0046,user,2026-01-03 11:50:05,14,0.2035544317457384,0.396,normal,Cold-start: score vs population baseline (confidence ramping)
SES_0002061,USR_0046,user,2026-01-03 11:50:40,15,0.167884094870949,0.41000000000000003,normal,Cold-start: score vs population baseline (confidence ramping)
SES_0002091,USR_0046,user,2026-01-03 12:23:46,16,0.1339976261270482,0.424,normal,Cold-start: score vs population baseline (confidence ramping)
SES_0002145,USR_0046,user,2026-01-03 13:24:27,17,0.1439657088401286,0.438,normal,Cold-start: score vs population baseline (confidence ramping)
SES_0002452,USR_0046,user,2026-01-03 19:19:38,18,0.1310616011410072,0.452,normal,Cold-start: score vs population baseline (confidence ramping)
SES_0002475,USR_0046,user,2026-01-03 19:44:04,19,0.2485399663892762,0.46599999999999997,normal,Cold-start: score vs population baseline (confidence ramping)
SES_0002549,USR_0046,user,2026-01-03 21:18:40,20,0.289256509210874,0.48,normal,Cold-start: score vs population baseline (confidence ramping)
SES_0002936,USR_0046,user,2026-01-04 11:41:43,21,0.1294309497847898,0.494,normal,Cold-start: score vs population baseline (confidence ramping)
SES_0002979,USR_0046,user,2026-01-04 12:22:28,22,0.2201589873561724,0.508,normal,Cold-start: score vs population baseline (confidence ramping)
SES_0003342,USR_0046,user,2026-01-04 19:11:10,23,0.1556214766969768,0.522,normal,Cold-start: score vs population baseline (confidence ramping)
SES_0003350,USR_0046,user,2026-01-04 19:16:25,24,0.174478206375872,0.536,normal,Cold-start: score vs population baseline (confidence ramping)
SES_0003372,USR_0046,user,2026-01-04 19:42:17,25,0.155934114892893,0.55,normal,Cold-start: score vs population baseline (confidence ramping)
SES_0003374,USR_0046,user,2026-01-04 19:46:16,26,0.1559637421434105,0.5640000000000001,normal,Cold-start: score vs population baseline (confidence ramping)
SES_0003443,USR_0046,user,2026-01-04 21:16:07,27,0.2933591910748904,0.5780000000000001,normal,Cold-start: score vs population baseline (confidence ramping)
SES_0003719,USR_0046,user,2026-01-05 10:15:19,28,0.176953087424106,0.5920000000000001,normal,Cold-start: score vs population baseline (confidence ramping)
SES_0003762,USR_0046,user,2026-01-05 10:58:51,29,0.2777898823139768,0.606,normal,Cold-start: score vs population baseline (confidence ramping)
SES_0003769,USR_0046,user,2026-01-05 11:03:49,30,0.3986952427644767,0.62,normal,Cold-start: score vs population baseline (confidence ramping)
SES_0003852,USR_0046,user,2026-01-05 12:30:51,31,0.1439254411689097,0.634,normal,Cold-start: score vs population baseline (confidence ramping)
SES_0004626,USR_0046,user,2026-01-06 10:00:54,32,0.1423433505447804,0.6479999999999999,normal,Cold-start: score vs population baseline (confidence ramping)
SES_0004643,USR_0046,user,2026-01-06 10:11:58,33,0.1156033709342977,0.6619999999999999,normal,Cold-start: score vs population baseline (confidence ramping)
SES_0004659,USR_0046,user,2026-01-06 10:28:04,34,0.0675217443976007,0.6759999999999999,normal,Cold-start: score vs population baseline (confidence ramping)
SES_0004664,USR_0046,user,2026-01-06 10:33:28,35,0.0626667034489774,0.69,normal,Cold-start: score vs population baseline (confidence ramping)
SES_0004725,USR_0046,user,2026-01-06 11:40:42,36,0.0988253706259181,0.704,normal,Cold-start: score vs population baseline (confidence ramping)
SES_0004761,USR_0046,user,2026-01-06 12:27:09,37,0.0640110901341167,0.718,normal,Cold-start: score vs population baseline (confidence ramping)
SES_0004779,USR_0046,user,2026-01-06 12:46:10,38,0.2203210227528142,0.732,normal,Cold-start: score vs population baseline (confidence ramping)
SES_0005150,USR_0046,user,2026-01-06 19:37:51,39,0.0740590359548666,0.746,normal,Cold-start: score vs population baseline (confidence ramping)
SES_0005235,USR_0046,user,2026-01-06 21:34:59,40,0.1637438736040818,0.76,normal,Cold-start: score vs population baseline (confidence ramping)
SES_0005250,USR_0046,user,2026-01-06 21:51:43,41,0.1926921577779142,0.774,normal,Cold-start: score vs population baseline (confidence ramping)
SES_0005545,USR_0046,user,2026-01-07 10:24:39,42,0.0466862256072729,0.788,normal,Cold-start: score vs population baseline (confidence ramping)
SES_0005550,USR_0046,user,2026-01-07 10:28:35,43,0.03528319932944,0.802,normal,Cold-start: score vs population baseline (confidence ramping)
SES_0005613,USR_0046,user,2026-01-07 11:37:49,44,0.0898377527265722,0.8160000000000001,normal,Cold-start: score vs population baseline (confidence ramping)
SES_0005623,USR_0046,user,2026-01-07 11:44:23,45,0.0614986964707021,0.8300000000000001,normal,Cold-start: score vs population baseline (confidence ramping)
SES_0005661,USR_0046,user,2026-01-07 12:24:40,46,0.0513073626417262,0.8440000000000001,normal,Cold-start: score vs population baseline (confidence ramping)
SES_0005734,USR_0046,user,2026-01-07 13:58:45,47,0.0892291417843773,0.8579999999999999,normal,Cold-start: score vs population baseline (confidence ramping)
SES_0006016,USR_0046,user,2026-01-07 19:21:32,48,0.1081661833434327,0.8719999999999999,normal,Cold-start: score vs population baseline (confidence ramping)
SES_0006123,USR_0046,user,2026-01-07 21:25:32,49,0.2119577983429957,0.8859999999999999,normal,Cold-start: score vs population baseline (confidence ramping)
SES_0006403,USR_0046,user,2026-01-08 10:06:42,50,0.0850031051650614,0.8999999999999999,normal,Cold-start: score vs population baseline (confidence ramping)
SES_0000087,USR_0047,user,2026-01-01 07:30:05,1,0.3448970036041673,0.21400000000000002,normal,Cold-start: score vs population baseline (confidence ramping)
SES_0000103,USR_0047,user,2026-01-01 07:46:59,2,0.2207501419045156,0.228,normal,Cold-start: score vs population baseline (confidence ramping)
SES_0000119,USR_0047,user,2026-01-01 07:56:09,3,0.3478610329578271,0.242,normal,Cold-start: score vs population baseline (confidence ramping)
SES_0000176,USR_0047,user,2026-01-01 09:05:27,4,0.3840684388715541,0.256,normal,Cold-start: score vs population baseline (confidence ramping)
SES_0000187,USR_0047,user,2026-01-01 09:17:06,5,0.2423279836061015,0.27,normal,Cold-start: score vs population baseline (confidence ramping)
SES_0000570,USR_0047,user,2026-01-01 16:02:00,6,0.2853409546641281,0.28400000000000003,normal,Cold-start: score vs population baseline (confidence ramping)
SES_0000575,USR_0047,user,2026-01-01 16:06:47,7,0.2848351680490295,0.29800000000000004,normal,Cold-start: score vs population baseline (confidence ramping)
SES_0000618,USR_0047,user,2026-01-01 16:55:00,8,0.1704454913928649,0.312,normal,Cold-start: score vs population baseline (confidence ramping)
SES_0001079,USR_0047,user,2026-01-02 09:02:43,9,0.1542250457958264,0.326,normal,Cold-start: score vs population baseline (confidence ramping)
SES_0001083,USR_0047,user,2026-01-02 09:11:54,10,0.1994366267670423,0.33999999999999997,normal,Cold-start: score vs population baseline (confidence ramping)
SES_0001088,USR_0047,user,2026-01-02 09:15:40,11,0.1187168241297547,0.354,normal,Cold-start: score vs population baseline (confidence ramping)
SES_0001108,USR_0047,user,2026-01-02 09:38:39,12,0.1166649994268985,0.368,normal,Cold-start: score vs population baseline (confidence ramping)
SES_0001116,USR_0047,user,2026-01-02 09:48:38,13,0.1917811198744677,0.382,normal,Cold-start: score vs population baseline (confidence ramping)
SES_0001426,USR_0047,user,2026-01-02 16:13:49,14,0.0823107065708273,0.396,normal,Cold-start: score vs population baseline (confidence ramping)
SES_0001462,USR_0047,user,2026-01-02 17:01:41,15,0.0527602312867892,0.41000000000000003,normal,Cold-start: score vs population baseline (confidence ramping)
SES_0001476,USR_0047,user,2026-01-02 17:21:24,16,0.0554110790722852,0.424,normal,Cold-start: score vs population baseline (confidence ramping)
SES_0001747,USR_0047,user,2026-01-03 07:00:24,17,0.140019584222986,0.438,normal,Cold-start: score vs population baseline (confidence ramping)
SES_0001779,USR_0047,user,2026-01-03 07:18:03,18,0.119672055273672,0.452,normal,Cold-start: score vs population baseline (confidence ramping)
SES_0001948,USR_0047,user,2026-01-03 09:52:47,19,0.1351992753454092,0.46599999999999997,normal,Cold-start: score vs population baseline (confidence ramping)
SES_0002287,USR_0047,user,2026-01-03 16:11:33,20,0.0886752595825341,0.48,normal,Cold-start: score vs population baseline (confidence ramping)
SES_0002299,USR_0047,user,2026-01-03 16:22:24,21,0.2722931653073915,0.494,normal,Cold-start: score vs population baseline (confidence ramping)
SES_0002311,USR_0047,user,2026-01-03 16:36:53,22,0.0917946092820643,0.508,normal,Cold-start: score vs population baseline (confidence ramping)
SES_0002319,USR_0047,user,2026-01-03 16:41:47,23,0.1436673766374089,0.522,normal,Cold-start: score vs population baseline (confidence ramping)
SES_0002338,USR_0047,user,2026-01-03 17:04:39,24,0.1380497255100677,0.536,normal,Cold-start: score vs population baseline (confidence ramping)
SES_0002341,USR_0047,user,2026-01-03 17:07:32,25,0.2101394543789378,0.55,normal,Cold-start: score vs population baseline (confidence ramping)
SES_0002376,USR_0047,user,2026-01-03 17:45:39,26,0.121061025071114,0.5640000000000001,normal,Cold-start: score vs population baseline (confidence ramping)
SES_0002639,USR_0047,user,2026-01-04 07:07:24,27,0.1456808563365523,0.5780000000000001,normal,Cold-start: score vs population baseline (confidence ramping)
SES_0002646,USR_0047,user,2026-01-04 07:10:29,28,0.3024447121179073,0.5920000000000001,normal,Cold-start: score vs population baseline (confidence ramping)
SES_0002670,USR_0047,user,2026-01-04 07:25:33,29,0.1777781788898603,0.606,normal,Cold-start: score vs population baseline (confidence ramping)
SES_0002691,USR_0047,user,2026-01-04 07:44:01,30,0.1289057601188571,0.62,normal,Cold-start: score vs population baseline (confidence ramping)
SES_0002711,USR_0047,user,2026-01-04 07:58:13,31,0.2088374708563332,0.634,normal,Cold-start: score vs population baseline (confidence ramping)
SES_0002714,USR_0047,user,2026-01-04 07:59:49,32,0.1570366809883226,0.6479999999999999,normal,Cold-start: score vs population baseline (confidence ramping)
SES_0002793,USR_0047,user,2026-01-04 09:14:49,33,0.1562080810417999,0.6619999999999999,normal,Cold-start: score vs population baseline (confidence ramping)
SES_0002799,USR_0047,user,2026-01-04 09:25:22,34,0.1226424495374635,0.6759999999999999,normal,Cold-start: score vs population baseline (confidence ramping)
SES_0003193,USR_0047,user,2026-01-04 16:14:38,35,0.1174771622104559,0.69,normal,Cold-start: score vs population baseline (confidence ramping)
SES_0003221,USR_0047,user,2026-01-04 16:46:30,36,0.1471429550149481,0.704,normal,Cold-start: score vs population baseline (confidence ramping)
SES_0003230,USR_0047,user,2026-01-04 16:56:27,37,0.1456853125801879,0.718,normal,Cold-start: score vs population baseline (confidence ramping)
SES_0003260,USR_0047,user,2026-01-04 17:30:25,38,0.1071550879865269,0.732,normal,Cold-start: score vs population baseline (confidence ramping)
SES_0003569,USR_0047,user,2026-01-05 07:31:41,39,0.103182791336695,0.746,normal,Cold-start: score vs population baseline (confidence ramping)
SES_0003570,USR_0047,user,2026-01-05 07:32:08,40,0.4101598663134543,0.76,normal,Cold-start: score vs population baseline (confidence ramping)
SES_0003585,USR_0047,user,2026-01-05 07:48:17,41,0.2792333059861976,0.774,normal,Cold-start: score vs population baseline (confidence ramping)
SES_0003644,USR_0047,user,2026-01-05 09:08:23,42,0.2725341087473613,0.788,normal,Cold-start: score vs population baseline (confidence ramping)
SES_0003679,USR_0047,user,2026-01-05 09:33:50,43,0.0804863400073293,0.802,normal,Cold-start: score vs population baseline (confidence ramping)
SES_0003681,USR_0047,user,2026-01-05 09:37:34,44,0.1701509265564803,0.8160000000000001,normal,Cold-start: score vs population baseline (confidence ramping)
SES_0004142,USR_0047,user,2026-01-05 17:20:29,45,0.0862217261388424,0.8300000000000001,normal,Cold-start: score vs population baseline (confidence ramping)
SES_0004158,USR_0047,user,2026-01-05 17:33:22,46,0.0683850330803318,0.8440000000000001,normal,Cold-start: score vs population baseline (confidence ramping)
SES_0004460,USR_0047,user,2026-01-06 07:29:21,47,0.2084597255646122,0.8579999999999999,normal,Cold-start: score vs population baseline (confidence ramping)
SES_0004464,USR_0047,user,2026-01-06 07:30:50,48,0.1645607720150751,0.8719999999999999,normal,Cold-start: score vs population baseline (confidence ramping)
SES_0004572,USR_0047,user,2026-01-06 09:11:10,49,0.1209502907039973,0.8859999999999999,normal,Cold-start: score vs population baseline (confidence ramping)
SES_0004584,USR_0047,user,2026-01-06 09:27:33,50,0.0749985684870601,0.8999999999999999,normal,Cold-start: score vs population baseline (confidence ramping)
SES_0000096,USR_0048,user,2026-01-01 07:40:57,1,0.485386146145856,0.21400000000000002,normal,Cold-start: score vs population baseline (confidence ramping)
SES_0000121,USR_0048,user,2026-01-01 07:58:18,2,0.4396273825889789,0.228,normal,Cold-start: score vs population baseline (confidence ramping)
SES_0000170,USR_0048,user,2026-01-01 08:59:09,3,0.3803028502433469,0.242,normal,Cold-start: score vs population baseline (confidence ramping)
SES_0000457,USR_0048,user,2026-01-01 13:53:01,4,0.1902503274343824,0.256,normal,Cold-start: score vs population baseline (confidence ramping)
SES_0000614,USR_0048,user,2026-01-01 16:52:40,5,0.2025429252596253,0.27,normal,Cold-start: score vs population baseline (confidence ramping)
SES_0000891,USR_0048,user,2026-01-01 21:43:52,6,0.3618895422944045,0.28400000000000003,normal,Cold-start: score vs population baseline (confidence ramping)
SES_0001288,USR_0048,user,2026-01-02 13:21:01,7,0.1161962804217563,0.29800000000000004,normal,Cold-start: score vs population baseline (confidence ramping)
SES_0001296,USR_0048,user,2026-01-02 13:27:47,8,0.1156253871920448,0.312,normal,Cold-start: score vs population baseline (confidence ramping)
SES_0001427,USR_0048,user,2026-01-02 16:15:38,9,0.1153854751815615,0.326,normal,Cold-start: score vs population baseline (confidence ramping)
SES_0001447,USR_0048,user,2026-01-02 16:39:41,10,0.0835586957417464,0.33999999999999997,normal,Cold-start: score vs population baseline (confidence ramping)
SES_0001457,USR_0048,user,2026-01-02 16:55:00,11,0.2615067435392,0.354,normal,Cold-start: score vs population baseline (confidence ramping)
SES_0001659,USR_0048,user,2026-01-02 21:08:36,12,0.2145075084818734,0.368,normal,Cold-start: score vs population baseline (confidence ramping)
SES_0001671,USR_0048,user,2026-01-02 21:21:55,13,0.1546687866720469,0.382,normal,Cold-start: score vs population baseline (confidence ramping)
SES_0001674,USR_0048,user,2026-01-02 21:25:24,14,0.1704326533088954,0.396,normal,Cold-start: score vs population baseline (confidence ramping)
SES_0001758,USR_0048,user,2026-01-03 07:05:10,15,0.0787941945142445,0.41000000000000003,normal,Cold-start: score vs population baseline (confidence ramping)
SES_0001769,USR_0048,user,2026-01-03 07:09:14,16,0.0747391848159718,0.424,normal,Cold-start: score vs population baseline (confidence ramping)
SES_0001776,USR_0048,user,2026-01-03 07:14:03,17,0.0950196882128824,0.438,normal,Cold-start: score vs population baseline (confidence ramping)
SES_0001817,USR_0048,user,2026-01-03 07:38:29,18,0.1034680762717374,0.452,normal,Cold-start: score vs population baseline (confidence ramping)
SES_0001831,USR_0048,user,2026-01-03 07:48:01,19,0.1038205197599334,0.46599999999999997,normal,Cold-start: score vs population baseline (confidence ramping)
SES_0001840,USR_0048,user,2026-01-03 07:55:16,20,0.0722799764186486,0.48,normal,Cold-start: score vs population baseline (confidence ramping)
SES_0001845,USR_0048,user,2026-01-03 07:57:35,21,0.0928451439861627,0.494,normal,Cold-start: score vs population baseline (confidence ramping)
SES_0001856,USR_0048,user,2026-01-03 08:09:49,22,0.0780454084453088,0.508,normal,Cold-start: score vs population baseline (confidence ramping)
SES_0002544,USR_0048,user,2026-01-03 21:12:32,23,0.1728738072577117,0.522,normal,Cold-start: score vs population baseline (confidence ramping)
SES_0002556,USR_0048,user,2026-01-03 21:23:42,24,0.1740668939370041,0.536,normal,Cold-start: score vs population baseline (confidence ramping)
SES_0002561,USR_0048,user,2026-01-03 21:31:35,25,0.1869211103349776,0.55,normal,Cold-start: score vs population baseline (confidence ramping)
SES_0002661,USR_0048,user,2026-01-04 07:21:00,26,0.0788959467112138,0.5640000000000001,normal,Cold-start: score vs population baseline (confidence ramping)
SES_0002692,USR_0048,user,2026-01-04 07:45:15,27,0.0873696790871537,0.5780000000000001,normal,Cold-start: score vs population baseline (confidence ramping)
SES_0002741,USR_0048,user,2026-01-04 08:25:14,28,0.0779089063923707,0.5920000000000001,normal,Cold-start: score vs population baseline (confidence ramping)
SES_0002749,USR_0048,user,2026-01-04 08:32:35,29,0.0845106572659751,0.606,normal,Cold-start: score vs population baseline (confidence ramping)
SES_0002772,USR_0048,user,2026-01-04 08:48:07,30,0.0683863778281414,0.62,normal,Cold-start: score vs population baseline (confidence ramping)
SES_0002776,USR_0048,user,2026-01-04 08:52:23,31,0.0777976134978086,0.634,normal,Cold-start: score vs population baseline (confidence ramping)
SES_0003039,USR_0048,user,2026-01-04 13:24:52,32,0.0947363664226683,0.6479999999999999,normal,Cold-start: score vs population baseline (confidence ramping)
SES_0003430,USR_0048,user,2026-01-04 21:03:25,33,0.195027542866657,0.6619999999999999,normal,Cold-start: score vs population baseline (confidence ramping)
SES_0003475,USR_0048,user,2026-01-04 21:49:11,34,0.2061006660613159,0.6759999999999999,normal,Cold-start: score vs population baseline (confidence ramping)
SES_0003588,USR_0048,user,2026-01-05 07:49:31,35,0.0570045851892769,0.69,normal,Cold-start: score vs population baseline (confidence ramping)
SES_0003923,USR_0048,user,2026-01-05 13:41:50,36,0.055211337281554,0.704,normal,Cold-start: score vs population baseline (confidence ramping)
SES_0004075,USR_0048,user,2026-01-05 16:10:15,37,0.1220393057347332,0.718,normal,Cold-start: score vs population baseline (confidence ramping)
SES_0004083,USR_0048,user,2026-01-05 16:17:45,38,0.073296008618045,0.732,normal,Cold-start: score vs population baseline (confidence ramping)
SES_0004101,USR_0048,user,2026-01-05 16:38:32,39,0.0464214519705656,0.746,normal,Cold-start: score vs population baseline (confidence ramping)
SES_0004330,USR_0048,user,2026-01-05 21:05:55,40,0.1798917070365639,0.76,normal,Cold-start: score vs population baseline (confidence ramping)
SES_0004450,USR_0048,user,2026-01-06 07:19:20,41,0.0560050653374865,0.774,normal,Cold-start: score vs population baseline (confidence ramping)
SES_0004501,USR_0048,user,2026-01-06 08:02:04,42,0.0547372395589312,0.788,normal,Cold-start: score vs population baseline (confidence ramping)
SES_0004793,USR_0048,user,2026-01-06 13:00:00,43,0.0428318900055348,0.802,normal,Cold-start: score vs population baseline (confidence ramping)
SES_0005246,USR_0048,user,2026-01-06 21:42:41,44,0.1471627118983116,0.8160000000000001,normal,Cold-start: score vs population baseline (confidence ramping)
SES_0005325,USR_0048,user,2026-01-07 07:20:45,45,0.0754406487744034,0.8300000000000001,normal,Cold-start: score vs population baseline (confidence ramping)
SES_0005429,USR_0048,user,2026-01-07 08:28:25,46,0.1101286124563827,0.8440000000000001,normal,Cold-start: score vs population baseline (confidence ramping)
SES_0005451,USR_0048,user,2026-01-07 08:52:49,47,0.0507429008117261,0.8579999999999999,normal,Cold-start: score vs population baseline (confidence ramping)
SES_0005699,USR_0048,user,2026-01-07 13:15:40,48,0.0515019698022102,0.8719999999999999,normal,Cold-start: score vs population baseline (confidence ramping)
SES_0005858,USR_0048,user,2026-01-07 16:12:42,49,0.0476046168698346,0.8859999999999999,normal,Cold-start: score vs population baseline (confidence ramping)
SES_0005894,USR_0048,user,2026-01-07 16:54:07,50,0.016012486376491,0.8999999999999999,normal,Cold-start: score vs population baseline (confidence ramping)
SES_0000080,USR_0049,user,2026-01-01 07:23:56,1,0.3258488478190087,0.21400000000000002,normal,Cold-start: score vs population baseline (confidence ramping)
SES_0000240,USR_0049,user,2026-01-01 10:13:56,2,0.2658740125997364,0.228,normal,Cold-start: score vs population baseline (confidence ramping)
SES_0000241,USR_0049,user,2026-01-01 10:16:03,3,0.1047157672099897,0.242,normal,Cold-start: score vs population baseline (confidence ramping)
SES_0000244,USR_0049,user,2026-01-01 10:17:31,4,0.1944185150460364,0.256,normal,Cold-start: score vs population baseline (confidence ramping)
SES_0000256,USR_0049,user,2026-01-01 10:31:31,5,0.0753020421926088,0.27,normal,Cold-start: score vs population baseline (confidence ramping)
SES_0000265,USR_0049,user,2026-01-01 10:41:59,6,0.0769237850600961,0.28400000000000003,normal,Cold-start: score vs population baseline (confidence ramping)
SES_0000278,USR_0049,user,2026-01-01 10:55:04,7,0.0835372703137315,0.29800000000000004,normal,Cold-start: score vs population baseline (confidence ramping)
SES_0000285,USR_0049,user,2026-01-01 11:01:43,8,0.0994953655879922,0.312,normal,Cold-start: score vs population baseline (confidence ramping)
SES_0000522,USR_0049,user,2026-01-01 15:00:04,9,0.18140880529818,0.326,normal,Cold-start: score vs population baseline (confidence ramping)
SES_0000554,USR_0049,user,2026-01-01 15:35:30,10,0.1733767693454327,0.33999999999999997,normal,Cold-start: score vs population baseline (confidence ramping)
SES_0000997,USR_0049,user,2026-01-02 07:34:05,11,0.0679543508612609,0.354,normal,Cold-start: score vs population baseline (confidence ramping)
SES_0001159,USR_0049,user,2026-01-02 10:54:47,12,0.0476906321294762,0.368,normal,Cold-start: score vs population baseline (confidence ramping)
SES_0001192,USR_0049,user,2026-01-02 11:34:06,13,0.1793492949470064,0.382,normal,Cold-start: score vs population baseline (confidence ramping)
SES_0001413,USR_0049,user,2026-01-02 15:59:27,14,0.0496255617214495,0.396,normal,Cold-start: score vs population baseline (confidence ramping)
SES_0001782,USR_0049,user,2026-01-03 07:19:54,15,0.1012039532396862,0.41000000000000003,normal,Cold-start: score vs population baseline (confidence ramping)
SES_0001797,USR_0049,user,2026-01-03 07:27:28,16,0.1356726059454547,0.424,normal,Cold-start: score vs population baseline (confidence ramping)
SES_0001844,USR_0049,user,2026-01-03 07:57:23,17,0.1099430788918731,0.438,normal,Cold-start: score vs population baseline (confidence ramping)
SES_0001957,USR_0049,user,2026-01-03 10:02:58,18,0.090830955787348,0.452,normal,Cold-start: score vs population baseline (confidence ramping)
SES_0001961,USR_0049,user,2026-01-03 10:04:21,19,0.0986408015809368,0.46599999999999997,normal,Cold-start: score vs population baseline (confidence ramping)
SES_0001984,USR_0049,user,2026-01-03 10:24:15,20,0.097633521645556,0.48,normal,Cold-start: score vs population baseline (confidence ramping)
SES_0002015,USR_0049,user,2026-01-03 11:00:53,21,0.1500648887761941,0.494,normal,Cold-start: score vs population baseline (confidence ramping)
SES_0002027,USR_0049,user,2026-01-03 11:14:31,22,0.2742351744017641,0.508,normal,Cold-start: score vs population baseline (confidence ramping)
SES_0002031,USR_0049,user,2026-01-03 11:19:08,23,0.2167636968717551,0.522,normal,Cold-start: score vs population baseline (confidence ramping)
SES_0002233,USR_0049,user,2026-01-03 15:19:43,24,0.0745534456760719,0.536,normal,Cold-start: score vs population baseline (confidence ramping)
SES_0002247,USR_0049,user,2026-01-03 15:36:17,25,0.079802315804288,0.55,normal,Cold-start: score vs population baseline (confidence ramping)
SES_0002250,USR_0049,user,2026-01-03 15:39:57,26,0.0791859803930917,0.5640000000000001,normal,Cold-start: score vs population baseline (confidence ramping)
SES_0002260,USR_0049,user,2026-01-03 15:48:40,27,0.086662942529874,0.5780000000000001,normal,Cold-start: score vs population baseline (confidence ramping)
SES_0002262,USR_0049,user,2026-01-03 15:50:14,28,0.3646196058117624,0.5920000000000001,normal,Cold-start: score vs population baseline (confidence ramping)
SES_0002633,USR_0049,user,2026-01-04 07:04:25,29,0.1120086681218287,0.606,normal,Cold-start: score vs population baseline (confidence ramping)
SES_0002858,USR_0049,user,2026-01-04 10:26:45,30,0.1143018823254398,0.62,normal,Cold-start: score vs population baseline (confidence ramping)
SES_0003126,USR_0049,user,2026-01-04 15:12:35,31,0.119721257223028,0.634,normal,Cold-start: score vs population baseline (confidence ramping)
SES_0003137,USR_0049,user,2026-01-04 15:17:15,32,0.0878866182321642,0.6479999999999999,normal,Cold-start: score vs population baseline (confidence ramping)
SES_0003153,USR_0049,user,2026-01-04 15:33:44,33,0.135213343043733,0.6619999999999999,normal,Cold-start: score vs population baseline (confidence ramping)
SES_0003183,USR_0049,user,2026-01-04 15:56:48,34,0.0886747814940066,0.6759999999999999,normal,Cold-start: score vs population baseline (confidence ramping)
SES_0003589,USR_0049,user,2026-01-05 07:52:11,35,0.0833040174147183,0.69,normal,Cold-start: score vs population baseline (confidence ramping)
SES_0003711,USR_0049,user,2026-01-05 10:06:00,36,0.0826502946514181,0.704,normal,Cold-start: score vs population baseline (confidence ramping)
SES_0003712,USR_0049,user,2026-01-05 10:08:50,37,0.0803514549853889,0.718,normal,Cold-start: score vs population baseline (confidence ramping)
SES_0003814,USR_0049,user,2026-01-05 11:49:58,38,0.0642320583392514,0.732,normal,Cold-start: score vs population baseline (confidence ramping)
SES_0004018,USR_0049,user,2026-01-05 15:20:24,39,0.0750295709022816,0.746,normal,Cold-start: score vs population baseline (confidence ramping)
SES_0004036,USR_0049,user,2026-01-05 15:39:12,40,0.107184831950311,0.76,normal,Cold-start: score vs population baseline (confidence ramping)
SES_0004046,USR_0049,user,2026-01-05 15:48:36,41,0.066724830080478,0.774,normal,Cold-start: score vs population baseline (confidence ramping)
SES_0004489,USR_0049,user,2026-01-06 07:52:07,42,0.0716770839762332,0.788,normal,Cold-start: score vs population baseline (confidence ramping)
SES_0004494,USR_0049,user,2026-01-06 07:54:09,43,0.0837703235710067,0.802,normal,Cold-start: score vs population baseline (confidence ramping)
SES_0004700,USR_0049,user,2026-01-06 11:03:01,44,0.0670421826514107,0.8160000000000001,normal,Cold-start: score vs population baseline (confidence ramping)
SES_0004912,USR_0049,user,2026-01-06 15:14:22,45,0.0684447203796923,0.8300000000000001,normal,Cold-start: score vs population baseline (confidence ramping)
SES_0004916,USR_0049,user,2026-01-06 15:19:06,46,0.0739984450732065,0.8440000000000001,normal,Cold-start: score vs population baseline (confidence ramping)
SES_0004919,USR_0049,user,2026-01-06 15:22:53,47,0.0606180278435743,0.8579999999999999,normal,Cold-start: score vs population baseline (confidence ramping)
SES_0005524,USR_0049,user,2026-01-07 10:04:38,48,0.0404080427260793,0.8719999999999999,normal,Cold-start: score vs population baseline (confidence ramping)
SES_0005536,USR_0049,user,2026-01-07 10:18:38,49,0.0542616260636707,0.8859999999999999,normal,Cold-start: score vs population baseline (confidence ramping)
SES_0005619,USR_0049,user,2026-01-07 11:41:18,50,0.0627906503329001,0.8999999999999999,normal,Cold-start: score vs population baseline (confidence ramping)
SES_0000202,USR_0050,user,2026-01-01 09:32:16,1,0.3384584167468439,0.21400000000000002,normal,Cold-start: score vs population baseline (confidence ramping)
SES_0000279,USR_0050,user,2026-01-01 10:55:08,2,0.2718708334319646,0.228,normal,Cold-start: score vs population baseline (confidence ramping)
SES_0000619,USR_0050,user,2026-01-01 16:56:53,3,0.1941485151822432,0.242,normal,Cold-start: score vs population baseline (confidence ramping)
SES_0000651,USR_0050,user,2026-01-01 17:26:43,4,0.1548176908125635,0.256,normal,Cold-start: score vs population baseline (confidence ramping)
SES_0000668,USR_0050,user,2026-01-01 17:41:10,5,0.0646196328358318,0.27,normal,Cold-start: score vs population baseline (confidence ramping)
SES_0001082,USR_0050,user,2026-01-02 09:09:47,6,0.1692549518949148,0.28400000000000003,normal,Cold-start: score vs population baseline (confidence ramping)
SES_0001093,USR_0050,user,2026-01-02 09:18:27,7,0.0594977391384242,0.29800000000000004,normal,Cold-start: score vs population baseline (confidence ramping)
SES_0001096,USR_0050,user,2026-01-02 09:22:59,8,0.063753989540133,0.312,normal,Cold-start: score vs population baseline (confidence ramping)
SES_0001138,USR_0050,user,2026-01-02 10:23:30,9,0.2078089782344158,0.326,normal,Cold-start: score vs population baseline (confidence ramping)
SES_0001458,USR_0050,user,2026-01-02 16:56:19,10,0.1029037588736697,0.33999999999999997,normal,Cold-start: score vs population baseline (confidence ramping)
SES_0001505,USR_0050,user,2026-01-02 17:50:00,11,0.1154227790851298,0.354,normal,Cold-start: score vs population baseline (confidence ramping)
SES_0001518,USR_0050,user,2026-01-02 18:01:46,12,0.2098729320904705,0.368,normal,Cold-start: score vs population baseline (confidence ramping)
SES_0001542,USR_0050,user,2026-01-02 18:30:54,13,0.0773343490517948,0.382,normal,Cold-start: score vs population baseline (confidence ramping)
SES_0001907,USR_0050,user,2026-01-03 09:07:07,14,0.0912469778793439,0.396,normal,Cold-start: score vs population baseline (confidence ramping)
SES_0001913,USR_0050,user,2026-01-03 09:15:20,15,0.3902403684506653,0.41000000000000003,normal,Cold-start: score vs population baseline (confidence ramping)
SES_0001916,USR_0050,user,2026-01-03 09:17:31,16,0.3662514036147447,0.424,normal,Cold-start: score vs population baseline (confidence ramping)
SES_0001959,USR_0050,user,2026-01-03 10:03:57,17,0.1592530728593151,0.438,normal,Cold-start: score vs population baseline (confidence ramping)
SES_0002276,USR_0050,user,2026-01-03 16:03:31,18,0.0986108028023608,0.452,normal,Cold-start: score vs population baseline (confidence ramping)
SES_0002333,USR_0050,user,2026-01-03 16:55:38,19,0.097552739464328,0.46599999999999997,normal,Cold-start: score vs population baseline (confidence ramping)
SES_0002830,USR_0050,user,2026-01-04 10:00:34,20,0.1221677737105712,0.48,normal,Cold-start: score vs population baseline (confidence ramping)
SES_0002868,USR_0050,user,2026-01-04 10:38:10,21,0.1188333144060081,0.494,normal,Cold-start: score vs population baseline (confidence ramping)
SES_0003272,USR_0050,user,2026-01-04 17:46:41,22,0.0954811464696969,0.508,normal,Cold-start: score vs population baseline (confidence ramping)
SES_0003659,USR_0050,user,2026-01-05 09:18:16,23,0.086276587739588,0.522,normal,Cold-start: score vs population baseline (confidence ramping)
SES_0003683,USR_0050,user,2026-01-05 09:38:59,24,0.0565624990326867,0.536,normal,Cold-start: score vs population baseline (confidence ramping)
SES_0003737,USR_0050,user,2026-01-05 10:32:26,25,0.0750702632139885,0.55,normal,Cold-start: score vs population baseline (confidence ramping)
SES_0004134,USR_0050,user,2026-01-05 17:15:44,26,0.1732423971824177,0.5640000000000001,normal,Cold-start: score vs population baseline (confidence ramping)
SES_0004182,USR_0050,user,2026-01-05 18:03:35,27,0.1444391962059249,0.5780000000000001,normal,Cold-start: score vs population baseline (confidence ramping)
SES_0004218,USR_0050,user,2026-01-05 18:44:08,28,0.1142614694751611,0.5920000000000001,normal,Cold-start: score vs population baseline (confidence ramping)
SES_0004592,USR_0050,user,2026-01-06 09:32:40,29,0.1140296050649248,0.606,normal,Cold-start: score vs population baseline (confidence ramping)
SES_0004625,USR_0050,user,2026-01-06 10:00:50,30,0.2308630090724606,0.62,normal,Cold-start: score vs population baseline (confidence ramping)
SES_0004654,USR_0050,user,2026-01-06 10:24:24,31,0.2308795864514183,0.634,normal,Cold-start: score vs population baseline (confidence ramping)
SES_0004991,USR_0050,user,2026-01-06 16:42:56,32,0.1043959258298642,0.6479999999999999,normal,Cold-start: score vs population baseline (confidence ramping)
SES_0005067,USR_0050,user,2026-01-06 17:59:19,33,0.0866067166011689,0.6619999999999999,normal,Cold-start: score vs population baseline (confidence ramping)
SES_0005472,USR_0050,user,2026-01-07 09:14:44,34,0.0570110167316992,0.6759999999999999,normal,Cold-start: score vs population baseline (confidence ramping)
SES_0005479,USR_0050,user,2026-01-07 09:19:38,35,0.1737132283307751,0.69,normal,Cold-start: score vs population baseline (confidence ramping)
SES_0005520,USR_0050,user,2026-01-07 10:03:05,36,0.0690582075229743,0.704,normal,Cold-start: score vs population baseline (confidence ramping)
SES_0005542,USR_0050,user,2026-01-07 10:20:51,37,0.0581566037031438,0.718,normal,Cold-start: score vs population baseline (confidence ramping)
SES_0005574,USR_0050,user,2026-01-07 10:53:35,38,0.058281135609106,0.732,normal,Cold-start: score vs population baseline (confidence ramping)
SES_0005861,USR_0050,user,2026-01-07 16:13:40,39,0.1563982383020982,0.746,normal,Cold-start: score vs population baseline (confidence ramping)
SES_0005878,USR_0050,user,2026-01-07 16:32:00,40,0.0418424566365808,0.76,normal,Cold-start: score vs population baseline (confidence ramping)
SES_0005969,USR_0050,user,2026-01-07 18:30:10,41,0.0571647648487278,0.774,normal,Cold-start: score vs population baseline (confidence ramping)
SES_0006353,USR_0050,user,2026-01-08 09:24:46,42,0.0668953242936355,0.788,normal,Cold-start: score vs population baseline (confidence ramping)
SES_0006396,USR_0050,user,2026-01-08 09:58:52,43,0.0703337675797318,0.802,normal,Cold-start: score vs population baseline (confidence ramping)
SES_0006436,USR_0050,user,2026-01-08 10:34:45,44,0.1425810685068534,0.8160000000000001,normal,Cold-start: score vs population baseline (confidence ramping)
SES_0006449,USR_0050,user,2026-01-08 10:45:57,45,0.0687426439385762,0.8300000000000001,normal,Cold-start: score vs population baseline (confidence ramping)
SES_0006734,USR_0050,user,2026-01-08 16:08:57,46,0.0703290488853324,0.8440000000000001,normal,Cold-start: score vs population baseline (confidence ramping)
SES_0006756,USR_0050,user,2026-01-08 16:29:02,47,0.0427430603003594,0.8579999999999999,normal,Cold-start: score vs population baseline (confidence ramping)
SES_0006827,USR_0050,user,2026-01-08 17:49:07,48,0.080872253255055,0.8719999999999999,normal,Cold-start: score vs population baseline (confidence ramping)
SES_0006830,USR_0050,user,2026-01-08 17:51:03,49,0.4343990850893277,0.8859999999999999,normal,Cold-start: score vs population baseline (confidence ramping)
SES_0007243,USR_0050,user,2026-01-09 09:45:02,50,0.0552127017747876,0.8999999999999999,normal,Cold-start: score vs population baseline (confidence ramping)
SES_0000003,USR_0051,user,2026-01-01 06:03:59,1,0.3859979347413197,0.21400000000000002,normal,Cold-start: score vs population baseline (confidence ramping)
SES_0000017,USR_0051,user,2026-01-01 06:31:09,2,0.3301290332398761,0.228,normal,Cold-start: score vs population baseline (confidence ramping)
SES_0000021,USR_0051,user,2026-01-01 06:33:07,3,0.3207607049585986,0.242,normal,Cold-start: score vs population baseline (confidence ramping)
SES_0000348,USR_0051,user,2026-01-01 12:05:10,4,0.0782433101261111,0.256,normal,Cold-start: score vs population baseline (confidence ramping)
SES_0000379,USR_0051,user,2026-01-01 12:34:29,5,0.2161649276527736,0.27,normal,Cold-start: score vs population baseline (confidence ramping)
SES_0000380,USR_0051,user,2026-01-01 12:34:33,6,0.1569092869119702,0.28400000000000003,normal,Cold-start: score vs population baseline (confidence ramping)
SES_0000382,USR_0051,user,2026-01-01 12:35:11,7,0.1178434893978016,0.29800000000000004,normal,Cold-start: score vs population baseline (confidence ramping)
SES_0000406,USR_0051,user,2026-01-01 12:53:16,8,0.1621520459952831,0.312,normal,Cold-start: score vs population baseline (confidence ramping)
SES_0000595,USR_0051,user,2026-01-01 16:30:21,9,0.1059538144427038,0.326,normal,Cold-start: score vs population baseline (confidence ramping)
SES_0000760,USR_0051,user,2026-01-01 19:24:02,10,0.0959442965169982,0.33999999999999997,normal,Cold-start: score vs population baseline (confidence ramping)
SES_0000764,USR_0051,user,2026-01-01 19:26:55,11,0.2112498365438924,0.354,normal,Cold-start: score vs population baseline (confidence ramping)
SES_0000788,USR_0051,user,2026-01-01 19:50:56,12,0.1274715475390671,0.368,normal,Cold-start: score vs population baseline (confidence ramping)
SES_0000921,USR_0051,user,2026-01-02 06:19:43,13,0.2032195452549706,0.382,normal,Cold-start: score vs population baseline (confidence ramping)
SES_0000941,USR_0051,user,2026-01-02 06:46:09,14,0.30554227073619,0.396,normal,Cold-start: score vs population baseline (confidence ramping)
SES_0001443,USR_0051,user,2026-01-02 16:36:50,15,0.1212610477498024,0.41000000000000003,normal,Cold-start: score vs population baseline (confidence ramping)
SES_0001565,USR_0051,user,2026-01-02 19:07:15,16,0.1440752992670116,0.424,normal,Cold-start: score vs population baseline (confidence ramping)
SES_0001579,USR_0051,user,2026-01-02 19:21:58,17,0.1154509847064096,0.438,normal,Cold-start: score vs population baseline (confidence ramping)
SES_0001598,USR_0051,user,2026-01-02 19:42:38,18,0.1108670640305091,0.452,normal,Cold-start: score vs population baseline (confidence ramping)
SES_0001604,USR_0051,user,2026-01-02 19:51:22,19,0.1049141583434363,0.46599999999999997,normal,Cold-start: score vs population baseline (confidence ramping)
SES_0001605,USR_0051,user,2026-01-02 19:51:51,20,0.1487033696670471,0.48,normal,Cold-start: score vs population baseline (confidence ramping)
SES_0002071,USR_0051,user,2026-01-03 12:03:45,21,0.1258125708880929,0.494,normal,Cold-start: score vs population baseline (confidence ramping)
SES_0002073,USR_0051,user,2026-01-03 12:05:04,22,0.1304321870944642,0.508,normal,Cold-start: score vs population baseline (confidence ramping)
SES_0002083,USR_0051,user,2026-01-03 12:18:20,23,0.1272743000484946,0.522,normal,Cold-start: score vs population baseline (confidence ramping)
SES_0002085,USR_0051,user,2026-01-03 12:20:08,24,0.1086562167777859,0.536,normal,Cold-start: score vs population baseline (confidence ramping)
SES_0002105,USR_0051,user,2026-01-03 12:43:30,25,0.0986791882757223,0.55,normal,Cold-start: score vs population baseline (confidence ramping)
SES_0002275,USR_0051,user,2026-01-03 16:02:29,26,0.1092361335039959,0.5640000000000001,normal,Cold-start: score vs population baseline (confidence ramping)
SES_0002977,USR_0051,user,2026-01-04 12:20:32,27,0.1149195603825983,0.5780000000000001,normal,Cold-start: score vs population baseline (confidence ramping)
SES_0003192,USR_0051,user,2026-01-04 16:12:36,28,0.0956278274297871,0.5920000000000001,normal,Cold-start: score vs population baseline (confidence ramping)
SES_0003227,USR_0051,user,2026-01-04 16:50:38,29,0.1787463929871079,0.606,normal,Cold-start: score vs population baseline (confidence ramping)
SES_0003368,USR_0051,user,2026-01-04 19:36:35,30,0.1357374288779777,0.62,normal,Cold-start: score vs population baseline (confidence ramping)
SES_0003370,USR_0051,user,2026-01-04 19:38:41,31,0.1245466637558129,0.634,normal,Cold-start: score vs population baseline (confidence ramping)
SES_0004071,USR_0051,user,2026-01-05 16:09:24,32,0.0912386481396132,0.6479999999999999,normal,Cold-start: score vs population baseline (confidence ramping)
SES_0004092,USR_0051,user,2026-01-05 16:26:12,33,0.0907411099750524,0.6619999999999999,normal,Cold-start: score vs population baseline (confidence ramping)
SES_0004250,USR_0051,user,2026-01-05 19:29:55,34,0.0763057359258015,0.6759999999999999,normal,Cold-start: score vs population baseline (confidence ramping)
SES_0004740,USR_0051,user,2026-01-06 12:03:25,35,0.0764377509560121,0.69,normal,Cold-start: score vs population baseline (confidence ramping)
SES_0004845,USR_0051,user,2026-01-06 14:00:00,36,0.223189119521495,0.704,edge_case,Cold-start: score vs population baseline (confidence ramping)
SES_0004955,USR_0051,user,2026-01-06 16:06:47,37,0.04953392508903,0.718,normal,Cold-start: score vs population baseline (confidence ramping)
SES_0004972,USR_0051,user,2026-01-06 16:27:12,38,0.1717656502545526,0.732,normal,Cold-start: score vs population baseline (confidence ramping)
SES_0005008,USR_0051,user,2026-01-06 16:57:39,39,0.0630490374357397,0.746,normal,Cold-start: score vs population baseline (confidence ramping)
SES_0005130,USR_0051,user,2026-01-06 19:16:08,40,0.0869482293735359,0.76,normal,Cold-start: score vs population baseline (confidence ramping)
SES_0005133,USR_0051,user,2026-01-06 19:16:44,41,0.0486445562856107,0.774,normal,Cold-start: score vs population baseline (confidence ramping)
SES_0005163,USR_0051,user,2026-01-06 19:49:48,42,0.0775978828423234,0.788,normal,Cold-start: score vs population baseline (confidence ramping)
SES_0005265,USR_0051,user,2026-01-07 06:06:09,43,0.1699525857802618,0.802,normal,Cold-start: score vs population baseline (confidence ramping)
SES_0005301,USR_0051,user,2026-01-07 06:50:50,44,0.1458433144845057,0.8160000000000001,normal,Cold-start: score vs population baseline (confidence ramping)
SES_0005874,USR_0051,user,2026-01-07 16:27:06,45,0.0611768061986557,0.8300000000000001,normal,Cold-start: score vs population baseline (confidence ramping)
SES_0006005,USR_0051,user,2026-01-07 19:07:25,46,0.0410873440083632,0.8440000000000001,normal,Cold-start: score vs population baseline (confidence ramping)
SES_0006037,USR_0051,user,2026-01-07 19:50:53,47,0.0555399734241535,0.8579999999999999,normal,Cold-start: score vs population baseline (confidence ramping)
SES_0006038,USR_0051,user,2026-01-07 19:52:13,48,0.0470240416662761,0.8719999999999999,normal,Cold-start: score vs population baseline (confidence ramping)
SES_0006156,USR_0051,user,2026-01-08 06:14:44,49,0.1686469606065885,0.8859999999999999,normal,Cold-start: score vs population baseline (confidence ramping)
SES_0006181,USR_0051,user,2026-01-08 06:59:57,50,0.1439693398164354,0.8999999999999999,normal,Cold-start: score vs population baseline (confidence ramping)
SES_0000269,USR_0052,user,2026-01-01 10:47:28,1,0.3310994059410001,0.21400000000000002,normal,Cold-start: score vs population baseline (confidence ramping)
SES_0000485,USR_0052,user,2026-01-01 14:19:55,2,0.288308766881228,0.228,normal,Cold-start: score vs population baseline (confidence ramping)
SES_0000544,USR_0052,user,2026-01-01 15:25:53,3,0.1426046403502829,0.242,normal,Cold-start: score vs population baseline (confidence ramping)
SES_0000716,USR_0052,user,2026-01-01 18:23:22,4,0.2042934803886219,0.256,normal,Cold-start: score vs population baseline (confidence ramping)
SES_0000875,USR_0052,user,2026-01-01 21:24:42,5,0.235679432572055,0.27,normal,Cold-start: score vs population baseline (confidence ramping)
SES_0000902,USR_0052,user,2026-01-01 21:51:24,6,0.2216929305471296,0.28400000000000003,normal,Cold-start: score vs population baseline (confidence ramping)
SES_0001290,USR_0052,user,2026-01-02 13:22:01,7,0.0289010498848048,0.29800000000000004,normal,Cold-start: score vs population baseline (confidence ramping)
SES_0001301,USR_0052,user,2026-01-02 13:32:14,8,0.1937318267832398,0.312,normal,Cold-start: score vs population baseline (confidence ramping)
SES_0001306,USR_0052,user,2026-01-02 13:39:29,9,0.040850930257566,0.326,normal,Cold-start: score vs population baseline (confidence ramping)
SES_0001349,USR_0052,user,2026-01-02 14:24:26,10,0.0718155019635106,0.33999999999999997,normal,Cold-start: score vs population baseline (confidence ramping)
SES_0001377,USR_0052,user,2026-01-02 15:09:09,11,0.1171766192234987,0.354,normal,Cold-start: score vs population baseline (confidence ramping)
SES_0001510,USR_0052,user,2026-01-02 17:56:18,12,0.0727566711855454,0.368,normal,Cold-start: score vs population baseline (confidence ramping)
SES_0001695,USR_0052,user,2026-01-02 21:49:04,13,0.211674400248293,0.382,normal,Cold-start: score vs population baseline (confidence ramping)
SES_0002112,USR_0052,user,2026-01-03 12:52:19,14,0.1425366176116416,0.396,normal,Cold-start: score vs population baseline (confidence ramping)
SES_0002140,USR_0052,user,2026-01-03 13:18:34,15,0.2451715696452719,0.41000000000000003,normal,Cold-start: score vs population baseline (confidence ramping)
SES_0002223,USR_0052,user,2026-01-03 15:08:18,16,0.1746238587146148,0.424,normal,Cold-start: score vs population baseline (confidence ramping)
SES_0002379,USR_0052,user,2026-01-03 17:47:38,17,0.1133743841181578,0.438,normal,Cold-start: score vs population baseline (confidence ramping)
SES_0002387,USR_0052,user,2026-01-03 17:54:15,18,0.0962392674451353,0.452,normal,Cold-start: score vs population baseline (confidence ramping)
SES_0002401,USR_0052,user,2026-01-03 18:07:14,19,0.1681250159218873,0.46599999999999997,normal,Cold-start: score vs population baseline (confidence ramping)
SES_0002564,USR_0052,user,2026-01-03 21:36:58,20,0.1728546240923236,0.48,normal,Cold-start: score vs population baseline (confidence ramping)
SES_0002582,USR_0052,user,2026-01-03 21:54:48,21,0.2459358996694456,0.494,normal,Cold-start: score vs population baseline (confidence ramping)
SES_0002840,USR_0052,user,2026-01-04 10:07:00,22,0.1220892803222781,0.508,normal,Cold-start: score vs population baseline (confidence ramping)
SES_0002841,USR_0052,user,2026-01-04 10:07:01,23,0.113640918946649,0.522,normal,Cold-start: score vs population baseline (confidence ramping)
SES_0002877,USR_0052,user,2026-01-04 10:44:12,24,0.1261049086523633,0.536,normal,Cold-start: score vs population baseline (confidence ramping)
SES_0003046,USR_0052,user,2026-01-04 13:34:00,25,0.1118123233952973,0.55,normal,Cold-start: score vs population baseline (confidence ramping)
SES_0003055,USR_0052,user,2026-01-04 13:46:16,26,0.0824585407812323,0.5640000000000001,normal,Cold-start: score vs population baseline (confidence ramping)
SES_0003113,USR_0052,user,2026-01-04 14:56:22,27,0.1289868613732145,0.5780000000000001,normal,Cold-start: score vs population baseline (confidence ramping)
SES_0003116,USR_0052,user,2026-01-04 14:59:44,28,0.1265158660122403,0.5920000000000001,normal,Cold-start: score vs population baseline (confidence ramping)
SES_0003179,USR_0052,user,2026-01-04 15:52:58,29,0.1080441703190477,0.606,normal,Cold-start: score vs population baseline (confidence ramping)
SES_0003265,USR_0052,user,2026-01-04 17:43:59,30,0.0825386807861819,0.62,normal,Cold-start: score vs population baseline (confidence ramping)
SES_0003296,USR_0052,user,2026-01-04 18:15:12,31,0.081839151634906,0.634,normal,Cold-start: score vs population baseline (confidence ramping)
SES_0003313,USR_0052,user,2026-01-04 18:38:25,32,0.1194996883829943,0.6479999999999999,normal,Cold-start: score vs population baseline (confidence ramping)
SES_0003485,USR_0052,user,2026-01-04 21:57:29,33,0.2264925164162997,0.6619999999999999,normal,Cold-start: score vs population baseline (confidence ramping)
SES_0003716,USR_0052,user,2026-01-05 10:12:47,34,0.1055711985674405,0.6759999999999999,normal,Cold-start: score vs population baseline (confidence ramping)
SES_0003904,USR_0052,user,2026-01-05 13:31:17,35,0.1104413581821253,0.69,normal,Cold-start: score vs population baseline (confidence ramping)
SES_0003958,USR_0052,user,2026-01-05 14:17:22,36,0.1290740523105437,0.704,normal,Cold-start: score vs population baseline (confidence ramping)
SES_0004021,USR_0052,user,2026-01-05 15:21:16,37,0.141092201569989,0.718,normal,Cold-start: score vs population baseline (confidence ramping)
SES_0004128,USR_0052,user,2026-01-05 17:09:06,38,0.1343868408079204,0.732,normal,Cold-start: score vs population baseline (confidence ramping)
SES_0004194,USR_0052,user,2026-01-05 18:21:13,39,0.1750889853609706,0.746,normal,Cold-start: score vs population baseline (confidence ramping)
SES_0004216,USR_0052,user,2026-01-05 18:43:54,40,0.2402485236468362,0.76,normal,Cold-start: score vs population baseline (confidence ramping)
SES_0004223,USR_0052,user,2026-01-05 18:52:00,41,0.3259459331821233,0.774,normal,Cold-start: score vs population baseline (confidence ramping)
SES_0004647,USR_0052,user,2026-01-06 10:13:18,42,0.1366172431795548,0.788,normal,Cold-start: score vs population baseline (confidence ramping)
SES_0004668,USR_0052,user,2026-01-06 10:36:29,43,0.1356531993147652,0.802,normal,Cold-start: score vs population baseline (confidence ramping)
SES_0004680,USR_0052,user,2026-01-06 10:47:58,44,0.0656990971058226,0.8160000000000001,normal,Cold-start: score vs population baseline (confidence ramping)
SES_0004750,USR_0052,user,2026-01-06 12:16:46,45,0.0760924111090306,0.8300000000000001,normal,Cold-start: score vs population baseline (confidence ramping)
SES_0004781,USR_0052,user,2026-01-06 12:46:44,46,0.0119757308118808,0.8440000000000001,normal,Cold-start: score vs population baseline (confidence ramping)
SES_0004850,USR_0052,user,2026-01-06 14:06:51,47,0.0131791326958416,0.8579999999999999,normal,Cold-start: score vs population baseline (confidence ramping)
SES_0004921,USR_0052,user,2026-01-06 15:24:23,48,0.0424475329871003,0.8719999999999999,normal,Cold-start: score vs population baseline (confidence ramping)
SES_0005026,USR_0052,user,2026-01-06 17:14:56,49,0.0525018492749819,0.8859999999999999,normal,Cold-start: score vs population baseline (confidence ramping)
SES_0005083,USR_0052,user,2026-01-06 18:15:10,50,0.0832909194133911,0.8999999999999999,normal,Cold-start: score vs population baseline (confidence ramping)
SES_0000151,USR_0053,user,2026-01-01 08:34:07,1,0.3426267062437536,0.21400000000000002,normal,Cold-start: score vs population baseline (confidence ramping)
SES_0000229,USR_0053,user,2026-01-01 09:58:26,2,0.2789743732559815,0.228,normal,Cold-start: score vs population baseline (confidence ramping)
SES_0000230,USR_0053,user,2026-01-01 09:59:28,3,0.2241880989852064,0.242,normal,Cold-start: score vs population baseline (confidence ramping)
SES_0000293,USR_0053,user,2026-01-01 11:11:58,4,0.0967740375833974,0.256,normal,Cold-start: score vs population baseline (confidence ramping)
SES_0000302,USR_0053,user,2026-01-01 11:16:07,5,0.0732862857015001,0.27,normal,Cold-start: score vs population baseline (confidence ramping)
SES_0000345,USR_0053,user,2026-01-01 11:59:36,6,0.1338172828453632,0.28400000000000003,normal,Cold-start: score vs population baseline (confidence ramping)
SES_0000935,USR_0053,user,2026-01-02 06:40:09,7,0.3176738469008807,0.29800000000000004,normal,Cold-start: score vs population baseline (confidence ramping)
SES_0001112,USR_0053,user,2026-01-02 09:43:09,8,0.1178945973983001,0.312,normal,Cold-start: score vs population baseline (confidence ramping)
SES_0001115,USR_0053,user,2026-01-02 09:45:53,9,0.0923525694164213,0.326,normal,Cold-start: score vs population baseline (confidence ramping)
SES_0001291,USR_0053,user,2026-01-02 13:22:55,10,0.2207740580900452,0.33999999999999997,normal,Cold-start: score vs population baseline (confidence ramping)
SES_0001433,USR_0053,user,2026-01-02 16:28:48,11,0.1515650513414594,0.354,normal,Cold-start: score vs population baseline (confidence ramping)
SES_0001603,USR_0053,user,2026-01-02 19:51:01,12,0.1103748316627934,0.368,normal,Cold-start: score vs population baseline (confidence ramping)
SES_0001869,USR_0053,user,2026-01-03 08:19:41,13,0.1937265282492724,0.382,normal,Cold-start: score vs population baseline (confidence ramping)
SES_0001880,USR_0053,user,2026-01-03 08:31:57,14,0.203542975975537,0.396,normal,Cold-start: score vs population baseline (confidence ramping)
SES_0001887,USR_0053,user,2026-01-03 08:39:55,15,0.1572227319896287,0.41000000000000003,normal,Cold-start: score vs population baseline (confidence ramping)
SES_0001919,USR_0053,user,2026-01-03 09:20:17,16,0.1136807804823935,0.424,normal,Cold-start: score vs population baseline (confidence ramping)
SES_0001933,USR_0053,user,2026-01-03 09:37:21,17,0.109944447622916,0.438,normal,Cold-start: score vs population baseline (confidence ramping)
SES_0002025,USR_0053,user,2026-01-03 11:11:44,18,0.114256573914281,0.452,normal,Cold-start: score vs population baseline (confidence ramping)
SES_0002122,USR_0053,user,2026-01-03 13:03:41,19,0.1055084837199375,0.46599999999999997,normal,Cold-start: score vs population baseline (confidence ramping)
SES_0002164,USR_0053,user,2026-01-03 13:46:54,20,0.1396144821795645,0.48,normal,Cold-start: score vs population baseline (confidence ramping)
SES_0002166,USR_0053,user,2026-01-03 13:52:03,21,0.0822008124397211,0.494,normal,Cold-start: score vs population baseline (confidence ramping)
SES_0002489,USR_0053,user,2026-01-03 19:58:42,22,0.1227665691526318,0.508,normal,Cold-start: score vs population baseline (confidence ramping)
SES_0002625,USR_0053,user,2026-01-04 06:43:36,23,0.2233928796775633,0.522,normal,Cold-start: score vs population baseline (confidence ramping)
SES_0002752,USR_0053,user,2026-01-04 08:34:59,24,0.1015590468963966,0.536,normal,Cold-start: score vs population baseline (confidence ramping)
SES_0002770,USR_0053,user,2026-01-04 08:47:47,25,0.1053404213952551,0.55,normal,Cold-start: score vs population baseline (confidence ramping)
SES_0002775,USR_0053,user,2026-01-04 08:51:06,26,0.125247143630492,0.5640000000000001,normal,Cold-start: score vs population baseline (confidence ramping)
SES_0002789,USR_0053,user,2026-01-04 09:07:37,27,0.0973670794056394,0.5780000000000001,normal,Cold-start: score vs population baseline (confidence ramping)
SES_0002914,USR_0053,user,2026-01-04 11:24:34,28,0.0995900707946357,0.5920000000000001,normal,Cold-start: score vs population baseline (confidence ramping)
SES_0003015,USR_0053,user,2026-01-04 13:02:21,29,0.0805448847134654,0.606,normal,Cold-start: score vs population baseline (confidence ramping)
SES_0003026,USR_0053,user,2026-01-04 13:11:17,30,0.08073364708819,0.62,normal,Cold-start: score vs population baseline (confidence ramping)
SES_0003044,USR_0053,user,2026-01-04 13:30:49,31,0.0927275858202688,0.634,normal,Cold-start: score vs population baseline (confidence ramping)
SES_0003062,USR_0053,user,2026-01-04 13:56:58,32,0.0537193106543975,0.6479999999999999,normal,Cold-start: score vs population baseline (confidence ramping)
SES_0003064,USR_0053,user,2026-01-04 13:59:58,33,0.062701377594069,0.6619999999999999,normal,Cold-start: score vs population baseline (confidence ramping)
SES_0003516,USR_0053,user,2026-01-05 06:33:47,34,0.153309117593487,0.6759999999999999,normal,Cold-start: score vs population baseline (confidence ramping)
SES_0003618,USR_0053,user,2026-01-05 08:36:05,35,0.0478735742048197,0.69,normal,Cold-start: score vs population baseline (confidence ramping)
SES_0003938,USR_0053,user,2026-01-05 13:59:56,36,0.0512735019961631,0.704,normal,Cold-start: score vs population baseline (confidence ramping)
SES_0004089,USR_0053,user,2026-01-05 16:24:05,37,0.0972606195733612,0.718,normal,Cold-start: score vs population baseline (confidence ramping)
SES_0004511,USR_0053,user,2026-01-06 08:13:55,38,0.0597289872595668,0.732,normal,Cold-start: score vs population baseline (confidence ramping)
SES_0004523,USR_0053,user,2026-01-06 08:24:14,39,0.1928089504342112,0.746,normal,Cold-start: score vs population baseline (confidence ramping)
SES_0004579,USR_0053,user,2026-01-06 09:19:52,40,0.0662700806701216,0.76,normal,Cold-start: score vs population baseline (confidence ramping)
SES_0004611,USR_0053,user,2026-01-06 09:52:00,41,0.0381871537495976,0.774,normal,Cold-start: score vs population baseline (confidence ramping)
SES_0004716,USR_0053,user,2026-01-06 11:28:34,42,0.0702892431648467,0.788,normal,Cold-start: score vs population baseline (confidence ramping)
SES_0004730,USR_0053,user,2026-01-06 11:48:11,43,0.029697210910743,0.802,normal,Cold-start: score vs population baseline (confidence ramping)
SES_0004833,USR_0053,user,2026-01-06 13:50:30,44,0.0355907360615799,0.8160000000000001,normal,Cold-start: score vs population baseline (confidence ramping)
SES_0005149,USR_0053,user,2026-01-06 19:34:05,45,0.0999518974217002,0.8300000000000001,normal,Cold-start: score vs population baseline (confidence ramping)
SES_0005158,USR_0053,user,2026-01-06 19:45:53,46,0.0940497070916743,0.8440000000000001,normal,Cold-start: score vs population baseline (confidence ramping)
SES_0005495,USR_0053,user,2026-01-07 09:42:23,47,0.0277913626191796,0.8579999999999999,normal,Cold-start: score vs population baseline (confidence ramping)
SES_0005507,USR_0053,user,2026-01-07 09:54:17,48,0.0584370133119168,0.8719999999999999,normal,Cold-start: score vs population baseline (confidence ramping)
SES_0005620,USR_0053,user,2026-01-07 11:43:03,49,0.0477166711038494,0.8859999999999999,normal,Cold-start: score vs population baseline (confidence ramping)
SES_0005730,USR_0053,user,2026-01-07 13:54:09,50,0.0140777266593936,0.8999999999999999,normal,Cold-start: score vs population baseline (confidence ramping)
SES_0000374,USR_0054,user,2026-01-01 12:28:42,1,0.324721630956657,0.21400000000000002,normal,Cold-start: score vs population baseline (confidence ramping)
SES_0000381,USR_0054,user,2026-01-01 12:35:04,2,0.2919761495119966,0.228,normal,Cold-start: score vs population baseline (confidence ramping)
SES_0000392,USR_0054,user,2026-01-01 12:45:24,3,0.108407237020816,0.242,normal,Cold-start: score vs population baseline (confidence ramping)
SES_0000438,USR_0054,user,2026-01-01 13:31:04,4,0.0691246173775951,0.256,normal,Cold-start: score vs population baseline (confidence ramping)
SES_0000663,USR_0054,user,2026-01-01 17:38:36,5,0.0788008093814746,0.27,normal,Cold-start: score vs population baseline (confidence ramping)
SES_0000666,USR_0054,user,2026-01-01 17:39:57,6,0.1897938437458294,0.28400000000000003,normal,Cold-start: score vs population baseline (confidence ramping)
SES_0000678,USR_0054,user,2026-01-01 17:47:37,7,0.1793162443987388,0.29800000000000004,normal,Cold-start: score vs population baseline (confidence ramping)
SES_0000684,USR_0054,user,2026-01-01 17:50:50,8,0.0458257849875736,0.312,normal,Cold-start: score vs population baseline (confidence ramping)
SES_0000685,USR_0054,user,2026-01-01 17:52:57,9,0.3730118872636466,0.326,normal,Cold-start: score vs population baseline (confidence ramping)
SES_0000863,USR_0054,user,2026-01-01 21:12:10,10,0.2366389565197041,0.33999999999999997,normal,Cold-start: score vs population baseline (confidence ramping)
SES_0000872,USR_0054,user,2026-01-01 21:18:53,11,0.1671755940926265,0.354,normal,Cold-start: score vs population baseline (confidence ramping)
SES_0000876,USR_0054,user,2026-01-01 21:26:36,12,0.450865311453216,0.368,normal,Cold-start: score vs population baseline (confidence ramping)
SES_0000886,USR_0054,user,2026-01-01 21:40:42,13,0.3412752833289631,0.382,normal,Cold-start: score vs population baseline (confidence ramping)
SES_0001224,USR_0054,user,2026-01-02 12:08:15,14,0.2086043597580708,0.396,normal,Cold-start: score vs population baseline (confidence ramping)
SES_0001235,USR_0054,user,2026-01-02 12:18:39,15,0.0519359601957036,0.41000000000000003,normal,Cold-start: score vs population baseline (confidence ramping)
SES_0001261,USR_0054,user,2026-01-02 12:48:38,16,0.0501809708914622,0.424,normal,Cold-start: score vs population baseline (confidence ramping)
SES_0001475,USR_0054,user,2026-01-02 17:20:23,17,0.1601875840710244,0.438,normal,Cold-start: score vs population baseline (confidence ramping)
SES_0001480,USR_0054,user,2026-01-02 17:22:46,18,0.0611215091451311,0.452,normal,Cold-start: score vs population baseline (confidence ramping)
SES_0001500,USR_0054,user,2026-01-02 17:46:25,19,0.0692251173216463,0.46599999999999997,normal,Cold-start: score vs population baseline (confidence ramping)
SES_0001511,USR_0054,user,2026-01-02 17:56:21,20,0.0639081411796669,0.48,normal,Cold-start: score vs population baseline (confidence ramping)
SES_0002081,USR_0054,user,2026-01-03 12:14:31,21,0.0849379698358663,0.494,normal,Cold-start: score vs population baseline (confidence ramping)
SES_0002107,USR_0054,user,2026-01-03 12:45:04,22,0.1319342208908989,0.508,normal,Cold-start: score vs population baseline (confidence ramping)
SES_0002353,USR_0054,user,2026-01-03 17:17:23,23,0.1473871701854685,0.522,normal,Cold-start: score vs population baseline (confidence ramping)
SES_0002358,USR_0054,user,2026-01-03 17:28:42,24,0.1218841909942002,0.536,normal,Cold-start: score vs population baseline (confidence ramping)
SES_0002377,USR_0054,user,2026-01-03 17:46:08,25,0.2357903431613391,0.55,normal,Cold-start: score vs population baseline (confidence ramping)
SES_0002389,USR_0054,user,2026-01-03 17:55:01,26,0.0909259803752788,0.5640000000000001,normal,Cold-start: score vs population baseline (confidence ramping)
SES_0002569,USR_0054,user,2026-01-03 21:42:27,27,0.1862428840951613,0.5780000000000001,normal,Cold-start: score vs population baseline (confidence ramping)
SES_0002973,USR_0054,user,2026-01-04 12:17:16,28,0.0827660517869219,0.5920000000000001,normal,Cold-start: score vs population baseline (confidence ramping)
SES_0003267,USR_0054,user,2026-01-04 17:45:14,29,0.0933215280432775,0.606,normal,Cold-start: score vs population baseline (confidence ramping)
SES_0003458,USR_0054,user,2026-01-04 21:35:24,30,0.1900555888484178,0.62,normal,Cold-start: score vs population baseline (confidence ramping)
SES_0003887,USR_0054,user,2026-01-05 13:16:05,31,0.0901920401424987,0.634,normal,Cold-start: score vs population baseline (confidence ramping)
SES_0003909,USR_0054,user,2026-01-05 13:34:30,32,0.0849982092630869,0.6479999999999999,normal,Cold-start: score vs population baseline (confidence ramping)
SES_0003925,USR_0054,user,2026-01-05 13:44:18,33,0.0556088434601087,0.6619999999999999,normal,Cold-start: score vs population baseline (confidence ramping)
SES_0003931,USR_0054,user,2026-01-05 13:48:50,34,0.0505326485709576,0.6759999999999999,normal,Cold-start: score vs population baseline (confidence ramping)
SES_0003935,USR_0054,user,2026-01-05 13:55:25,35,0.0492654295835562,0.69,normal,Cold-start: score vs population baseline (confidence ramping)
SES_0004172,USR_0054,user,2026-01-05 17:53:41,36,0.0902894713752543,0.704,normal,Cold-start: score vs population baseline (confidence ramping)
SES_0004362,USR_0054,user,2026-01-05 21:37:34,37,0.1951587920067913,0.718,normal,Cold-start: score vs population baseline (confidence ramping)
SES_0004383,USR_0054,user,2026-01-05 21:55:49,38,0.1623911934003293,0.732,normal,Cold-start: score vs population baseline (confidence ramping)
SES_0004387,USR_0054,user,2026-01-05 21:57:43,39,0.1555378387172113,0.746,normal,Cold-start: score vs population baseline (confidence ramping)
SES_0004810,USR_0054,user,2026-01-06 13:24:32,40,0.0395692454663716,0.76,normal,Cold-start: score vs population baseline (confidence ramping)
SES_0004812,USR_0054,user,2026-01-06 13:30:08,41,0.04515905992061,0.774,normal,Cold-start: score vs population baseline (confidence ramping)
SES_0004816,USR_0054,user,2026-01-06 13:31:55,42,0.0932785488708197,0.788,normal,Cold-start: score vs population baseline (confidence ramping)
SES_0005029,USR_0054,user,2026-01-06 17:17:32,43,0.0536779085502006,0.802,normal,Cold-start: score vs population baseline (confidence ramping)
SES_0005037,USR_0054,user,2026-01-06 17:27:36,44,0.0771123175590234,0.8160000000000001,normal,Cold-start: score vs population baseline (confidence ramping)
SES_0005046,USR_0054,user,2026-01-06 17:37:17,45,0.0573048548453878,0.8300000000000001,normal,Cold-start: score vs population baseline (confidence ramping)
SES_0005370,USR_0054,user,2026-01-07 08:00:00,46,0.2431727378760281,0.8440000000000001,lateral_movement,Cold-start: score vs population baseline (confidence ramping)
SES_0005404,USR_0054,user,2026-01-07 08:03:00,47,0.2499538414071968,0.8579999999999999,lateral_movement,Cold-start: score vs population baseline (confidence ramping)
SES_0005422,USR_0054,user,2026-01-07 08:16:00,48,0.2659570329110358,0.8719999999999999,lateral_movement,Cold-start: score vs population baseline (confidence ramping)
SES_0005423,USR_0054,user,2026-01-07 08:18:00,49,0.2690058599688993,0.8859999999999999,lateral_movement,Cold-start: score vs population baseline (confidence ramping)
SES_0005424,USR_0054,user,2026-01-07 08:20:00,50,0.2876762367775357,0.8999999999999999,lateral_movement,Cold-start: score vs population baseline (confidence ramping)
SES_0000171,USR_0055,user,2026-01-01 09:01:14,1,0.3263471555306713,0.21400000000000002,normal,Cold-start: score vs population baseline (confidence ramping)
SES_0000219,USR_0055,user,2026-01-01 09:47:08,2,0.2518021022014308,0.228,normal,Cold-start: score vs population baseline (confidence ramping)
SES_0000232,USR_0055,user,2026-01-01 10:01:56,3,0.1842234875577174,0.242,normal,Cold-start: score vs population baseline (confidence ramping)
SES_0000280,USR_0055,user,2026-01-01 10:55:58,4,0.2610239193816835,0.256,normal,Cold-start: score vs population baseline (confidence ramping)
SES_0000625,USR_0055,user,2026-01-01 17:00:47,5,0.0427059841064467,0.27,normal,Cold-start: score vs population baseline (confidence ramping)
SES_0000639,USR_0055,user,2026-01-01 17:15:45,6,0.2335793993890076,0.28400000000000003,normal,Cold-start: score vs population baseline (confidence ramping)
SES_0000647,USR_0055,user,2026-01-01 17:24:38,7,0.0514658441026082,0.29800000000000004,normal,Cold-start: score vs population baseline (confidence ramping)
SES_0000722,USR_0055,user,2026-01-01 18:37:08,8,0.0756804033707645,0.312,normal,Cold-start: score vs population baseline (confidence ramping)
SES_0000732,USR_0055,user,2026-01-01 18:43:35,9,0.0927144358776833,0.326,normal,Cold-start: score vs population baseline (confidence ramping)
SES_0001103,USR_0055,user,2026-01-02 09:31:28,10,0.0465688208025376,0.33999999999999997,normal,Cold-start: score vs population baseline (confidence ramping)
SES_0001134,USR_0055,user,2026-01-02 10:17:18,11,0.0483986854284175,0.354,normal,Cold-start: score vs population baseline (confidence ramping)
SES_0001162,USR_0055,user,2026-01-02 10:56:47,12,0.044004498386712,0.368,normal,Cold-start: score vs population baseline (confidence ramping)
SES_0001424,USR_0055,user,2026-01-02 16:12:15,13,0.0496798128465101,0.382,normal,Cold-start: score vs population baseline (confidence ramping)
SES_0001442,USR_0055,user,2026-01-02 16:36:15,14,0.0541244816437452,0.396,normal,Cold-start: score vs population baseline (confidence ramping)
SES_0001473,USR_0055,user,2026-01-02 17:19:36,15,0.0568958946567605,0.41000000000000003,normal,Cold-start: score vs population baseline (confidence ramping)
SES_0001497,USR_0055,user,2026-01-02 17:41:10,16,0.0969643553116293,0.424,normal,Cold-start: score vs population baseline (confidence ramping)
SES_0001918,USR_0055,user,2026-01-03 09:19:19,17,0.1958935015312491,0.438,normal,Cold-start: score vs population baseline (confidence ramping)
SES_0001982,USR_0055,user,2026-01-03 10:20:28,18,0.2530138266352025,0.452,normal,Cold-start: score vs population baseline (confidence ramping)
SES_0002298,USR_0055,user,2026-01-03 16:21:03,19,0.1034266599352455,0.46599999999999997,normal,Cold-start: score vs population baseline (confidence ramping)
SES_0002407,USR_0055,user,2026-01-03 18:14:27,20,0.0903763261338325,0.48,normal,Cold-start: score vs population baseline (confidence ramping)
SES_0002804,USR_0055,user,2026-01-04 09:31:52,21,0.3562607531271669,0.494,normal,Cold-start: score vs population baseline (confidence ramping)
SES_0002805,USR_0055,user,2026-01-04 09:33:34,22,0.391522159698269,0.508,normal,Cold-start: score vs population baseline (confidence ramping)
SES_0002834,USR_0055,user,2026-01-04 10:04:15,23,0.162351150962459,0.522,normal,Cold-start: score vs population baseline (confidence ramping)
SES_0002836,USR_0055,user,2026-01-04 10:06:18,24,0.1427288204793526,0.536,normal,Cold-start: score vs population baseline (confidence ramping)
SES_0003225,USR_0055,user,2026-01-04 16:49:59,25,0.1578739142135369,0.55,normal,Cold-start: score vs population baseline (confidence ramping)
SES_0003257,USR_0055,user,2026-01-04 17:24:36,26,0.1457032754276396,0.5640000000000001,normal,Cold-start: score vs population baseline (confidence ramping)
SES_0003266,USR_0055,user,2026-01-04 17:45:00,27,0.1163453710549388,0.5780000000000001,normal,Cold-start: score vs population baseline (confidence ramping)
SES_0003284,USR_0055,user,2026-01-04 18:02:02,28,0.1223422957665975,0.5920000000000001,normal,Cold-start: score vs population baseline (confidence ramping)
SES_0003668,USR_0055,user,2026-01-05 09:28:45,29,0.0703921686328952,0.606,normal,Cold-start: score vs population baseline (confidence ramping)
SES_0003669,USR_0055,user,2026-01-05 09:29:22,30,0.3034553241459961,0.62,normal,Cold-start: score vs population baseline (confidence ramping)
SES_0003740,USR_0055,user,2026-01-05 10:36:14,31,0.0542121309967117,0.634,normal,Cold-start: score vs population baseline (confidence ramping)
SES_0004140,USR_0055,user,2026-01-05 17:19:20,32,0.0638753577967804,0.6479999999999999,normal,Cold-start: score vs population baseline (confidence ramping)
SES_0004166,USR_0055,user,2026-01-05 17:42:05,33,0.0529211562212338,0.6619999999999999,normal,Cold-start: score vs population baseline (confidence ramping)
SES_0004566,USR_0055,user,2026-01-06 09:03:54,34,0.0535780311374624,0.6759999999999999,normal,Cold-start: score vs population baseline (confidence ramping)
SES_0004589,USR_0055,user,2026-01-06 09:31:51,35,0.1233376659994382,0.69,normal,Cold-start: score vs population baseline (confidence ramping)
SES_0004606,USR_0055,user,2026-01-06 09:49:53,36,0.1133243693142838,0.704,normal,Cold-start: score vs population baseline (confidence ramping)
SES_0004669,USR_0055,user,2026-01-06 10:36:38,37,0.0584339951429415,0.718,normal,Cold-start: score vs population baseline (confidence ramping)
SES_0005059,USR_0055,user,2026-01-06 17:52:03,38,0.0423694774714082,0.732,normal,Cold-start: score vs population baseline (confidence ramping)
SES_0005075,USR_0055,user,2026-01-06 18:07:36,39,0.077792556619311,0.746,normal,Cold-start: score vs population baseline (confidence ramping)
SES_0005092,USR_0055,user,2026-01-06 18:27:17,40,0.0397031704305955,0.76,normal,Cold-start: score vs population baseline (confidence ramping)
SES_0005104,USR_0055,user,2026-01-06 18:38:05,41,0.0448546107277249,0.774,normal,Cold-start: score vs population baseline (confidence ramping)
SES_0005510,USR_0055,user,2026-01-07 09:54:59,42,0.0531454453446202,0.788,normal,Cold-start: score vs population baseline (confidence ramping)
SES_0005533,USR_0055,user,2026-01-07 10:16:56,43,0.0472720815418749,0.802,normal,Cold-start: score vs population baseline (confidence ramping)
SES_0005883,USR_0055,user,2026-01-07 16:35:04,44,0.0546883952843018,0.8160000000000001,normal,Cold-start: score vs population baseline (confidence ramping)
SES_0005884,USR_0055,user,2026-01-07 16:38:17,45,0.0824477135854935,0.8300000000000001,normal,Cold-start: score vs population baseline (confidence ramping)
SES_0005938,USR_0055,user,2026-01-07 17:38:12,46,0.0783603997829464,0.8440000000000001,normal,Cold-start: score vs population baseline (confidence ramping)
SES_0005943,USR_0055,user,2026-01-07 17:46:04,47,0.257167667281324,0.8579999999999999,normal,Cold-start: score vs population baseline (confidence ramping)
SES_0005977,USR_0055,user,2026-01-07 18:37:55,48,0.1227245697399475,0.8719999999999999,normal,Cold-start: score vs population baseline (confidence ramping)
SES_0005996,USR_0055,user,2026-01-07 18:59:31,49,0.0906107951225394,0.8859999999999999,normal,Cold-start: score vs population baseline (confidence ramping)
SES_0006333,USR_0055,user,2026-01-08 09:04:48,50,0.0458446333576939,0.8999999999999999,normal,Cold-start: score vs population baseline (confidence ramping)
SES_0000249,USR_0056,user,2026-01-01 10:22:54,1,0.3147153295440094,0.21400000000000002,normal,Cold-start: score vs population baseline (confidence ramping)
SES_0000267,USR_0056,user,2026-01-01 10:44:23,2,0.2478763965207385,0.228,normal,Cold-start: score vs population baseline (confidence ramping)
SES_0000537,USR_0056,user,2026-01-01 15:15:36,3,0.2176818738565042,0.242,normal,Cold-start: score vs population baseline (confidence ramping)
SES_0000644,USR_0056,user,2026-01-01 17:21:07,4,0.1840676549382615,0.256,normal,Cold-start: score vs population baseline (confidence ramping)
SES_0000772,USR_0056,user,2026-01-01 19:33:54,5,0.1076057909970509,0.27,normal,Cold-start: score vs population baseline (confidence ramping)
SES_0000963,USR_0056,user,2026-01-02 07:07:30,6,0.1891071817961236,0.28400000000000003,normal,Cold-start: score vs population baseline (confidence ramping)
SES_0001372,USR_0056,user,2026-01-02 15:04:15,7,0.0433012625977291,0.29800000000000004,normal,Cold-start: score vs population baseline (confidence ramping)
SES_0001408,USR_0056,user,2026-01-02 15:52:43,8,0.0392316677038951,0.312,normal,Cold-start: score vs population baseline (confidence ramping)
SES_0001580,USR_0056,user,2026-01-02 19:22:55,9,0.2394427311687883,0.326,normal,Cold-start: score vs population baseline (confidence ramping)
SES_0001773,USR_0056,user,2026-01-03 07:10:09,10,0.2590344112060695,0.33999999999999997,normal,Cold-start: score vs population baseline (confidence ramping)
SES_0001778,USR_0056,user,2026-01-03 07:17:46,11,0.2912531078636812,0.354,normal,Cold-start: score vs population baseline (confidence ramping)
SES_0001785,USR_0056,user,2026-01-03 07:21:49,12,0.173562279114263,0.368,normal,Cold-start: score vs population baseline (confidence ramping)
SES_0001962,USR_0056,user,2026-01-03 10:05:25,13,0.1591390720221752,0.382,normal,Cold-start: score vs population baseline (confidence ramping)
SES_0002002,USR_0056,user,2026-01-03 10:46:46,14,0.1448342714928275,0.396,normal,Cold-start: score vs population baseline (confidence ramping)
SES_0002003,USR_0056,user,2026-01-03 10:47:25,15,0.1449915250324007,0.41000000000000003,normal,Cold-start: score vs population baseline (confidence ramping)
SES_0002224,USR_0056,user,2026-01-03 15:09:40,16,0.1363424452145265,0.424,normal,Cold-start: score vs population baseline (confidence ramping)
SES_0002227,USR_0056,user,2026-01-03 15:10:57,17,0.1332749897367247,0.438,normal,Cold-start: score vs population baseline (confidence ramping)
SES_0002258,USR_0056,user,2026-01-03 15:44:22,18,0.1396672435262339,0.452,normal,Cold-start: score vs population baseline (confidence ramping)
SES_0002347,USR_0056,user,2026-01-03 17:11:00,19,0.2378537533758302,0.46599999999999997,normal,Cold-start: score vs population baseline (confidence ramping)
SES_0002364,USR_0056,user,2026-01-03 17:30:50,20,0.1731823902291306,0.48,normal,Cold-start: score vs population baseline (confidence ramping)
SES_0002366,USR_0056,user,2026-01-03 17:33:23,21,0.1339072703290057,0.494,normal,Cold-start: score vs population baseline (confidence ramping)
SES_0002374,USR_0056,user,2026-01-03 17:41:36,22,0.1367908329230439,0.508,normal,Cold-start: score vs population baseline (confidence ramping)
SES_0002445,USR_0056,user,2026-01-03 19:12:09,23,0.1235563980775431,0.522,normal,Cold-start: score vs population baseline (confidence ramping)
SES_0002486,USR_0056,user,2026-01-03 19:57:32,24,0.1235016586866281,0.536,normal,Cold-start: score vs population baseline (confidence ramping)
SES_0002668,USR_0056,user,2026-01-04 07:24:31,25,0.1570926368757536,0.55,normal,Cold-start: score vs population baseline (confidence ramping)
SES_0002709,USR_0056,user,2026-01-04 07:55:10,26,0.1300090154308957,0.5640000000000001,normal,Cold-start: score vs population baseline (confidence ramping)
SES_0002791,USR_0056,user,2026-01-04 09:10:24,27,0.1245690304282741,0.5780000000000001,normal,Cold-start: score vs population baseline (confidence ramping)
SES_0002813,USR_0056,user,2026-01-04 09:49:00,28,0.2945227815407498,0.5920000000000001,normal,Cold-start: score vs population baseline (confidence ramping)
SES_0002829,USR_0056,user,2026-01-04 10:00:13,29,0.1148199118140542,0.606,normal,Cold-start: score vs population baseline (confidence ramping)
SES_0003130,USR_0056,user,2026-01-04 15:14:26,30,0.1525501181259709,0.62,normal,Cold-start: score vs population baseline (confidence ramping)
SES_0003181,USR_0056,user,2026-01-04 15:55:24,31,0.1660028742315864,0.634,normal,Cold-start: score vs population baseline (confidence ramping)
SES_0003264,USR_0056,user,2026-01-04 17:38:19,32,0.1685300602352792,0.6479999999999999,normal,Cold-start: score vs population baseline (confidence ramping)
SES_0003376,USR_0056,user,2026-01-04 19:51:14,33,0.1586058183080546,0.6619999999999999,normal,Cold-start: score vs population baseline (confidence ramping)
SES_0003701,USR_0056,user,2026-01-05 09:55:51,34,0.1365377280756376,0.6759999999999999,normal,Cold-start: score vs population baseline (confidence ramping)
SES_0003726,USR_0056,user,2026-01-05 10:22:35,35,0.1527269061964368,0.69,normal,Cold-start: score vs population baseline (confidence ramping)
SES_0003748,USR_0056,user,2026-01-05 10:46:10,36,0.1315368888249655,0.704,normal,Cold-start: score vs population baseline (confidence ramping)
SES_0004007,USR_0056,user,2026-01-05 15:03:00,37,0.1204333642582592,0.718,normal,Cold-start: score vs population baseline (confidence ramping)
SES_0004139,USR_0056,user,2026-01-05 17:18:56,38,0.2422833271773826,0.732,normal,Cold-start: score vs population baseline (confidence ramping)
SES_0004152,USR_0056,user,2026-01-05 17:27:08,39,0.1637245603149422,0.746,normal,Cold-start: score vs population baseline (confidence ramping)
SES_0004249,USR_0056,user,2026-01-05 19:29:19,40,0.1425092707629351,0.76,normal,Cold-start: score vs population baseline (confidence ramping)
SES_0004465,USR_0056,user,2026-01-06 07:31:45,41,0.1107609399817446,0.774,normal,Cold-start: score vs population baseline (confidence ramping)
SES_0004634,USR_0056,user,2026-01-06 10:05:51,42,0.0764367849051865,0.788,normal,Cold-start: score vs population baseline (confidence ramping)
SES_0004687,USR_0056,user,2026-01-06 10:51:06,43,0.0760343789333007,0.802,normal,Cold-start: score vs population baseline (confidence ramping)
SES_0004899,USR_0056,user,2026-01-06 15:00:54,44,0.1036359133981893,0.8160000000000001,normal,Cold-start: score vs population baseline (confidence ramping)
SES_0004903,USR_0056,user,2026-01-06 15:06:31,45,0.0877042438582931,0.8300000000000001,normal,Cold-start: score vs population baseline (confidence ramping)
SES_0004937,USR_0056,user,2026-01-06 15:46:27,46,0.067481278798178,0.8440000000000001,normal,Cold-start: score vs population baseline (confidence ramping)
SES_0005022,USR_0056,user,2026-01-06 17:09:21,47,0.1038113397134615,0.8579999999999999,normal,Cold-start: score vs population baseline (confidence ramping)
SES_0005052,USR_0056,user,2026-01-06 17:46:21,48,0.0753728280422506,0.8719999999999999,normal,Cold-start: score vs population baseline (confidence ramping)
SES_0005915,USR_0056,user,2026-01-07 17:18:03,49,0.0926098806840176,0.8859999999999999,normal,Cold-start: score vs population baseline (confidence ramping)
SES_0006008,USR_0056,user,2026-01-07 19:10:32,50,0.1075940331213307,0.8999999999999999,normal,Cold-start: score vs population baseline (confidence ramping)
SES_0000188,USR_0057,user,2026-01-01 09:17:45,1,0.3325449926808091,0.21400000000000002,normal,Cold-start: score vs population baseline (confidence ramping)
SES_0000254,USR_0057,user,2026-01-01 10:30:51,2,0.2692760084311641,0.228,normal,Cold-start: score vs population baseline (confidence ramping)
SES_0000697,USR_0057,user,2026-01-01 18:07:47,3,0.1686259207199435,0.242,normal,Cold-start: score vs population baseline (confidence ramping)
SES_0000708,USR_0057,user,2026-01-01 18:16:35,4,0.0897761065828915,0.256,normal,Cold-start: score vs population baseline (confidence ramping)
SES_0000770,USR_0057,user,2026-01-01 19:32:09,5,0.0765105563358736,0.27,normal,Cold-start: score vs population baseline (confidence ramping)
SES_0001022,USR_0057,user,2026-01-02 07:52:45,6,0.1581924519646836,0.28400000000000003,normal,Cold-start: score vs population baseline (confidence ramping)
SES_0001092,USR_0057,user,2026-01-02 09:18:07,7,0.1283105696668083,0.29800000000000004,normal,Cold-start: score vs population baseline (confidence ramping)
SES_0001139,USR_0057,user,2026-01-02 10:26:40,8,0.1201544517588005,0.312,normal,Cold-start: score vs population baseline (confidence ramping)
SES_0001370,USR_0057,user,2026-01-02 15:01:36,9,0.2834145605226588,0.326,normal,Cold-start: score vs population baseline (confidence ramping)
SES_0001545,USR_0057,user,2026-01-02 18:34:40,10,0.1208123875548783,0.33999999999999997,normal,Cold-start: score vs population baseline (confidence ramping)
SES_0001757,USR_0057,user,2026-01-03 07:04:57,11,0.141967666602084,0.354,normal,Cold-start: score vs population baseline (confidence ramping)
SES_0001815,USR_0057,user,2026-01-03 07:38:13,12,0.1732807932925941,0.368,normal,Cold-start: score vs population baseline (confidence ramping)
SES_0001822,USR_0057,user,2026-01-03 07:43:04,13,0.1584427005567593,0.382,normal,Cold-start: score vs population baseline (confidence ramping)
SES_0001917,USR_0057,user,2026-01-03 09:17:44,14,0.1469607783174689,0.396,normal,Cold-start: score vs population baseline (confidence ramping)
SES_0001946,USR_0057,user,2026-01-03 09:51:38,15,0.2033257353599017,0.41000000000000003,normal,Cold-start: score vs population baseline (confidence ramping)
SES_0001971,USR_0057,user,2026-01-03 10:09:42,16,0.1327676185862711,0.424,normal,Cold-start: score vs population baseline (confidence ramping)
SES_0001978,USR_0057,user,2026-01-03 10:17:28,17,0.0990696217582059,0.438,normal,Cold-start: score vs population baseline (confidence ramping)
SES_0002007,USR_0057,user,2026-01-03 10:52:04,18,0.0966377734129929,0.452,normal,Cold-start: score vs population baseline (confidence ramping)
SES_0002259,USR_0057,user,2026-01-03 15:45:24,19,0.0725107563104801,0.46599999999999997,normal,Cold-start: score vs population baseline (confidence ramping)
SES_0002261,USR_0057,user,2026-01-03 15:48:53,20,0.0899110787068722,0.48,normal,Cold-start: score vs population baseline (confidence ramping)
SES_0002638,USR_0057,user,2026-01-04 07:07:22,21,0.1098185238130092,0.494,normal,Cold-start: score vs population baseline (confidence ramping)
SES_0002881,USR_0057,user,2026-01-04 10:46:25,22,0.111262942101925,0.508,normal,Cold-start: score vs population baseline (confidence ramping)
SES_0002882,USR_0057,user,2026-01-04 10:46:52,23,0.1696697593974079,0.522,normal,Cold-start: score vs population baseline (confidence ramping)
SES_0003138,USR_0057,user,2026-01-04 15:19:18,24,0.0881696913651473,0.536,normal,Cold-start: score vs population baseline (confidence ramping)
SES_0003289,USR_0057,user,2026-01-04 18:08:46,25,0.2928256237439845,0.55,normal,Cold-start: score vs population baseline (confidence ramping)
SES_0003298,USR_0057,user,2026-01-04 18:19:21,26,0.3258968024950078,0.5640000000000001,normal,Cold-start: score vs population baseline (confidence ramping)
SES_0003323,USR_0057,user,2026-01-04 18:50:12,27,0.2308215530285547,0.5780000000000001,normal,Cold-start: score vs population baseline (confidence ramping)
SES_0003348,USR_0057,user,2026-01-04 19:14:54,28,0.1994029183638852,0.5920000000000001,normal,Cold-start: score vs population baseline (confidence ramping)
SES_0003358,USR_0057,user,2026-01-04 19:21:56,29,0.1266196381117964,0.606,normal,Cold-start: score vs population baseline (confidence ramping)
SES_0003688,USR_0057,user,2026-01-05 09:41:03,30,0.0888908137773232,0.62,normal,Cold-start: score vs population baseline (confidence ramping)
SES_0003709,USR_0057,user,2026-01-05 10:05:18,31,0.1479700151531247,0.634,normal,Cold-start: score vs population baseline (confidence ramping)
SES_0003742,USR_0057,user,2026-01-05 10:37:42,32,0.131367809986707,0.6479999999999999,normal,Cold-start: score vs population baseline (confidence ramping)
SES_0004219,USR_0057,user,2026-01-05 18:44:25,33,0.1192527066274313,0.6619999999999999,normal,Cold-start: score vs population baseline (confidence ramping)
SES_0004252,USR_0057,user,2026-01-05 19:34:02,34,0.0675690945571789,0.6759999999999999,normal,Cold-start: score vs population baseline (confidence ramping)
SES_0004261,USR_0057,user,2026-01-05 19:46:23,35,0.0772374818724127,0.69,normal,Cold-start: score vs population baseline (confidence ramping)
SES_0004473,USR_0057,user,2026-01-06 07:37:24,36,0.0993435471751412,0.704,normal,Cold-start: score vs population baseline (confidence ramping)
SES_0004482,USR_0057,user,2026-01-06 07:47:39,37,0.0580212712528475,0.718,normal,Cold-start: score vs population baseline (confidence ramping)
SES_0004574,USR_0057,user,2026-01-06 09:12:38,38,0.0606983632688915,0.732,normal,Cold-start: score vs population baseline (confidence ramping)
SES_0004670,USR_0057,user,2026-01-06 10:38:39,39,0.0424993250673666,0.746,normal,Cold-start: score vs population baseline (confidence ramping)
SES_0004678,USR_0057,user,2026-01-06 10:46:53,40,0.0746892661783075,0.76,normal,Cold-start: score vs population baseline (confidence ramping)
SES_0004693,USR_0057,user,2026-01-06 10:56:08,41,0.0474332339006055,0.774,normal,Cold-start: score vs population baseline (confidence ramping)
SES_0005093,USR_0057,user,2026-01-06 18:28:19,42,0.1683041846729072,0.788,normal,Cold-start: score vs population baseline (confidence ramping)
SES_0005095,USR_0057,user,2026-01-06 18:30:08,43,0.0660148179726918,0.802,normal,Cold-start: score vs population baseline (confidence ramping)
SES_0005105,USR_0057,user,2026-01-06 18:41:00,44,0.060801988882483,0.8160000000000001,normal,Cold-start: score vs population baseline (confidence ramping)
SES_0005106,USR_0057,user,2026-01-06 18:43:31,45,0.0678198206674035,0.8300000000000001,normal,Cold-start: score vs population baseline (confidence ramping)
SES_0005111,USR_0057,user,2026-01-06 18:48:35,46,0.1185752978222034,0.8440000000000001,normal,Cold-start: score vs population baseline (confidence ramping)
SES_0005129,USR_0057,user,2026-01-06 19:15:41,47,0.1347668103746045,0.8579999999999999,normal,Cold-start: score vs population baseline (confidence ramping)
SES_0005169,USR_0057,user,2026-01-06 19:58:35,48,0.0976398612627031,0.8719999999999999,normal,Cold-start: score vs population baseline (confidence ramping)
SES_0005813,USR_0057,user,2026-01-07 15:21:46,49,0.1056180199516303,0.8859999999999999,normal,Cold-start: score vs population baseline (confidence ramping)
SES_0006876,USR_0057,user,2026-01-08 18:57:09,50,0.0487288112078277,0.8999999999999999,normal,Cold-start: score vs population baseline (confidence ramping)
SES_0000035,USR_0058,user,2026-01-01 06:48:35,1,0.3800251241065702,0.21400000000000002,normal,Cold-start: score vs population baseline (confidence ramping)
SES_0000048,USR_0058,user,2026-01-01 07:04:16,2,0.2686017193551023,0.228,normal,Cold-start: score vs population baseline (confidence ramping)
SES_0000067,USR_0058,user,2026-01-01 07:18:22,3,0.1795404537049884,0.242,normal,Cold-start: score vs population baseline (confidence ramping)
SES_0000092,USR_0058,user,2026-01-01 07:38:36,4,0.0479862364486151,0.256,normal,Cold-start: score vs population baseline (confidence ramping)
SES_0000530,USR_0058,user,2026-01-01 15:11:50,5,0.0923954641410869,0.27,normal,Cold-start: score vs population baseline (confidence ramping)
SES_0000748,USR_0058,user,2026-01-01 19:05:10,6,0.2087174251884769,0.28400000000000003,normal,Cold-start: score vs population baseline (confidence ramping)
SES_0000752,USR_0058,user,2026-01-01 19:09:34,7,0.0432553745668291,0.29800000000000004,normal,Cold-start: score vs population baseline (confidence ramping)
SES_0000779,USR_0058,user,2026-01-01 19:38:31,8,0.1072631593573387,0.312,normal,Cold-start: score vs population baseline (confidence ramping)
SES_0000780,USR_0058,user,2026-01-01 19:40:46,9,0.1058608013594321,0.326,normal,Cold-start: score vs population baseline (confidence ramping)
SES_0000865,USR_0058,user,2026-01-01 21:13:59,10,0.1510013782856194,0.33999999999999997,normal,Cold-start: score vs population baseline (confidence ramping)
SES_0000956,USR_0058,user,2026-01-02 07:01:32,11,0.213153661856709,0.354,normal,Cold-start: score vs population baseline (confidence ramping)
SES_0000998,USR_0058,user,2026-01-02 07:34:10,12,0.0734344627739507,0.368,normal,Cold-start: score vs population baseline (confidence ramping)
SES_0001013,USR_0058,user,2026-01-02 07:43:29,13,0.0814654017340427,0.382,normal,Cold-start: score vs population baseline (confidence ramping)
SES_0001387,USR_0058,user,2026-01-02 15:25:46,14,0.0729234637843035,0.396,normal,Cold-start: score vs population baseline (confidence ramping)
SES_0001589,USR_0058,user,2026-01-02 19:31:38,15,0.1520739315309936,0.41000000000000003,normal,Cold-start: score vs population baseline (confidence ramping)
SES_0001661,USR_0058,user,2026-01-02 21:10:05,16,0.2550570468605629,0.424,normal,Cold-start: score vs population baseline (confidence ramping)
SES_0001682,USR_0058,user,2026-01-02 21:29:19,17,0.2330909041461602,0.438,normal,Cold-start: score vs population baseline (confidence ramping)
SES_0001693,USR_0058,user,2026-01-02 21:47:21,18,0.1983716881998407,0.452,normal,Cold-start: score vs population baseline (confidence ramping)
SES_0001724,USR_0058,user,2026-01-03 06:30:48,19,0.2284517492546138,0.46599999999999997,normal,Cold-start: score vs population baseline (confidence ramping)
SES_0001765,USR_0058,user,2026-01-03 07:07:33,20,0.1123849836584968,0.48,normal,Cold-start: score vs population baseline (confidence ramping)
SES_0001795,USR_0058,user,2026-01-03 07:27:11,21,0.1204699887286589,0.494,normal,Cold-start: score vs population baseline (confidence ramping)
SES_0001839,USR_0058,user,2026-01-03 07:53:20,22,0.1058982312947544,0.508,normal,Cold-start: score vs population baseline (confidence ramping)
SES_0002218,USR_0058,user,2026-01-03 15:06:10,23,0.078237372873405,0.522,normal,Cold-start: score vs population baseline (confidence ramping)
SES_0002470,USR_0058,user,2026-01-03 19:36:35,24,0.0952849548656106,0.536,normal,Cold-start: score vs population baseline (confidence ramping)
SES_0002539,USR_0058,user,2026-01-03 21:08:27,25,0.1746949791008822,0.55,normal,Cold-start: score vs population baseline (confidence ramping)
SES_0002541,USR_0058,user,2026-01-03 21:09:35,26,0.1894872754736926,0.5640000000000001,normal,Cold-start: score vs population baseline (confidence ramping)
SES_0002560,USR_0058,user,2026-01-03 21:26:54,27,0.3217594497193072,0.5780000000000001,normal,Cold-start: score vs population baseline (confidence ramping)
SES_0002573,USR_0058,user,2026-01-03 21:44:30,28,0.3339045246906029,0.5920000000000001,normal,Cold-start: score vs population baseline (confidence ramping)
SES_0002622,USR_0058,user,2026-01-04 06:41:06,29,0.2621220748779825,0.606,normal,Cold-start: score vs population baseline (confidence ramping)
SES_0003378,USR_0058,user,2026-01-04 19:58:32,30,0.1279584082009959,0.62,normal,Cold-start: score vs population baseline (confidence ramping)
SES_0003494,USR_0058,user,2026-01-05 06:05:37,31,0.1897641284116593,0.634,normal,Cold-start: score vs population baseline (confidence ramping)
SES_0003519,USR_0058,user,2026-01-05 06:37:14,32,0.2103172199273588,0.6479999999999999,normal,Cold-start: score vs population baseline (confidence ramping)
SES_0003564,USR_0058,user,2026-01-05 07:30:16,33,0.149916792958269,0.6619999999999999,normal,Cold-start: score vs population baseline (confidence ramping)
SES_0004024,USR_0058,user,2026-01-05 15:23:07,34,0.1415142784949693,0.6759999999999999,normal,Cold-start: score vs population baseline (confidence ramping)
SES_0004051,USR_0058,user,2026-01-05 15:52:22,35,0.156401690764705,0.69,normal,Cold-start: score vs population baseline (confidence ramping)
SES_0004251,USR_0058,user,2026-01-05 19:32:44,36,0.2001775398511727,0.704,normal,Cold-start: score vs population baseline (confidence ramping)
SES_0004412,USR_0058,user,2026-01-06 06:42:53,37,0.2721176352691595,0.718,normal,Cold-start: score vs population baseline (confidence ramping)
SES_0004420,USR_0058,user,2026-01-06 06:51:33,38,0.2568086795212667,0.732,normal,Cold-start: score vs population baseline (confidence ramping)
SES_0004457,USR_0058,user,2026-01-06 07:27:09,39,0.1592814429838482,0.746,normal,Cold-start: score vs population baseline (confidence ramping)
SES_0004470,USR_0058,user,2026-01-06 07:36:22,40,0.142803618878829,0.76,normal,Cold-start: score vs population baseline (confidence ramping)
SES_0005132,USR_0058,user,2026-01-06 19:16:30,41,0.1664025972969141,0.774,normal,Cold-start: score vs population baseline (confidence ramping)
SES_0005270,USR_0058,user,2026-01-07 06:13:33,42,0.3533002591158458,0.788,normal,Cold-start: score vs population baseline (confidence ramping)
SES_0005344,USR_0058,user,2026-01-07 07:35:47,43,0.2473475056621763,0.802,normal,Cold-start: score vs population baseline (confidence ramping)
SES_0005843,USR_0058,user,2026-01-07 15:52:42,44,0.1313144380911681,0.8160000000000001,normal,Cold-start: score vs population baseline (confidence ramping)
SES_0006007,USR_0058,user,2026-01-07 19:09:05,45,0.1619972117905835,0.8300000000000001,normal,Cold-start: score vs population baseline (confidence ramping)
SES_0006112,USR_0058,user,2026-01-07 21:15:59,46,0.2291504789990494,0.8440000000000001,normal,Cold-start: score vs population baseline (confidence ramping)
SES_0006222,USR_0058,user,2026-01-08 07:33:01,47,0.1166361466099971,0.8579999999999999,normal,Cold-start: score vs population baseline (confidence ramping)
SES_0006247,USR_0058,user,2026-01-08 07:51:37,48,0.2807452367540449,0.8719999999999999,normal,Cold-start: score vs population baseline (confidence ramping)
SES_0006684,USR_0058,user,2026-01-08 15:14:22,49,0.1139712486228562,0.8859999999999999,normal,Cold-start: score vs population baseline (confidence ramping)
SES_0006902,USR_0058,user,2026-01-08 19:32:06,50,0.0992419144688206,0.8999999999999999,normal,Cold-start: score vs population baseline (confidence ramping)
SES_0000070,USR_0059,user,2026-01-01 07:18:58,1,0.3574936575125209,0.21400000000000002,normal,Cold-start: score vs population baseline (confidence ramping)
SES_0000077,USR_0059,user,2026-01-01 07:23:32,2,0.4621832109073572,0.228,normal,Cold-start: score vs population baseline (confidence ramping)
SES_0000124,USR_0059,user,2026-01-01 08:05:53,3,0.3559351630713045,0.242,normal,Cold-start: score vs population baseline (confidence ramping)
SES_0000140,USR_0059,user,2026-01-01 08:31:35,4,0.3245534850408943,0.256,normal,Cold-start: score vs population baseline (confidence ramping)
SES_0000353,USR_0059,user,2026-01-01 12:07:46,5,0.2655357535234557,0.27,normal,Cold-start: score vs population baseline (confidence ramping)
SES_0000355,USR_0059,user,2026-01-01 12:09:00,6,0.2699572109048912,0.28400000000000003,normal,Cold-start: score vs population baseline (confidence ramping)
SES_0000356,USR_0059,user,2026-01-01 12:11:02,7,0.214179945613769,0.29800000000000004,normal,Cold-start: score vs population baseline (confidence ramping)
SES_0000436,USR_0059,user,2026-01-01 13:29:12,8,0.2629023087011384,0.312,normal,Cold-start: score vs population baseline (confidence ramping)
SES_0000455,USR_0059,user,2026-01-01 13:51:03,9,0.3198951285672211,0.326,normal,Cold-start: score vs population baseline (confidence ramping)
SES_0000467,USR_0059,user,2026-01-01 13:58:43,10,0.2060244551032553,0.33999999999999997,normal,Cold-start: score vs population baseline (confidence ramping)
SES_0001041,USR_0059,user,2026-01-02 08:12:56,11,0.3408528417222898,0.354,normal,Cold-start: score vs population baseline (confidence ramping)
SES_0001060,USR_0059,user,2026-01-02 08:34:56,12,0.1192684897140999,0.368,normal,Cold-start: score vs population baseline (confidence ramping)
SES_0001072,USR_0059,user,2026-01-02 08:57:27,13,0.1361110003015878,0.382,normal,Cold-start: score vs population baseline (confidence ramping)
SES_0001221,USR_0059,user,2026-01-02 12:06:04,14,0.1485964418611736,0.396,normal,Cold-start: score vs population baseline (confidence ramping)
SES_0001244,USR_0059,user,2026-01-02 12:27:42,15,0.0974508592304934,0.41000000000000003,normal,Cold-start: score vs population baseline (confidence ramping)
SES_0001753,USR_0059,user,2026-01-03 07:02:15,16,0.2129102502117304,0.424,normal,Cold-start: score vs population baseline (confidence ramping)
SES_0001762,USR_0059,user,2026-01-03 07:06:02,17,0.3531632835574117,0.438,normal,Cold-start: score vs population baseline (confidence ramping)
SES_0001775,USR_0059,user,2026-01-03 07:11:32,18,0.3357231764253853,0.452,normal,Cold-start: score vs population baseline (confidence ramping)
SES_0001789,USR_0059,user,2026-01-03 07:25:43,19,0.1579306240890373,0.46599999999999997,normal,Cold-start: score vs population baseline (confidence ramping)
SES_0001791,USR_0059,user,2026-01-03 07:26:25,20,0.1469030181652345,0.48,normal,Cold-start: score vs population baseline (confidence ramping)
SES_0001833,USR_0059,user,2026-01-03 07:49:41,21,0.1982756840431415,0.494,normal,Cold-start: score vs population baseline (confidence ramping)
SES_0001859,USR_0059,user,2026-01-03 08:10:59,22,0.3256241332592943,0.508,normal,Cold-start: score vs population baseline (confidence ramping)
SES_0002098,USR_0059,user,2026-01-03 12:28:54,23,0.1962517186148535,0.522,normal,Cold-start: score vs population baseline (confidence ramping)
SES_0002099,USR_0059,user,2026-01-03 12:30:58,24,0.1340334255439081,0.536,normal,Cold-start: score vs population baseline (confidence ramping)
SES_0002106,USR_0059,user,2026-01-03 12:44:09,25,0.1824281553186813,0.55,normal,Cold-start: score vs population baseline (confidence ramping)
SES_0002160,USR_0059,user,2026-01-03 13:43:58,26,0.2590214309784804,0.5640000000000001,normal,Cold-start: score vs population baseline (confidence ramping)
SES_0002733,USR_0059,user,2026-01-04 08:17:03,27,0.1468930392373194,0.5780000000000001,normal,Cold-start: score vs population baseline (confidence ramping)
SES_0002739,USR_0059,user,2026-01-04 08:22:54,28,0.1563812138080651,0.5920000000000001,normal,Cold-start: score vs population baseline (confidence ramping)
SES_0002759,USR_0059,user,2026-01-04 08:39:15,29,0.1564877263533091,0.606,normal,Cold-start: score vs population baseline (confidence ramping)
SES_0002769,USR_0059,user,2026-01-04 08:47:10,30,0.1595143232836556,0.62,normal,Cold-start: score vs population baseline (confidence ramping)
SES_0002773,USR_0059,user,2026-01-04 08:48:55,31,0.131412652985603,0.634,normal,Cold-start: score vs population baseline (confidence ramping)
SES_0002986,USR_0059,user,2026-01-04 12:34:07,32,0.1314475122829707,0.6479999999999999,normal,Cold-start: score vs population baseline (confidence ramping)
SES_0003030,USR_0059,user,2026-01-04 13:16:21,33,0.1525358617743654,0.6619999999999999,normal,Cold-start: score vs population baseline (confidence ramping)
SES_0003037,USR_0059,user,2026-01-04 13:21:25,34,0.1525953822825435,0.6759999999999999,normal,Cold-start: score vs population baseline (confidence ramping)
SES_0003049,USR_0059,user,2026-01-04 13:39:14,35,0.1086470781292424,0.69,normal,Cold-start: score vs population baseline (confidence ramping)
SES_0003552,USR_0059,user,2026-01-05 07:13:45,36,0.1156347040129277,0.704,normal,Cold-start: score vs population baseline (confidence ramping)
SES_0003614,USR_0059,user,2026-01-05 08:29:12,37,0.1323832988284137,0.718,normal,Cold-start: score vs population baseline (confidence ramping)
SES_0003848,USR_0059,user,2026-01-05 12:26:54,38,0.2182947649267352,0.732,normal,Cold-start: score vs population baseline (confidence ramping)
SES_0003855,USR_0059,user,2026-01-05 12:31:32,39,0.3036591286473224,0.746,normal,Cold-start: score vs population baseline (confidence ramping)
SES_0003861,USR_0059,user,2026-01-05 12:43:02,40,0.1298954866391022,0.76,normal,Cold-start: score vs population baseline (confidence ramping)
SES_0003897,USR_0059,user,2026-01-05 13:25:53,41,0.0610284764244235,0.774,normal,Cold-start: score vs population baseline (confidence ramping)
SES_0003928,USR_0059,user,2026-01-05 13:47:12,42,0.1198131568671252,0.788,normal,Cold-start: score vs population baseline (confidence ramping)
SES_0003937,USR_0059,user,2026-01-05 13:59:23,43,0.074838101248199,0.802,normal,Cold-start: score vs population baseline (confidence ramping)
SES_0004472,USR_0059,user,2026-01-06 07:36:59,44,0.1180095892830112,0.8160000000000001,normal,Cold-start: score vs population baseline (confidence ramping)
SES_0004503,USR_0059,user,2026-01-06 08:09:40,45,0.1283346151408308,0.8300000000000001,normal,Cold-start: score vs population baseline (confidence ramping)
SES_0004526,USR_0059,user,2026-01-06 08:26:59,46,0.0645219460093348,0.8440000000000001,normal,Cold-start: score vs population baseline (confidence ramping)
SES_0004541,USR_0059,user,2026-01-06 08:43:10,47,0.0626612931077833,0.8579999999999999,normal,Cold-start: score vs population baseline (confidence ramping)
SES_0004553,USR_0059,user,2026-01-06 08:53:41,48,0.062109672904488,0.8719999999999999,normal,Cold-start: score vs population baseline (confidence ramping)
SES_0004557,USR_0059,user,2026-01-06 08:58:16,49,0.0982689546940907,0.8859999999999999,normal,Cold-start: score vs population baseline (confidence ramping)
SES_0004753,USR_0059,user,2026-01-06 12:21:56,50,0.0402410808764807,0.8999999999999999,normal,Cold-start: score vs population baseline (confidence ramping)
SES_0000084,USR_0060,user,2026-01-01 07:26:18,1,0.3277668579213759,0.21400000000000002,normal,Cold-start: score vs population baseline (confidence ramping)
SES_0000093,USR_0060,user,2026-01-01 07:39:12,2,0.2791052518885305,0.228,normal,Cold-start: score vs population baseline (confidence ramping)
SES_0000456,USR_0060,user,2026-01-01 13:51:55,3,0.1275804438832228,0.242,normal,Cold-start: score vs population baseline (confidence ramping)
SES_0000463,USR_0060,user,2026-01-01 13:56:06,4,0.2104678818259992,0.256,normal,Cold-start: score vs population baseline (confidence ramping)
SES_0000465,USR_0060,user,2026-01-01 13:57:09,5,0.0552165184162295,0.27,normal,Cold-start: score vs population baseline (confidence ramping)
SES_0000473,USR_0060,user,2026-01-01 14:05:02,6,0.2843648985957454,0.28400000000000003,normal,Cold-start: score vs population baseline (confidence ramping)
SES_0000695,USR_0060,user,2026-01-01 18:04:28,7,0.0564011621216824,0.29800000000000004,normal,Cold-start: score vs population baseline (confidence ramping)
SES_0000725,USR_0060,user,2026-01-01 18:37:47,8,0.0581763878208253,0.312,normal,Cold-start: score vs population baseline (confidence ramping)
SES_0000735,USR_0060,user,2026-01-01 18:47:13,9,0.1239174524370861,0.326,normal,Cold-start: score vs population baseline (confidence ramping)
SES_0000743,USR_0060,user,2026-01-01 18:57:31,10,0.0598840144989959,0.33999999999999997,normal,Cold-start: score vs population baseline (confidence ramping)
SES_0001286,USR_0060,user,2026-01-02 13:19:16,11,0.0534001506779026,0.354,normal,Cold-start: score vs population baseline (confidence ramping)
SES_0001295,USR_0060,user,2026-01-02 13:26:03,12,0.0535072774659951,0.368,normal,Cold-start: score vs population baseline (confidence ramping)
SES_0001314,USR_0060,user,2026-01-02 13:51:03,13,0.1168281580117058,0.382,normal,Cold-start: score vs population baseline (confidence ramping)
SES_0001317,USR_0060,user,2026-01-02 13:53:28,14,0.0546005028704742,0.396,normal,Cold-start: score vs population baseline (confidence ramping)
SES_0001366,USR_0060,user,2026-01-02 14:55:11,15,0.1249365600141501,0.41000000000000003,normal,Cold-start: score vs population baseline (confidence ramping)
SES_0001547,USR_0060,user,2026-01-02 18:37:03,16,0.0595445575279603,0.424,normal,Cold-start: score vs population baseline (confidence ramping)
SES_0001751,USR_0060,user,2026-01-03 07:01:57,17,0.2313254532144755,0.438,normal,Cold-start: score vs population baseline (confidence ramping)
SES_0001810,USR_0060,user,2026-01-03 07:34:35,18,0.1956536831124749,0.452,normal,Cold-start: score vs population baseline (confidence ramping)
SES_0001819,USR_0060,user,2026-01-03 07:40:25,19,0.4022312724203004,0.46599999999999997,normal,Cold-start: score vs population baseline (confidence ramping)
SES_0002150,USR_0060,user,2026-01-03 13:31:44,20,0.092704475115049,0.48,normal,Cold-start: score vs population baseline (confidence ramping)
SES_0002179,USR_0060,user,2026-01-03 14:14:16,21,0.1010502914551604,0.494,normal,Cold-start: score vs population baseline (confidence ramping)
SES_0002197,USR_0060,user,2026-01-03 14:37:39,22,0.1017280899735306,0.508,normal,Cold-start: score vs population baseline (confidence ramping)
SES_0002397,USR_0060,user,2026-01-03 18:04:38,23,0.1722964575878198,0.522,normal,Cold-start: score vs population baseline (confidence ramping)
SES_0002656,USR_0060,user,2026-01-04 07:16:36,24,0.1416845950390951,0.536,normal,Cold-start: score vs population baseline (confidence ramping)
SES_0003079,USR_0060,user,2026-01-04 14:15:26,25,0.110849258640346,0.55,normal,Cold-start: score vs population baseline (confidence ramping)
SES_0003089,USR_0060,user,2026-01-04 14:30:11,26,0.1435061563555601,0.5640000000000001,normal,Cold-start: score vs population baseline (confidence ramping)
SES_0003100,USR_0060,user,2026-01-04 14:43:55,27,0.1047579784076045,0.5780000000000001,normal,Cold-start: score vs population baseline (confidence ramping)
SES_0003285,USR_0060,user,2026-01-04 18:05:36,28,0.1340622511953075,0.5920000000000001,normal,Cold-start: score vs population baseline (confidence ramping)
SES_0003536,USR_0060,user,2026-01-05 07:00:30,29,0.1023659579443153,0.606,normal,Cold-start: score vs population baseline (confidence ramping)
SES_0003565,USR_0060,user,2026-01-05 07:30:21,30,0.1208443195901187,0.62,normal,Cold-start: score vs population baseline (confidence ramping)
SES_0003573,USR_0060,user,2026-01-05 07:34:37,31,0.0945736682129925,0.634,normal,Cold-start: score vs population baseline (confidence ramping)
SES_0003907,USR_0060,user,2026-01-05 13:33:53,32,0.0918089844582704,0.6479999999999999,normal,Cold-start: score vs population baseline (confidence ramping)
SES_0003920,USR_0060,user,2026-01-05 13:40:29,33,0.3307032992054731,0.6619999999999999,normal,Cold-start: score vs population baseline (confidence ramping)
SES_0003926,USR_0060,user,2026-01-05 13:45:01,34,0.5067087081879323,0.6759999999999999,normal,Cold-start: score vs population baseline (confidence ramping)
SES_0003944,USR_0060,user,2026-01-05 14:05:17,35,0.0917939743463362,0.69,normal,Cold-start: score vs population baseline (confidence ramping)
SES_0003950,USR_0060,user,2026-01-05 14:09:30,36,0.0712439426765561,0.704,normal,Cold-start: score vs population baseline (confidence ramping)
SES_0003960,USR_0060,user,2026-01-05 14:18:44,37,0.1058490994536498,0.718,normal,Cold-start: score vs population baseline (confidence ramping)
SES_0003966,USR_0060,user,2026-01-05 14:26:01,38,0.109338513011103,0.732,normal,Cold-start: score vs population baseline (confidence ramping)
SES_0004220,USR_0060,user,2026-01-05 18:44:45,39,0.1525730380446883,0.746,normal,Cold-start: score vs population baseline (confidence ramping)
SES_0004226,USR_0060,user,2026-01-05 18:55:09,40,0.153615504858367,0.76,normal,Cold-start: score vs population baseline (confidence ramping)
SES_0004440,USR_0060,user,2026-01-06 07:10:21,41,0.1445791730286433,0.774,normal,Cold-start: score vs population baseline (confidence ramping)
SES_0004490,USR_0060,user,2026-01-06 07:52:48,42,0.1287898995147271,0.788,normal,Cold-start: score vs population baseline (confidence ramping)
SES_0004803,USR_0060,user,2026-01-06 13:13:44,43,0.1260683478573121,0.802,normal,Cold-start: score vs population baseline (confidence ramping)
SES_0005082,USR_0060,user,2026-01-06 18:15:09,44,0.1356388644482094,0.8160000000000001,normal,Cold-start: score vs population baseline (confidence ramping)
SES_0005102,USR_0060,user,2026-01-06 18:37:29,45,0.1133458695988351,0.8300000000000001,normal,Cold-start: score vs population baseline (confidence ramping)
SES_0005103,USR_0060,user,2026-01-06 18:37:51,46,0.1197988838384691,0.8440000000000001,normal,Cold-start: score vs population baseline (confidence ramping)
SES_0005108,USR_0060,user,2026-01-06 18:46:08,47,0.126773314266798,0.8579999999999999,normal,Cold-start: score vs population baseline (confidence ramping)
SES_0005113,USR_0060,user,2026-01-06 18:49:40,48,0.0732269917288344,0.8719999999999999,normal,Cold-start: score vs population baseline (confidence ramping)
SES_0005334,USR_0060,user,2026-01-07 07:29:56,49,0.105944281767412,0.8859999999999999,normal,Cold-start: score vs population baseline (confidence ramping)
SES_0005351,USR_0060,user,2026-01-07 07:43:16,50,0.087899865780936,0.8999999999999999,normal,Cold-start: score vs population baseline (confidence ramping)
SES_0000054,USR_0061,user,2026-01-01 07:07:09,1,0.3653053901005966,0.21400000000000002,normal,Cold-start: score vs population baseline (confidence ramping)
SES_0000081,USR_0061,user,2026-01-01 07:24:07,2,0.2655910080423337,0.228,normal,Cold-start: score vs population baseline (confidence ramping)
SES_0000173,USR_0061,user,2026-01-01 09:02:23,3,0.1541151355199073,0.242,normal,Cold-start: score vs population baseline (confidence ramping)
SES_0000588,USR_0061,user,2026-01-01 16:22:34,4,0.065070430687118,0.256,normal,Cold-start: score vs population baseline (confidence ramping)
SES_0000635,USR_0061,user,2026-01-01 17:10:44,5,0.1904276243611448,0.27,normal,Cold-start: score vs population baseline (confidence ramping)
SES_0000858,USR_0061,user,2026-01-01 21:08:17,6,0.1809537115488194,0.28400000000000003,normal,Cold-start: score vs population baseline (confidence ramping)
SES_0000884,USR_0061,user,2026-01-01 21:37:56,7,0.1644089340801234,0.29800000000000004,normal,Cold-start: score vs population baseline (confidence ramping)
SES_0000969,USR_0061,user,2026-01-02 07:09:54,8,0.2115418571842525,0.312,normal,Cold-start: score vs population baseline (confidence ramping)
SES_0001007,USR_0061,user,2026-01-02 07:39:27,9,0.0585529314910254,0.326,normal,Cold-start: score vs population baseline (confidence ramping)
SES_0001012,USR_0061,user,2026-01-02 07:42:56,10,0.1074268813449105,0.33999999999999997,normal,Cold-start: score vs population baseline (confidence ramping)
SES_0001089,USR_0061,user,2026-01-02 09:16:06,11,0.0930006462263681,0.354,normal,Cold-start: score vs population baseline (confidence ramping)
SES_0001677,USR_0061,user,2026-01-02 21:27:52,12,0.1709948218586534,0.368,normal,Cold-start: score vs population baseline (confidence ramping)
SES_0001681,USR_0061,user,2026-01-02 21:28:45,13,0.1753378119729041,0.382,normal,Cold-start: score vs population baseline (confidence ramping)
SES_0001825,USR_0061,user,2026-01-03 07:43:20,14,0.152477815488449,0.396,normal,Cold-start: score vs population baseline (confidence ramping)
SES_0002295,USR_0061,user,2026-01-03 16:19:33,15,0.12555469674384,0.41000000000000003,normal,Cold-start: score vs population baseline (confidence ramping)
SES_0002303,USR_0061,user,2026-01-03 16:26:03,16,0.0970433416090335,0.424,normal,Cold-start: score vs population baseline (confidence ramping)
SES_0002375,USR_0061,user,2026-01-03 17:42:12,17,0.0841343065216985,0.438,normal,Cold-start: score vs population baseline (confidence ramping)
SES_0002786,USR_0061,user,2026-01-04 09:01:43,18,0.1153271682168698,0.452,normal,Cold-start: score vs population baseline (confidence ramping)
SES_0002827,USR_0061,user,2026-01-04 09:59:00,19,0.1049883130951633,0.46599999999999997,normal,Cold-start: score vs population baseline (confidence ramping)
SES_0003128,USR_0061,user,2026-01-04 15:13:33,20,0.2358035743899785,0.48,normal,Cold-start: score vs population baseline (confidence ramping)
SES_0003207,USR_0061,user,2026-01-04 16:27:23,21,0.0918075525512002,0.494,normal,Cold-start: score vs population baseline (confidence ramping)
SES_0003212,USR_0061,user,2026-01-04 16:32:23,22,0.3378091588766915,0.508,normal,Cold-start: score vs population baseline (confidence ramping)
SES_0003258,USR_0061,user,2026-01-04 17:28:14,23,0.1646521587741494,0.522,normal,Cold-start: score vs population baseline (confidence ramping)
SES_0003576,USR_0061,user,2026-01-05 07:40:24,24,0.1281970054609127,0.536,normal,Cold-start: score vs population baseline (confidence ramping)
SES_0004381,USR_0061,user,2026-01-05 21:54:26,25,0.1975171187200938,0.55,normal,Cold-start: score vs population baseline (confidence ramping)
SES_0004475,USR_0061,user,2026-01-06 07:38:54,26,0.2156522014645102,0.5640000000000001,normal,Cold-start: score vs population baseline (confidence ramping)
SES_0004483,USR_0061,user,2026-01-06 07:49:01,27,0.2889677954410227,0.5780000000000001,normal,Cold-start: score vs population baseline (confidence ramping)
SES_0004567,USR_0061,user,2026-01-06 09:04:12,28,0.1797180462632064,0.5920000000000001,normal,Cold-start: score vs population baseline (confidence ramping)
SES_0004901,USR_0061,user,2026-01-06 15:05:30,29,0.0413177566967191,0.606,normal,Cold-start: score vs population baseline (confidence ramping)
SES_0004907,USR_0061,user,2026-01-06 15:09:41,30,0.0299309698941328,0.62,normal,Cold-start: score vs population baseline (confidence ramping)
SES_0004990,USR_0061,user,2026-01-06 16:42:48,31,0.0623750790892159,0.634,normal,Cold-start: score vs population baseline (confidence ramping)
SES_0005014,USR_0061,user,2026-01-06 17:04:51,32,0.098675606483146,0.6479999999999999,normal,Cold-start: score vs population baseline (confidence ramping)
SES_0005030,USR_0061,user,2026-01-06 17:18:45,33,0.1939664238110252,0.6619999999999999,normal,Cold-start: score vs population baseline (confidence ramping)
SES_0005044,USR_0061,user,2026-01-06 17:36:55,34,0.0935660268671376,0.6759999999999999,normal,Cold-start: score vs population baseline (confidence ramping)
SES_0005057,USR_0061,user,2026-01-06 17:50:35,35,0.1057199037154627,0.69,normal,Cold-start: score vs population baseline (confidence ramping)
SES_0005248,USR_0061,user,2026-01-06 21:44:20,36,0.2435770531393618,0.704,normal,Cold-start: score vs population baseline (confidence ramping)
SES_0005258,USR_0061,user,2026-01-06 21:59:42,37,0.3893133163100548,0.718,normal,Cold-start: score vs population baseline (confidence ramping)
SES_0005328,USR_0061,user,2026-01-07 07:21:53,38,0.1632315107499281,0.732,normal,Cold-start: score vs population baseline (confidence ramping)
SES_0005365,USR_0061,user,2026-01-07 07:57:23,39,0.1513690804296434,0.746,normal,Cold-start: score vs population baseline (confidence ramping)
SES_0005504,USR_0061,user,2026-01-07 09:51:54,40,0.153267067663373,0.76,normal,Cold-start: score vs population baseline (confidence ramping)
SES_0005811,USR_0061,user,2026-01-07 15:16:25,41,0.0946169157806764,0.774,normal,Cold-start: score vs population baseline (confidence ramping)
SES_0005868,USR_0061,user,2026-01-07 16:20:56,42,0.1548798493682107,0.788,normal,Cold-start: score vs population baseline (confidence ramping)
SES_0005889,USR_0061,user,2026-01-07 16:47:28,43,0.0558141297445793,0.802,normal,Cold-start: score vs population baseline (confidence ramping)
SES_0005908,USR_0061,user,2026-01-07 17:14:46,44,0.037859296709687,0.8160000000000001,normal,Cold-start: score vs population baseline (confidence ramping)
SES_0005919,USR_0061,user,2026-01-07 17:23:28,45,0.0603256506453269,0.8300000000000001,normal,Cold-start: score vs population baseline (confidence ramping)
SES_0005930,USR_0061,user,2026-01-07 17:33:09,46,0.0645307971892231,0.8440000000000001,normal,Cold-start: score vs population baseline (confidence ramping)
SES_0005932,USR_0061,user,2026-01-07 17:33:58,47,0.1200720626445605,0.8579999999999999,normal,Cold-start: score vs population baseline (confidence ramping)
SES_0006101,USR_0061,user,2026-01-07 21:05:26,48,0.2227859565452002,0.8719999999999999,normal,Cold-start: score vs population baseline (confidence ramping)
SES_0006114,USR_0061,user,2026-01-07 21:16:28,49,0.2142454636399967,0.8859999999999999,normal,Cold-start: score vs population baseline (confidence ramping)
SES_0006242,USR_0061,user,2026-01-08 07:48:17,50,0.0736742273652169,0.8999999999999999,normal,Cold-start: score vs population baseline (confidence ramping)
SES_0000037,USR_0062,user,2026-01-01 06:49:37,1,0.4030368655222062,0.21400000000000002,normal,Cold-start: score vs population baseline (confidence ramping)
SES_0000346,USR_0062,user,2026-01-01 12:03:33,2,0.2667943734937653,0.228,normal,Cold-start: score vs population baseline (confidence ramping)
SES_0000399,USR_0062,user,2026-01-01 12:50:13,3,0.176404610274506,0.242,normal,Cold-start: score vs population baseline (confidence ramping)
SES_0000443,USR_0062,user,2026-01-01 13:34:01,4,0.1873309663075467,0.256,normal,Cold-start: score vs population baseline (confidence ramping)
SES_0000451,USR_0062,user,2026-01-01 13:47:08,5,0.080265743183471,0.27,normal,Cold-start: score vs population baseline (confidence ramping)
SES_0000690,USR_0062,user,2026-01-01 17:57:33,6,0.192027837691954,0.28400000000000003,normal,Cold-start: score vs population baseline (confidence ramping)
SES_0000915,USR_0062,user,2026-01-02 06:10:04,7,0.1903016258634961,0.29800000000000004,normal,Cold-start: score vs population baseline (confidence ramping)
SES_0001245,USR_0062,user,2026-01-02 12:27:59,8,0.0662862309390714,0.312,normal,Cold-start: score vs population baseline (confidence ramping)
SES_0001321,USR_0062,user,2026-01-02 13:58:38,9,0.0807882777844564,0.326,normal,Cold-start: score vs population baseline (confidence ramping)
SES_0001492,USR_0062,user,2026-01-02 17:37:10,10,0.0777248013571559,0.33999999999999997,normal,Cold-start: score vs population baseline (confidence ramping)
SES_0001714,USR_0062,user,2026-01-03 06:15:24,11,0.3268282773079797,0.354,normal,Cold-start: score vs population baseline (confidence ramping)
SES_0001726,USR_0062,user,2026-01-03 06:32:07,12,0.1967862967292262,0.368,normal,Cold-start: score vs population baseline (confidence ramping)
SES_0001732,USR_0062,user,2026-01-03 06:44:19,13,0.2574613376820254,0.382,normal,Cold-start: score vs population baseline (confidence ramping)
SES_0001735,USR_0062,user,2026-01-03 06:48:41,14,0.338698162579362,0.396,normal,Cold-start: score vs population baseline (confidence ramping)
SES_0002077,USR_0062,user,2026-01-03 12:09:03,15,0.1155054115499749,0.41000000000000003,normal,Cold-start: score vs population baseline (confidence ramping)
SES_0002078,USR_0062,user,2026-01-03 12:10:38,16,0.1084728371186483,0.424,normal,Cold-start: score vs population baseline (confidence ramping)
SES_0002092,USR_0062,user,2026-01-03 12:25:12,17,0.1133969746514365,0.438,normal,Cold-start: score vs population baseline (confidence ramping)
SES_0002121,USR_0062,user,2026-01-03 13:02:23,18,0.1740142679718933,0.452,normal,Cold-start: score vs population baseline (confidence ramping)
SES_0002135,USR_0062,user,2026-01-03 13:13:52,19,0.2732896983871475,0.46599999999999997,normal,Cold-start: score vs population baseline (confidence ramping)
SES_0002137,USR_0062,user,2026-01-03 13:14:33,20,0.1617476220965787,0.48,normal,Cold-start: score vs population baseline (confidence ramping)
SES_0002144,USR_0062,user,2026-01-03 13:24:23,21,0.1711278613285084,0.494,normal,Cold-start: score vs population baseline (confidence ramping)
SES_0002215,USR_0062,user,2026-01-03 15:05:05,22,0.1460776260529837,0.508,normal,Cold-start: score vs population baseline (confidence ramping)
SES_0002352,USR_0062,user,2026-01-03 17:17:14,23,0.1698865724076955,0.522,normal,Cold-start: score vs population baseline (confidence ramping)
SES_0002355,USR_0062,user,2026-01-03 17:18:08,24,0.1178363508484446,0.536,normal,Cold-start: score vs population baseline (confidence ramping)
SES_0002393,USR_0062,user,2026-01-03 17:58:07,25,0.1645432082496472,0.55,normal,Cold-start: score vs population baseline (confidence ramping)
SES_0002593,USR_0062,user,2026-01-04 06:10:33,26,0.2399650889520704,0.5640000000000001,normal,Cold-start: score vs population baseline (confidence ramping)
SES_0002610,USR_0062,user,2026-01-04 06:25:41,27,0.2986348678655455,0.5780000000000001,normal,Cold-start: score vs population baseline (confidence ramping)
SES_0002968,USR_0062,user,2026-01-04 12:12:25,28,0.1112123202797732,0.5920000000000001,normal,Cold-start: score vs population baseline (confidence ramping)
SES_0003010,USR_0062,user,2026-01-04 12:58:01,29,0.1097085276256216,0.606,normal,Cold-start: score vs population baseline (confidence ramping)
SES_0003013,USR_0062,user,2026-01-04 13:00:50,30,0.098851208763527,0.62,normal,Cold-start: score vs population baseline (confidence ramping)
SES_0003161,USR_0062,user,2026-01-04 15:39:17,31,0.1214862799988131,0.634,normal,Cold-start: score vs population baseline (confidence ramping)
SES_0003166,USR_0062,user,2026-01-04 15:41:57,32,0.1516090555616365,0.6479999999999999,normal,Cold-start: score vs population baseline (confidence ramping)
SES_0003243,USR_0062,user,2026-01-04 17:09:33,33,0.135079865285451,0.6619999999999999,normal,Cold-start: score vs population baseline (confidence ramping)
SES_0003496,USR_0062,user,2026-01-05 06:06:18,34,0.1800662539275108,0.6759999999999999,normal,Cold-start: score vs population baseline (confidence ramping)
SES_0003522,USR_0062,user,2026-01-05 06:42:11,35,0.1804085390734447,0.69,normal,Cold-start: score vs population baseline (confidence ramping)
SES_0003839,USR_0062,user,2026-01-05 12:21:02,36,0.0789760896227631,0.704,normal,Cold-start: score vs population baseline (confidence ramping)
SES_0003914,USR_0062,user,2026-01-05 13:37:16,37,0.1211832457755486,0.718,normal,Cold-start: score vs population baseline (confidence ramping)
SES_0003916,USR_0062,user,2026-01-05 13:38:16,38,0.0984051904900301,0.732,normal,Cold-start: score vs population baseline (confidence ramping)
SES_0003918,USR_0062,user,2026-01-05 13:38:49,39,0.1298570143047656,0.746,normal,Cold-start: score vs population baseline (confidence ramping)
SES_0004040,USR_0062,user,2026-01-05 15:43:38,40,0.1975060941267183,0.76,normal,Cold-start: score vs population baseline (confidence ramping)
SES_0004054,USR_0062,user,2026-01-05 15:55:51,41,0.0774304565920485,0.774,normal,Cold-start: score vs population baseline (confidence ramping)
SES_0004159,USR_0062,user,2026-01-05 17:33:33,42,0.0912306261005689,0.788,normal,Cold-start: score vs population baseline (confidence ramping)
SES_0004173,USR_0062,user,2026-01-05 17:54:28,43,0.1261177741701667,0.802,normal,Cold-start: score vs population baseline (confidence ramping)
SES_0004392,USR_0062,user,2026-01-06 06:07:47,44,0.1817322919644672,0.8160000000000001,normal,Cold-start: score vs population baseline (confidence ramping)
SES_0004401,USR_0062,user,2026-01-06 06:22:45,45,0.1894774212327618,0.8300000000000001,normal,Cold-start: score vs population baseline (confidence ramping)
SES_0004404,USR_0062,user,2026-01-06 06:34:07,46,0.2077471153352215,0.8440000000000001,normal,Cold-start: score vs population baseline (confidence ramping)
SES_0004741,USR_0062,user,2026-01-06 12:03:53,47,0.0971452063788778,0.8579999999999999,normal,Cold-start: score vs population baseline (confidence ramping)
SES_0004747,USR_0062,user,2026-01-06 12:11:13,48,0.0805012131682656,0.8719999999999999,normal,Cold-start: score vs population baseline (confidence ramping)
SES_0004807,USR_0062,user,2026-01-06 13:22:09,49,0.0481006055111883,0.8859999999999999,normal,Cold-start: score vs population baseline (confidence ramping)
SES_0005285,USR_0062,user,2026-01-07 06:29:47,50,0.1754981170574989,0.8999999999999999,normal,Cold-start: score vs population baseline (confidence ramping)
SES_0000471,USR_0063,user,2026-01-01 14:01:07,1,0.3143478448984593,0.21400000000000002,normal,Cold-start: score vs population baseline (confidence ramping)
SES_0000518,USR_0063,user,2026-01-01 14:56:40,2,0.2527548371397458,0.228,normal,Cold-start: score vs population baseline (confidence ramping)
SES_0000538,USR_0063,user,2026-01-01 15:16:02,3,0.14340212735513,0.242,normal,Cold-start: score vs population baseline (confidence ramping)
SES_0000540,USR_0063,user,2026-01-01 15:19:08,4,0.1368880363388302,0.256,normal,Cold-start: score vs population baseline (confidence ramping)
SES_0000598,USR_0063,user,2026-01-01 16:35:22,5,0.0850720844403917,0.27,normal,Cold-start: score vs population baseline (confidence ramping)
SES_0000605,USR_0063,user,2026-01-01 16:43:54,6,0.1800148610598831,0.28400000000000003,normal,Cold-start: score vs population baseline (confidence ramping)
SES_0000615,USR_0063,user,2026-01-01 16:53:36,7,0.1724360163922941,0.29800000000000004,normal,Cold-start: score vs population baseline (confidence ramping)
SES_0000701,USR_0063,user,2026-01-01 18:10:32,8,0.1413098500357752,0.312,normal,Cold-start: score vs population baseline (confidence ramping)
SES_0001341,USR_0063,user,2026-01-02 14:16:45,9,0.0979667090276918,0.326,normal,Cold-start: score vs population baseline (confidence ramping)
SES_0001417,USR_0063,user,2026-01-02 16:03:57,10,0.0684209159597452,0.33999999999999997,normal,Cold-start: score vs population baseline (confidence ramping)
SES_0001455,USR_0063,user,2026-01-02 16:51:25,11,0.0508065353286045,0.354,normal,Cold-start: score vs population baseline (confidence ramping)
SES_0001609,USR_0063,user,2026-01-02 20:04:10,12,0.0966550913322169,0.368,normal,Cold-start: score vs population baseline (confidence ramping)
SES_0001645,USR_0063,user,2026-01-02 20:52:12,13,0.078081075291826,0.382,normal,Cold-start: score vs population baseline (confidence ramping)
SES_0002239,USR_0063,user,2026-01-03 15:28:39,14,0.0812625044058354,0.396,normal,Cold-start: score vs population baseline (confidence ramping)
SES_0002280,USR_0063,user,2026-01-03 16:05:20,15,0.1351421160445614,0.41000000000000003,normal,Cold-start: score vs population baseline (confidence ramping)
SES_0002317,USR_0063,user,2026-01-03 16:41:25,16,0.1011952831770629,0.424,normal,Cold-start: score vs population baseline (confidence ramping)
SES_0002322,USR_0063,user,2026-01-03 16:42:35,17,0.3636696766493349,0.438,normal,Cold-start: score vs population baseline (confidence ramping)
SES_0002428,USR_0063,user,2026-01-03 18:44:55,18,0.1219406568220721,0.452,normal,Cold-start: score vs population baseline (confidence ramping)
SES_0002507,USR_0063,user,2026-01-03 20:31:17,19,0.1595413254044551,0.46599999999999997,normal,Cold-start: score vs population baseline (confidence ramping)
SES_0003065,USR_0063,user,2026-01-04 14:01:30,20,0.1197588403124017,0.48,normal,Cold-start: score vs population baseline (confidence ramping)
SES_0003068,USR_0063,user,2026-01-04 14:03:49,21,0.3956235312394597,0.494,normal,Cold-start: score vs population baseline (confidence ramping)
SES_0003112,USR_0063,user,2026-01-04 14:53:36,22,0.1696721373579044,0.508,normal,Cold-start: score vs population baseline (confidence ramping)
SES_0003140,USR_0063,user,2026-01-04 15:20:45,23,0.1219118779978111,0.522,normal,Cold-start: score vs population baseline (confidence ramping)
SES_0003187,USR_0063,user,2026-01-04 16:01:28,24,0.1065023135108254,0.536,normal,Cold-start: score vs population baseline (confidence ramping)
SES_0003215,USR_0063,user,2026-01-04 16:39:57,25,0.1079487766521332,0.55,normal,Cold-start: score vs population baseline (confidence ramping)
SES_0003226,USR_0063,user,2026-01-04 16:50:27,26,0.1231488190066099,0.5640000000000001,normal,Cold-start: score vs population baseline (confidence ramping)
SES_0003286,USR_0063,user,2026-01-04 18:06:19,27,0.1050220502202431,0.5780000000000001,normal,Cold-start: score vs population baseline (confidence ramping)
SES_0003300,USR_0063,user,2026-01-04 18:21:51,28,0.1631352862306228,0.5920000000000001,normal,Cold-start: score vs population baseline (confidence ramping)
SES_0003955,USR_0063,user,2026-01-05 14:16:22,29,0.1035000780361469,0.606,normal,Cold-start: score vs population baseline (confidence ramping)
SES_0003972,USR_0063,user,2026-01-05 14:29:14,30,0.0872064227407947,0.62,normal,Cold-start: score vs population baseline (confidence ramping)
SES_0003976,USR_0063,user,2026-01-05 14:32:55,31,0.0957606227398061,0.634,normal,Cold-start: score vs population baseline (confidence ramping)
SES_0004034,USR_0063,user,2026-01-05 15:36:46,32,0.0666338427947187,0.6479999999999999,normal,Cold-start: score vs population baseline (confidence ramping)
SES_0004055,USR_0063,user,2026-01-05 15:57:11,33,0.0749987439677599,0.6619999999999999,normal,Cold-start: score vs population baseline (confidence ramping)
SES_0004073,USR_0063,user,2026-01-05 16:09:39,34,0.0677905744152725,0.6759999999999999,normal,Cold-start: score vs population baseline (confidence ramping)
SES_0004097,USR_0063,user,2026-01-05 16:32:59,35,0.0722204763550933,0.69,normal,Cold-start: score vs population baseline (confidence ramping)
SES_0004102,USR_0063,user,2026-01-05 16:40:58,36,0.3084281185298519,0.704,normal,Cold-start: score vs population baseline (confidence ramping)
SES_0004106,USR_0063,user,2026-01-05 16:45:53,37,0.312400601480586,0.718,normal,Cold-start: score vs population baseline (confidence ramping)
SES_0004181,USR_0063,user,2026-01-05 18:03:11,38,0.085298344448027,0.732,normal,Cold-start: score vs population baseline (confidence ramping)
SES_0004208,USR_0063,user,2026-01-05 18:33:16,39,0.0845500958090064,0.746,normal,Cold-start: score vs population baseline (confidence ramping)
SES_0004288,USR_0063,user,2026-01-05 20:25:00,40,0.1220745325703012,0.76,normal,Cold-start: score vs population baseline (confidence ramping)
SES_0004873,USR_0063,user,2026-01-06 14:40:32,41,0.0692592053207282,0.774,normal,Cold-start: score vs population baseline (confidence ramping)
SES_0004961,USR_0063,user,2026-01-06 16:12:44,42,0.0710734724695987,0.788,normal,Cold-start: score vs population baseline (confidence ramping)
SES_0004992,USR_0063,user,2026-01-06 16:43:24,43,0.0744578591540824,0.802,normal,Cold-start: score vs population baseline (confidence ramping)
SES_0005777,USR_0063,user,2026-01-07 14:47:19,44,0.1925274770226565,0.8160000000000001,normal,Cold-start: score vs population baseline (confidence ramping)
SES_0005778,USR_0063,user,2026-01-07 14:47:35,45,0.0893720457798153,0.8300000000000001,normal,Cold-start: score vs population baseline (confidence ramping)
SES_0005795,USR_0063,user,2026-01-07 15:02:28,46,0.1201427679757423,0.8440000000000001,normal,Cold-start: score vs population baseline (confidence ramping)
SES_0005797,USR_0063,user,2026-01-07 15:03:38,47,0.0811544083644708,0.8579999999999999,normal,Cold-start: score vs population baseline (confidence ramping)
SES_0005880,USR_0063,user,2026-01-07 16:32:14,48,0.0642272343794082,0.8719999999999999,normal,Cold-start: score vs population baseline (confidence ramping)
SES_0005960,USR_0063,user,2026-01-07 18:16:47,49,0.1165066737883061,0.8859999999999999,normal,Cold-start: score vs population baseline (confidence ramping)
SES_0006068,USR_0063,user,2026-01-07 20:29:09,50,0.1438657242395243,0.8999999999999999,normal,Cold-start: score vs population baseline (confidence ramping)
SES_0000012,USR_0064,user,2026-01-01 06:12:19,1,0.3733186069925092,0.21400000000000002,normal,Cold-start: score vs population baseline (confidence ramping)
SES_0000036,USR_0064,user,2026-01-01 06:49:32,2,0.256143550056425,0.228,normal,Cold-start: score vs population baseline (confidence ramping)
SES_0000131,USR_0064,user,2026-01-01 08:23:03,3,0.2089750632751148,0.242,normal,Cold-start: score vs population baseline (confidence ramping)
SES_0000516,USR_0064,user,2026-01-01 14:50:45,4,0.1962767554799551,0.256,normal,Cold-start: score vs population baseline (confidence ramping)
SES_0000996,USR_0064,user,2026-01-02 07:33:37,5,0.0858060335696982,0.27,normal,Cold-start: score vs population baseline (confidence ramping)
SES_0001005,USR_0064,user,2026-01-02 07:38:41,6,0.1504524038715053,0.28400000000000003,normal,Cold-start: score vs population baseline (confidence ramping)
SES_0001034,USR_0064,user,2026-01-02 08:02:06,7,0.0750866199405548,0.29800000000000004,normal,Cold-start: score vs population baseline (confidence ramping)
SES_0001070,USR_0064,user,2026-01-02 08:54:37,8,0.0798531805013444,0.312,normal,Cold-start: score vs population baseline (confidence ramping)
SES_0001328,USR_0064,user,2026-01-02 14:04:38,9,0.0823736172953492,0.326,normal,Cold-start: score vs population baseline (confidence ramping)
SES_0001344,USR_0064,user,2026-01-02 14:22:16,10,0.0587345579081862,0.33999999999999997,normal,Cold-start: score vs population baseline (confidence ramping)
SES_0001348,USR_0064,user,2026-01-02 14:24:00,11,0.0614351503221539,0.354,normal,Cold-start: score vs population baseline (confidence ramping)
SES_0001719,USR_0064,user,2026-01-03 06:24:02,12,0.2339173130508975,0.368,normal,Cold-start: score vs population baseline (confidence ramping)
SES_0002192,USR_0064,user,2026-01-03 14:34:16,13,0.1008901225300204,0.382,normal,Cold-start: score vs population baseline (confidence ramping)
SES_0002446,USR_0064,user,2026-01-03 19:12:31,14,0.1322003570849262,0.396,normal,Cold-start: score vs population baseline (confidence ramping)
SES_0002606,USR_0064,user,2026-01-04 06:21:48,15,0.2181558586526976,0.41000000000000003,normal,Cold-start: score vs population baseline (confidence ramping)
SES_0002619,USR_0064,user,2026-01-04 06:37:39,16,0.3688016431177786,0.424,normal,Cold-start: score vs population baseline (confidence ramping)
SES_0002627,USR_0064,user,2026-01-04 06:54:04,17,0.3675497809878977,0.438,normal,Cold-start: score vs population baseline (confidence ramping)
SES_0002665,USR_0064,user,2026-01-04 07:23:38,18,0.1502393731603444,0.452,normal,Cold-start: score vs population baseline (confidence ramping)
SES_0002677,USR_0064,user,2026-01-04 07:29:04,19,0.1396490327052748,0.46599999999999997,normal,Cold-start: score vs population baseline (confidence ramping)
SES_0002722,USR_0064,user,2026-01-04 08:07:41,20,0.1606946872102194,0.48,normal,Cold-start: score vs population baseline (confidence ramping)
SES_0003344,USR_0064,user,2026-01-04 19:11:42,21,0.130759938529873,0.494,normal,Cold-start: score vs population baseline (confidence ramping)
SES_0003353,USR_0064,user,2026-01-04 19:17:04,22,0.1306558858680294,0.508,normal,Cold-start: score vs population baseline (confidence ramping)
SES_0003508,USR_0064,user,2026-01-05 06:23:27,23,0.1963485667664545,0.522,normal,Cold-start: score vs population baseline (confidence ramping)
SES_0003538,USR_0064,user,2026-01-05 07:02:05,24,0.1064501609064925,0.536,normal,Cold-start: score vs population baseline (confidence ramping)
SES_0003630,USR_0064,user,2026-01-05 08:55:25,25,0.1232783851711559,0.55,normal,Cold-start: score vs population baseline (confidence ramping)
SES_0004265,USR_0064,user,2026-01-05 19:52:04,26,0.1041278036972608,0.5640000000000001,normal,Cold-start: score vs population baseline (confidence ramping)
SES_0004405,USR_0064,user,2026-01-06 06:34:20,27,0.1839639454921109,0.5780000000000001,normal,Cold-start: score vs population baseline (confidence ramping)
SES_0004423,USR_0064,user,2026-01-06 06:53:39,28,0.2211542311608696,0.5920000000000001,normal,Cold-start: score vs population baseline (confidence ramping)
SES_0004437,USR_0064,user,2026-01-06 07:06:45,29,0.100052280249174,0.606,normal,Cold-start: score vs population baseline (confidence ramping)
SES_0004476,USR_0064,user,2026-01-06 07:39:16,30,0.1169019908053817,0.62,normal,Cold-start: score vs population baseline (confidence ramping)
SES_0004515,USR_0064,user,2026-01-06 08:14:32,31,0.2740600819426563,0.634,normal,Cold-start: score vs population baseline (confidence ramping)
SES_0004525,USR_0064,user,2026-01-06 08:26:04,32,0.1848814649429214,0.6479999999999999,normal,Cold-start: score vs population baseline (confidence ramping)
SES_0004546,USR_0064,user,2026-01-06 08:47:49,33,0.2590905276466073,0.6619999999999999,normal,Cold-start: score vs population baseline (confidence ramping)
SES_0004855,USR_0064,user,2026-01-06 14:15:48,34,0.1061755604841039,0.6759999999999999,normal,Cold-start: score vs population baseline (confidence ramping)
SES_0005146,USR_0064,user,2026-01-06 19:32:54,35,0.0819077447783947,0.69,normal,Cold-start: score vs population baseline (confidence ramping)
SES_0005329,USR_0064,user,2026-01-07 07:23:10,36,0.0777022210764025,0.704,normal,Cold-start: score vs population baseline (confidence ramping)
SES_0005336,USR_0064,user,2026-01-07 07:31:17,37,0.1150494595077534,0.718,normal,Cold-start: score vs population baseline (confidence ramping)
SES_0005358,USR_0064,user,2026-01-07 07:51:03,38,0.0700917041592426,0.732,normal,Cold-start: score vs population baseline (confidence ramping)
SES_0005455,USR_0064,user,2026-01-07 08:59:08,39,0.0799505684094638,0.746,normal,Cold-start: score vs population baseline (confidence ramping)
SES_0005748,USR_0064,user,2026-01-07 14:11:31,40,0.0614564872743906,0.76,normal,Cold-start: score vs population baseline (confidence ramping)
SES_0005788,USR_0064,user,2026-01-07 14:58:47,41,0.0557970041230547,0.774,normal,Cold-start: score vs population baseline (confidence ramping)
SES_0006000,USR_0064,user,2026-01-07 19:02:04,42,0.0798117614092502,0.788,normal,Cold-start: score vs population baseline (confidence ramping)
SES_0006158,USR_0064,user,2026-01-08 06:15:10,43,0.1872368735649922,0.802,normal,Cold-start: score vs population baseline (confidence ramping)
SES_0006161,USR_0064,user,2026-01-08 06:20:39,44,0.1628972303013051,0.8160000000000001,normal,Cold-start: score vs population baseline (confidence ramping)
SES_0006162,USR_0064,user,2026-01-08 06:20:43,45,0.1714532432353214,0.8300000000000001,normal,Cold-start: score vs population baseline (confidence ramping)
SES_0006217,USR_0064,user,2026-01-08 07:30:13,46,0.0805036187954017,0.8440000000000001,normal,Cold-start: score vs population baseline (confidence ramping)
SES_0006253,USR_0064,user,2026-01-08 07:55:02,47,0.1176623086025679,0.8579999999999999,normal,Cold-start: score vs population baseline (confidence ramping)
SES_0006268,USR_0064,user,2026-01-08 08:03:42,48,0.0838811360343875,0.8719999999999999,normal,Cold-start: score vs population baseline (confidence ramping)
SES_0006309,USR_0064,user,2026-01-08 08:41:08,49,0.1067853190969498,0.8859999999999999,normal,Cold-start: score vs population baseline (confidence ramping)
SES_0006625,USR_0064,user,2026-01-08 14:08:46,50,0.0871911243871261,0.8999999999999999,normal,Cold-start: score vs population baseline (confidence ramping)
SES_0000061,USR_0065,user,2026-01-01 07:12:44,1,0.4079974693201377,0.21400000000000002,normal,Cold-start: score vs population baseline (confidence ramping)
SES_0000094,USR_0065,user,2026-01-01 07:39:16,2,0.2713143484451715,0.228,normal,Cold-start: score vs population baseline (confidence ramping)
SES_0000352,USR_0065,user,2026-01-01 12:07:33,3,0.2213883037205181,0.242,normal,Cold-start: score vs population baseline (confidence ramping)
SES_0000425,USR_0065,user,2026-01-01 13:12:24,4,0.1801923640516659,0.256,normal,Cold-start: score vs population baseline (confidence ramping)
SES_0000431,USR_0065,user,2026-01-01 13:22:19,5,0.190682668325883,0.27,normal,Cold-start: score vs population baseline (confidence ramping)
SES_0000556,USR_0065,user,2026-01-01 15:38:35,6,0.0694260536824395,0.28400000000000003,normal,Cold-start: score vs population baseline (confidence ramping)
SES_0000562,USR_0065,user,2026-01-01 15:55:36,7,0.2234429325580341,0.29800000000000004,normal,Cold-start: score vs population baseline (confidence ramping)
SES_0000918,USR_0065,user,2026-01-02 06:13:06,8,0.2201056979873311,0.312,normal,Cold-start: score vs population baseline (confidence ramping)
SES_0000925,USR_0065,user,2026-01-02 06:24:32,9,0.3345133016268912,0.326,normal,Cold-start: score vs population baseline (confidence ramping)
SES_0000977,USR_0065,user,2026-01-02 07:17:05,10,0.114709660895876,0.33999999999999997,normal,Cold-start: score vs population baseline (confidence ramping)
SES_0001233,USR_0065,user,2026-01-02 12:16:04,11,0.0791658959770475,0.354,normal,Cold-start: score vs population baseline (confidence ramping)
SES_0001252,USR_0065,user,2026-01-02 12:34:42,12,0.0745588005017405,0.368,normal,Cold-start: score vs population baseline (confidence ramping)
SES_0001253,USR_0065,user,2026-01-02 12:35:53,13,0.0561748674458437,0.382,normal,Cold-start: score vs population baseline (confidence ramping)
SES_0001267,USR_0065,user,2026-01-02 12:58:01,14,0.1311012042961352,0.396,normal,Cold-start: score vs population baseline (confidence ramping)
SES_0001294,USR_0065,user,2026-01-02 13:24:25,15,0.142153321342236,0.41000000000000003,normal,Cold-start: score vs population baseline (confidence ramping)
SES_0001313,USR_0065,user,2026-01-02 13:50:23,16,0.0503490548023442,0.424,normal,Cold-start: score vs population baseline (confidence ramping)
SES_0001318,USR_0065,user,2026-01-02 13:54:48,17,0.0542824542043356,0.438,normal,Cold-start: score vs population baseline (confidence ramping)
SES_0001322,USR_0065,user,2026-01-02 13:59:49,18,0.0842687003583898,0.452,normal,Cold-start: score vs population baseline (confidence ramping)
SES_0001376,USR_0065,user,2026-01-02 15:08:34,19,0.0611531885266547,0.46599999999999997,normal,Cold-start: score vs population baseline (confidence ramping)
SES_0001378,USR_0065,user,2026-01-02 15:12:01,20,0.1863917521306841,0.48,normal,Cold-start: score vs population baseline (confidence ramping)
SES_0001398,USR_0065,user,2026-01-02 15:39:59,21,0.0800986967912346,0.494,normal,Cold-start: score vs population baseline (confidence ramping)
SES_0001658,USR_0065,user,2026-01-02 21:07:46,22,0.2554445379262112,0.508,normal,Cold-start: score vs population baseline (confidence ramping)
SES_0001704,USR_0065,user,2026-01-02 21:59:25,23,0.2075028455704245,0.522,normal,Cold-start: score vs population baseline (confidence ramping)
SES_0001722,USR_0065,user,2026-01-03 06:26:44,24,0.2166332513548617,0.536,normal,Cold-start: score vs population baseline (confidence ramping)
SES_0001746,USR_0065,user,2026-01-03 06:59:53,25,0.2198853424765569,0.55,normal,Cold-start: score vs population baseline (confidence ramping)
SES_0002552,USR_0065,user,2026-01-03 21:20:21,26,0.2202444357037625,0.5640000000000001,normal,Cold-start: score vs population baseline (confidence ramping)
SES_0002599,USR_0065,user,2026-01-04 06:17:16,27,0.1840801821362506,0.5780000000000001,normal,Cold-start: score vs population baseline (confidence ramping)
SES_0002987,USR_0065,user,2026-01-04 12:35:28,28,0.110750482071316,0.5920000000000001,normal,Cold-start: score vs population baseline (confidence ramping)
SES_0002988,USR_0065,user,2026-01-04 12:35:33,29,0.0698115725188281,0.606,normal,Cold-start: score vs population baseline (confidence ramping)
SES_0003036,USR_0065,user,2026-01-04 13:20:46,30,0.0762503283731304,0.62,normal,Cold-start: score vs population baseline (confidence ramping)
SES_0003038,USR_0065,user,2026-01-04 13:22:59,31,0.3379390457789979,0.634,normal,Cold-start: score vs population baseline (confidence ramping)
SES_0003120,USR_0065,user,2026-01-04 15:02:50,32,0.0894167890574967,0.6479999999999999,normal,Cold-start: score vs population baseline (confidence ramping)
SES_0003460,USR_0065,user,2026-01-04 21:36:47,33,0.248576646469087,0.6619999999999999,normal,Cold-start: score vs population baseline (confidence ramping)
SES_0003856,USR_0065,user,2026-01-05 12:35:12,34,0.1072219523120556,0.6759999999999999,normal,Cold-start: score vs population baseline (confidence ramping)
SES_0003863,USR_0065,user,2026-01-05 12:44:28,35,0.060261801364614,0.69,normal,Cold-start: score vs population baseline (confidence ramping)
SES_0003874,USR_0065,user,2026-01-05 12:51:34,36,0.0770947197963368,0.704,normal,Cold-start: score vs population baseline (confidence ramping)
SES_0003878,USR_0065,user,2026-01-05 12:58:51,37,0.1040527418726276,0.718,normal,Cold-start: score vs population baseline (confidence ramping)
SES_0003930,USR_0065,user,2026-01-05 13:48:09,38,0.0412321000390277,0.732,normal,Cold-start: score vs population baseline (confidence ramping)
SES_0004015,USR_0065,user,2026-01-05 15:17:49,39,0.0817845007399688,0.746,normal,Cold-start: score vs population baseline (confidence ramping)
SES_0004775,USR_0065,user,2026-01-06 12:39:32,40,0.044582469654631,0.76,normal,Cold-start: score vs population baseline (confidence ramping)
SES_0004799,USR_0065,user,2026-01-06 13:06:36,41,0.0308794083501673,0.774,normal,Cold-start: score vs population baseline (confidence ramping)
SES_0004818,USR_0065,user,2026-01-06 13:35:49,42,0.0644012621535116,0.788,normal,Cold-start: score vs population baseline (confidence ramping)
SES_0004827,USR_0065,user,2026-01-06 13:46:34,43,0.1085746928282362,0.802,normal,Cold-start: score vs population baseline (confidence ramping)
SES_0004904,USR_0065,user,2026-01-06 15:06:38,44,0.0941825827208362,0.8160000000000001,normal,Cold-start: score vs population baseline (confidence ramping)
SES_0005294,USR_0065,user,2026-01-07 06:47:10,45,0.2948361501853405,0.8300000000000001,normal,Cold-start: score vs population baseline (confidence ramping)
SES_0005643,USR_0065,user,2026-01-07 12:03:42,46,0.069914466893339,0.8440000000000001,normal,Cold-start: score vs population baseline (confidence ramping)
SES_0005652,USR_0065,user,2026-01-07 12:10:51,47,0.1300133396778146,0.8579999999999999,normal,Cold-start: score vs population baseline (confidence ramping)
SES_0005655,USR_0065,user,2026-01-07 12:14:39,48,0.0801271425997842,0.8719999999999999,normal,Cold-start: score vs population baseline (confidence ramping)
SES_0005714,USR_0065,user,2026-01-07 13:32:43,49,0.0645248200410397,0.8859999999999999,normal,Cold-start: score vs population baseline (confidence ramping)
SES_0005826,USR_0065,user,2026-01-07 15:37:50,50,0.1106109411968064,0.8999999999999999,normal,Cold-start: score vs population baseline (confidence ramping)
SES_0000024,USR_0066,user,2026-01-01 06:33:20,1,0.3819850994639887,0.21400000000000002,normal,Cold-start: score vs population baseline (confidence ramping)
SES_0000266,USR_0066,user,2026-01-01 10:43:28,2,0.2535528355112645,0.228,normal,Cold-start: score vs population baseline (confidence ramping)
SES_0000268,USR_0066,user,2026-01-01 10:45:16,3,0.3078710654234785,0.242,normal,Cold-start: score vs population baseline (confidence ramping)
SES_0000271,USR_0066,user,2026-01-01 10:48:53,4,0.3368052013270352,0.256,normal,Cold-start: score vs population baseline (confidence ramping)
SES_0000414,USR_0066,user,2026-01-01 13:03:12,5,0.201742367324319,0.27,normal,Cold-start: score vs population baseline (confidence ramping)
SES_0000445,USR_0066,user,2026-01-01 13:38:23,6,0.1951676116237361,0.28400000000000003,normal,Cold-start: score vs population baseline (confidence ramping)
SES_0000711,USR_0066,user,2026-01-01 18:20:50,7,0.1260638527891689,0.29800000000000004,normal,Cold-start: score vs population baseline (confidence ramping)
SES_0000930,USR_0066,user,2026-01-02 06:36:11,8,0.218856432734732,0.312,normal,Cold-start: score vs population baseline (confidence ramping)
SES_0000936,USR_0066,user,2026-01-02 06:40:51,9,0.1999469140975447,0.326,normal,Cold-start: score vs population baseline (confidence ramping)
SES_0001043,USR_0066,user,2026-01-02 08:14:11,10,0.1241809235481794,0.33999999999999997,normal,Cold-start: score vs population baseline (confidence ramping)
SES_0001122,USR_0066,user,2026-01-02 10:04:03,11,0.0956984350292998,0.354,normal,Cold-start: score vs population baseline (confidence ramping)
SES_0001407,USR_0066,user,2026-01-02 15:52:42,12,0.0809926182058842,0.368,normal,Cold-start: score vs population baseline (confidence ramping)
SES_0001519,USR_0066,user,2026-01-02 18:01:52,13,0.0993784690618147,0.382,normal,Cold-start: score vs population baseline (confidence ramping)
SES_0001878,USR_0066,user,2026-01-03 08:31:14,14,0.1094539869959262,0.396,normal,Cold-start: score vs population baseline (confidence ramping)
SES_0001884,USR_0066,user,2026-01-03 08:35:05,15,0.1016277213600946,0.41000000000000003,normal,Cold-start: score vs population baseline (confidence ramping)
SES_0001963,USR_0066,user,2026-01-03 10:05:26,16,0.1008505700350468,0.424,normal,Cold-start: score vs population baseline (confidence ramping)
SES_0001988,USR_0066,user,2026-01-03 10:27:21,17,0.1919621735249316,0.438,normal,Cold-start: score vs population baseline (confidence ramping)
SES_0002138,USR_0066,user,2026-01-03 13:17:06,18,0.0636600219461196,0.452,normal,Cold-start: score vs population baseline (confidence ramping)
SES_0002289,USR_0066,user,2026-01-03 16:13:34,19,0.0688184822442897,0.46599999999999997,normal,Cold-start: score vs population baseline (confidence ramping)
SES_0002313,USR_0066,user,2026-01-03 16:39:03,20,0.0708513960502052,0.48,normal,Cold-start: score vs population baseline (confidence ramping)
SES_0002416,USR_0066,user,2026-01-03 18:22:52,21,0.1168629788861649,0.494,normal,Cold-start: score vs population baseline (confidence ramping)
SES_0002435,USR_0066,user,2026-01-03 18:55:53,22,0.1866120946395637,0.508,normal,Cold-start: score vs population baseline (confidence ramping)
SES_0002591,USR_0066,user,2026-01-04 06:07:28,23,0.2942887910557366,0.522,normal,Cold-start: score vs population baseline (confidence ramping)
SES_0002873,USR_0066,user,2026-01-04 10:41:59,24,0.1227806926722158,0.536,normal,Cold-start: score vs population baseline (confidence ramping)
SES_0002893,USR_0066,user,2026-01-04 10:56:14,25,0.0955061974344303,0.55,normal,Cold-start: score vs population baseline (confidence ramping)
SES_0003029,USR_0066,user,2026-01-04 13:16:04,26,0.0679081378442552,0.5640000000000001,normal,Cold-start: score vs population baseline (confidence ramping)
SES_0003143,USR_0066,user,2026-01-04 15:22:26,27,0.0563746472177729,0.5780000000000001,normal,Cold-start: score vs population baseline (confidence ramping)
SES_0003159,USR_0066,user,2026-01-04 15:37:52,28,0.0950558739752399,0.5920000000000001,normal,Cold-start: score vs population baseline (confidence ramping)
SES_0003213,USR_0066,user,2026-01-04 16:33:11,29,0.0630578105937925,0.606,normal,Cold-start: score vs population baseline (confidence ramping)
SES_0003305,USR_0066,user,2026-01-04 18:26:39,30,0.0589802909623398,0.62,normal,Cold-start: score vs population baseline (confidence ramping)
SES_0003440,USR_0066,user,2026-01-04 21:14:52,31,0.2188660527875795,0.634,normal,Cold-start: score vs population baseline (confidence ramping)
SES_0003461,USR_0066,user,2026-01-04 21:37:08,32,0.1661775551130233,0.6479999999999999,normal,Cold-start: score vs population baseline (confidence ramping)
SES_0003727,USR_0066,user,2026-01-05 10:22:59,33,0.066818539839242,0.6619999999999999,normal,Cold-start: score vs population baseline (confidence ramping)
SES_0003912,USR_0066,user,2026-01-05 13:35:09,34,0.0419180621914553,0.6759999999999999,normal,Cold-start: score vs population baseline (confidence ramping)
SES_0004038,USR_0066,user,2026-01-05 15:40:33,35,0.0546642211760486,0.69,normal,Cold-start: score vs population baseline (confidence ramping)
SES_0004187,USR_0066,user,2026-01-05 18:07:46,36,0.0529862383305705,0.704,normal,Cold-start: score vs population baseline (confidence ramping)
SES_0004333,USR_0066,user,2026-01-05 21:08:11,37,0.1756121972242362,0.718,normal,Cold-start: score vs population baseline (confidence ramping)
SES_0004342,USR_0066,user,2026-01-05 21:21:15,38,0.1498694580880514,0.732,normal,Cold-start: score vs population baseline (confidence ramping)
SES_0004529,USR_0066,user,2026-01-06 08:31:00,39,0.0421995076711253,0.746,normal,Cold-start: score vs population baseline (confidence ramping)
SES_0004537,USR_0066,user,2026-01-06 08:36:36,40,0.0308319180825474,0.76,normal,Cold-start: score vs population baseline (confidence ramping)
SES_0004550,USR_0066,user,2026-01-06 08:50:22,41,0.0335619350647842,0.774,normal,Cold-start: score vs population baseline (confidence ramping)
SES_0004658,USR_0066,user,2026-01-06 10:27:01,42,0.1488756817171264,0.788,normal,Cold-start: score vs population baseline (confidence ramping)
SES_0004898,USR_0066,user,2026-01-06 15:00:17,43,0.0308365619211689,0.802,normal,Cold-start: score vs population baseline (confidence ramping)
SES_0004924,USR_0066,user,2026-01-06 15:29:34,44,0.0461953547348975,0.8160000000000001,normal,Cold-start: score vs population baseline (confidence ramping)
SES_0004935,USR_0066,user,2026-01-06 15:45:03,45,0.0340799119326239,0.8300000000000001,normal,Cold-start: score vs population baseline (confidence ramping)
SES_0004988,USR_0066,user,2026-01-06 16:39:19,46,0.0488292932009183,0.8440000000000001,normal,Cold-start: score vs population baseline (confidence ramping)
SES_0005072,USR_0066,user,2026-01-06 18:05:44,47,0.0868251857147539,0.8579999999999999,normal,Cold-start: score vs population baseline (confidence ramping)
SES_0005279,USR_0066,user,2026-01-07 06:22:39,48,0.1476022467397127,0.8719999999999999,normal,Cold-start: score vs population baseline (confidence ramping)
SES_0005537,USR_0066,user,2026-01-07 10:19:02,49,0.0741431749994326,0.8859999999999999,normal,Cold-start: score vs population baseline (confidence ramping)
SES_0005551,USR_0066,user,2026-01-07 10:28:50,50,0.0317312283786482,0.8999999999999999,normal,Cold-start: score vs population baseline (confidence ramping)
SES_0000062,USR_0067,user,2026-01-01 07:13:38,1,0.3245365641544174,0.21400000000000002,normal,Cold-start: score vs population baseline (confidence ramping)
SES_0000113,USR_0067,user,2026-01-01 07:50:23,2,0.1482222870410001,0.228,normal,Cold-start: score vs population baseline (confidence ramping)
SES_0000128,USR_0067,user,2026-01-01 08:19:39,3,0.1994669623874227,0.242,normal,Cold-start: score vs population baseline (confidence ramping)
SES_0000156,USR_0067,user,2026-01-01 08:38:55,4,0.1882672207074519,0.256,normal,Cold-start: score vs population baseline (confidence ramping)
SES_0000579,USR_0067,user,2026-01-01 16:13:39,5,0.0783112009847125,0.27,normal,Cold-start: score vs population baseline (confidence ramping)
SES_0000582,USR_0067,user,2026-01-01 16:15:13,6,0.1701347482124936,0.28400000000000003,normal,Cold-start: score vs population baseline (confidence ramping)
SES_0000616,USR_0067,user,2026-01-01 16:54:31,7,0.1840874892534759,0.29800000000000004,normal,Cold-start: score vs population baseline (confidence ramping)
SES_0000617,USR_0067,user,2026-01-01 16:54:44,8,0.055644787497486,0.312,normal,Cold-start: score vs population baseline (confidence ramping)
SES_0000620,USR_0067,user,2026-01-01 16:58:19,9,0.0353771121823366,0.326,normal,Cold-start: score vs population baseline (confidence ramping)
SES_0000623,USR_0067,user,2026-01-01 16:59:58,10,0.0380300873514063,0.33999999999999997,normal,Cold-start: score vs population baseline (confidence ramping)
SES_0000749,USR_0067,user,2026-01-01 19:05:12,11,0.0525965072111882,0.354,normal,Cold-start: score vs population baseline (confidence ramping)
SES_0000750,USR_0067,user,2026-01-01 19:05:24,12,0.1541333322642489,0.368,normal,Cold-start: score vs population baseline (confidence ramping)
SES_0000771,USR_0067,user,2026-01-01 19:33:53,13,0.0304337085917624,0.382,normal,Cold-start: score vs population baseline (confidence ramping)
SES_0000796,USR_0067,user,2026-01-01 20:01:17,14,0.0342118898458578,0.396,normal,Cold-start: score vs population baseline (confidence ramping)
SES_0000819,USR_0067,user,2026-01-01 20:27:38,15,0.1969863442058017,0.41000000000000003,normal,Cold-start: score vs population baseline (confidence ramping)
SES_0000957,USR_0067,user,2026-01-02 07:03:09,16,0.0512725120628904,0.424,normal,Cold-start: score vs population baseline (confidence ramping)
SES_0001172,USR_0067,user,2026-01-02 11:09:24,17,0.0303950379938331,0.438,normal,Cold-start: score vs population baseline (confidence ramping)
SES_0001199,USR_0067,user,2026-01-02 11:40:05,18,0.0485686746925535,0.452,normal,Cold-start: score vs population baseline (confidence ramping)
SES_0001206,USR_0067,user,2026-01-02 11:46:20,19,0.041546320603086,0.46599999999999997,normal,Cold-start: score vs population baseline (confidence ramping)
SES_0001452,USR_0067,user,2026-01-02 16:43:22,20,0.0461662144089085,0.48,normal,Cold-start: score vs population baseline (confidence ramping)
SES_0001561,USR_0067,user,2026-01-02 19:02:35,21,0.2345407463483727,0.494,normal,Cold-start: score vs population baseline (confidence ramping)
SES_0001584,USR_0067,user,2026-01-02 19:25:29,22,0.0906600445797684,0.508,normal,Cold-start: score vs population baseline (confidence ramping)
SES_0001650,USR_0067,user,2026-01-02 20:56:04,23,0.0665590188342478,0.522,normal,Cold-start: score vs population baseline (confidence ramping)
SES_0001787,USR_0067,user,2026-01-03 07:23:17,24,0.1067687447060638,0.536,normal,Cold-start: score vs population baseline (confidence ramping)
SES_0001830,USR_0067,user,2026-01-03 07:47:30,25,0.1096374394165399,0.55,normal,Cold-start: score vs population baseline (confidence ramping)
SES_0002300,USR_0067,user,2026-01-03 16:22:44,26,0.0886206582445617,0.5640000000000001,normal,Cold-start: score vs population baseline (confidence ramping)
SES_0002454,USR_0067,user,2026-01-03 19:21:32,27,0.1308572209667061,0.5780000000000001,normal,Cold-start: score vs population baseline (confidence ramping)
SES_0002528,USR_0067,user,2026-01-03 20:57:26,28,0.1300836674244793,0.5920000000000001,normal,Cold-start: score vs population baseline (confidence ramping)
SES_0002650,USR_0067,user,2026-01-04 07:12:58,29,0.1485721688095118,0.606,normal,Cold-start: score vs population baseline (confidence ramping)
SES_0002699,USR_0067,user,2026-01-04 07:51:11,30,0.16636294086109,0.62,normal,Cold-start: score vs population baseline (confidence ramping)
SES_0002771,USR_0067,user,2026-01-04 08:47:57,31,0.1137215869720167,0.634,normal,Cold-start: score vs population baseline (confidence ramping)
SES_0002947,USR_0067,user,2026-01-04 11:53:07,32,0.0828559956011083,0.6479999999999999,normal,Cold-start: score vs population baseline (confidence ramping)
SES_0003191,USR_0067,user,2026-01-04 16:11:27,33,0.0764349559582953,0.6619999999999999,normal,Cold-start: score vs population baseline (confidence ramping)
SES_0003235,USR_0067,user,2026-01-04 16:59:20,34,0.0618109868694827,0.6759999999999999,normal,Cold-start: score vs population baseline (confidence ramping)
SES_0003341,USR_0067,user,2026-01-04 19:10:29,35,0.0661901472326523,0.69,normal,Cold-start: score vs population baseline (confidence ramping)
SES_0003413,USR_0067,user,2026-01-04 20:44:00,36,0.0978736263461097,0.704,normal,Cold-start: score vs population baseline (confidence ramping)
SES_0003593,USR_0067,user,2026-01-05 07:55:25,37,0.0500759847292342,0.718,normal,Cold-start: score vs population baseline (confidence ramping)
SES_0003596,USR_0067,user,2026-01-05 08:03:23,38,0.0893937631244137,0.732,normal,Cold-start: score vs population baseline (confidence ramping)
SES_0003603,USR_0067,user,2026-01-05 08:11:07,39,0.05591485172352,0.746,normal,Cold-start: score vs population baseline (confidence ramping)
SES_0003617,USR_0067,user,2026-01-05 08:33:46,40,0.0390692852140432,0.76,normal,Cold-start: score vs population baseline (confidence ramping)
SES_0003626,USR_0067,user,2026-01-05 08:46:54,41,0.0483711642630195,0.774,normal,Cold-start: score vs population baseline (confidence ramping)
SES_0003816,USR_0067,user,2026-01-05 11:50:32,42,0.0357987003963233,0.788,normal,Cold-start: score vs population baseline (confidence ramping)
SES_0004110,USR_0067,user,2026-01-05 16:50:39,43,0.0589863933396875,0.802,normal,Cold-start: score vs population baseline (confidence ramping)
SES_0004513,USR_0067,user,2026-01-06 08:14:23,44,0.0732220471466561,0.8160000000000001,normal,Cold-start: score vs population baseline (confidence ramping)
SES_0004514,USR_0067,user,2026-01-06 08:14:31,45,0.0483854390174714,0.8300000000000001,normal,Cold-start: score vs population baseline (confidence ramping)
SES_0004521,USR_0067,user,2026-01-06 08:22:28,46,0.0618606013999792,0.8440000000000001,normal,Cold-start: score vs population baseline (confidence ramping)
SES_0004534,USR_0067,user,2026-01-06 08:33:23,47,0.0909223948086825,0.8579999999999999,normal,Cold-start: score vs population baseline (confidence ramping)
SES_0005311,USR_0067,user,2026-01-07 07:07:22,48,0.1599449154371131,0.8719999999999999,normal,Cold-start: score vs population baseline (confidence ramping)
SES_0005333,USR_0067,user,2026-01-07 07:26:36,49,0.0662464891092153,0.8859999999999999,normal,Cold-start: score vs population baseline (confidence ramping)
SES_0005368,USR_0067,user,2026-01-07 07:58:59,50,0.041841268114581,0.8999999999999999,normal,Cold-start: score vs population baseline (confidence ramping)
SES_0000283,USR_0068,user,2026-01-01 10:57:27,1,0.3924591859829927,0.21400000000000002,normal,Cold-start: score vs population baseline (confidence ramping)
SES_0000289,USR_0068,user,2026-01-01 11:05:51,2,0.2614628006929044,0.228,normal,Cold-start: score vs population baseline (confidence ramping)
SES_0000314,USR_0068,user,2026-01-01 11:28:38,3,0.2604440970723533,0.242,normal,Cold-start: score vs population baseline (confidence ramping)
SES_0000583,USR_0068,user,2026-01-01 16:17:30,4,0.0767275602723549,0.256,normal,Cold-start: score vs population baseline (confidence ramping)
SES_0000599,USR_0068,user,2026-01-01 16:38:25,5,0.2026164060571022,0.27,normal,Cold-start: score vs population baseline (confidence ramping)
SES_0001152,USR_0068,user,2026-01-02 10:41:47,6,0.2542456376996457,0.28400000000000003,normal,Cold-start: score vs population baseline (confidence ramping)
SES_0001175,USR_0068,user,2026-01-02 11:13:43,7,0.1063443742622059,0.29800000000000004,normal,Cold-start: score vs population baseline (confidence ramping)
SES_0001415,USR_0068,user,2026-01-02 16:02:05,8,0.1515069240845815,0.312,normal,Cold-start: score vs population baseline (confidence ramping)
SES_0001420,USR_0068,user,2026-01-02 16:07:36,9,0.3011363473439037,0.326,normal,Cold-start: score vs population baseline (confidence ramping)
SES_0001766,USR_0068,user,2026-01-03 07:08:29,10,0.2889989488181053,0.33999999999999997,normal,Cold-start: score vs population baseline (confidence ramping)
SES_0001829,USR_0068,user,2026-01-03 07:47:12,11,0.1506231196981501,0.354,normal,Cold-start: score vs population baseline (confidence ramping)
SES_0001953,USR_0068,user,2026-01-03 10:00:11,12,0.172948166520153,0.368,normal,Cold-start: score vs population baseline (confidence ramping)
SES_0001956,USR_0068,user,2026-01-03 10:02:00,13,0.3476099187637642,0.382,normal,Cold-start: score vs population baseline (confidence ramping)
SES_0002279,USR_0068,user,2026-01-03 16:04:31,14,0.1877315339755681,0.396,normal,Cold-start: score vs population baseline (confidence ramping)
SES_0002310,USR_0068,user,2026-01-03 16:36:12,15,0.1736156624149323,0.41000000000000003,normal,Cold-start: score vs population baseline (confidence ramping)
SES_0002312,USR_0068,user,2026-01-03 16:37:49,16,0.130953976948379,0.424,normal,Cold-start: score vs population baseline (confidence ramping)
SES_0002332,USR_0068,user,2026-01-03 16:55:05,17,0.1469377679218959,0.438,normal,Cold-start: score vs population baseline (confidence ramping)
SES_0002846,USR_0068,user,2026-01-04 10:16:07,18,0.164884977933333,0.452,normal,Cold-start: score vs population baseline (confidence ramping)
SES_0002861,USR_0068,user,2026-01-04 10:29:28,19,0.130897338930201,0.46599999999999997,normal,Cold-start: score vs population baseline (confidence ramping)
SES_0002863,USR_0068,user,2026-01-04 10:33:31,20,0.1369596529770432,0.48,normal,Cold-start: score vs population baseline (confidence ramping)
SES_0002905,USR_0068,user,2026-01-04 11:12:12,21,0.1546182879358539,0.494,normal,Cold-start: score vs population baseline (confidence ramping)
SES_0002931,USR_0068,user,2026-01-04 11:36:33,22,0.1294103337607255,0.508,normal,Cold-start: score vs population baseline (confidence ramping)
SES_0003117,USR_0068,user,2026-01-04 15:00:00,23,0.3027416737829441,0.522,edge_case,Cold-start: score vs population baseline (confidence ramping)
SES_0003194,USR_0068,user,2026-01-04 16:15:11,24,0.1892458906282399,0.536,normal,Cold-start: score vs population baseline (confidence ramping)
SES_0003234,USR_0068,user,2026-01-04 16:58:58,25,0.1830195221263782,0.55,normal,Cold-start: score vs population baseline (confidence ramping)
SES_0003764,USR_0068,user,2026-01-05 11:02:05,26,0.1549107797095291,0.5640000000000001,normal,Cold-start: score vs population baseline (confidence ramping)
SES_0003786,USR_0068,user,2026-01-05 11:17:53,27,0.1824222498960469,0.5780000000000001,normal,Cold-start: score vs population baseline (confidence ramping)
SES_0004447,USR_0068,user,2026-01-06 07:16:28,28,0.1282222685837236,0.5920000000000001,normal,Cold-start: score vs population baseline (confidence ramping)
SES_0004466,USR_0068,user,2026-01-06 07:32:04,29,0.2796858683651518,0.606,normal,Cold-start: score vs population baseline (confidence ramping)
SES_0004671,USR_0068,user,2026-01-06 10:38:59,30,0.1382926230713231,0.62,normal,Cold-start: score vs population baseline (confidence ramping)
SES_0004683,USR_0068,user,2026-01-06 10:49:56,31,0.1828220074206849,0.634,normal,Cold-start: score vs population baseline (confidence ramping)
SES_0004694,USR_0068,user,2026-01-06 10:57:33,32,0.1641271292040728,0.6479999999999999,normal,Cold-start: score vs population baseline (confidence ramping)
SES_0004978,USR_0068,user,2026-01-06 16:33:38,33,0.1628367850717839,0.6619999999999999,normal,Cold-start: score vs population baseline (confidence ramping)
SES_0005528,USR_0068,user,2026-01-07 10:11:24,34,0.1413565486711455,0.6759999999999999,normal,Cold-start: score vs population baseline (confidence ramping)
SES_0005862,USR_0068,user,2026-01-07 16:13:58,35,0.2779266209900569,0.69,normal,Cold-start: score vs population baseline (confidence ramping)
SES_0006210,USR_0068,user,2026-01-08 07:23:40,36,0.1531092409266619,0.704,normal,Cold-start: score vs population baseline (confidence ramping)
SES_0006410,USR_0068,user,2026-01-08 10:13:50,37,0.1445518704898527,0.718,normal,Cold-start: score vs population baseline (confidence ramping)
SES_0006438,USR_0068,user,2026-01-08 10:35:35,38,0.1868544650621383,0.732,normal,Cold-start: score vs population baseline (confidence ramping)
SES_0006472,USR_0068,user,2026-01-08 11:14:59,39,0.1364057674886711,0.746,normal,Cold-start: score vs population baseline (confidence ramping)
SES_0006494,USR_0068,user,2026-01-08 11:34:46,40,0.1188135538967373,0.76,normal,Cold-start: score vs population baseline (confidence ramping)
SES_0006505,USR_0068,user,2026-01-08 11:45:22,41,0.1439798723602292,0.774,normal,Cold-start: score vs population baseline (confidence ramping)
SES_0006517,USR_0068,user,2026-01-08 11:56:02,42,0.0901918822915203,0.788,normal,Cold-start: score vs population baseline (confidence ramping)
SES_0006749,USR_0068,user,2026-01-08 16:22:54,43,0.069627574684297,0.802,normal,Cold-start: score vs population baseline (confidence ramping)
SES_0006757,USR_0068,user,2026-01-08 16:29:07,44,0.0991555013499048,0.8160000000000001,normal,Cold-start: score vs population baseline (confidence ramping)
SES_0006775,USR_0068,user,2026-01-08 16:44:53,45,0.0539625774570812,0.8300000000000001,normal,Cold-start: score vs population baseline (confidence ramping)
SES_0007071,USR_0068,user,2026-01-09 07:03:42,46,0.1287192733282673,0.8440000000000001,normal,Cold-start: score vs population baseline (confidence ramping)
SES_0007107,USR_0068,user,2026-01-09 07:24:57,47,0.0735348758229978,0.8579999999999999,normal,Cold-start: score vs population baseline (confidence ramping)
SES_0007301,USR_0068,user,2026-01-09 10:40:50,48,0.0965242000855547,0.8719999999999999,normal,Cold-start: score vs population baseline (confidence ramping)
SES_0007308,USR_0068,user,2026-01-09 10:46:29,49,0.1366553529542497,0.8859999999999999,normal,Cold-start: score vs population baseline (confidence ramping)
SES_0007326,USR_0068,user,2026-01-09 11:08:50,50,0.0996560624961793,0.8999999999999999,normal,Cold-start: score vs population baseline (confidence ramping)
SES_0000010,USR_0069,user,2026-01-01 06:11:36,1,0.3911263293023362,0.21400000000000002,normal,Cold-start: score vs population baseline (confidence ramping)
SES_0000032,USR_0069,user,2026-01-01 06:47:23,2,0.3185717222059044,0.228,normal,Cold-start: score vs population baseline (confidence ramping)
SES_0000157,USR_0069,user,2026-01-01 08:40:06,3,0.1938249552354387,0.242,normal,Cold-start: score vs population baseline (confidence ramping)
SES_0000215,USR_0069,user,2026-01-01 09:43:05,4,0.2343644541854334,0.256,normal,Cold-start: score vs population baseline (confidence ramping)
SES_0000714,USR_0069,user,2026-01-01 18:22:30,5,0.1785950319187831,0.27,normal,Cold-start: score vs population baseline (confidence ramping)
SES_0000715,USR_0069,user,2026-01-01 18:23:21,6,0.0370287379210455,0.28400000000000003,normal,Cold-start: score vs population baseline (confidence ramping)
SES_0000953,USR_0069,user,2026-01-02 06:57:59,7,0.290985109461057,0.29800000000000004,normal,Cold-start: score vs population baseline (confidence ramping)
SES_0001044,USR_0069,user,2026-01-02 08:15:08,8,0.0513157975699271,0.312,normal,Cold-start: score vs population baseline (confidence ramping)
SES_0001136,USR_0069,user,2026-01-02 10:21:14,9,0.2352669025672397,0.326,normal,Cold-start: score vs population baseline (confidence ramping)
SES_0001626,USR_0069,user,2026-01-02 20:29:11,10,0.127289155646547,0.33999999999999997,normal,Cold-start: score vs population baseline (confidence ramping)
SES_0001646,USR_0069,user,2026-01-02 20:52:57,11,0.100276797913905,0.354,normal,Cold-start: score vs population baseline (confidence ramping)
SES_0002513,USR_0069,user,2026-01-03 20:37:32,12,0.1492060357489873,0.368,normal,Cold-start: score vs population baseline (confidence ramping)
SES_0002757,USR_0069,user,2026-01-04 08:39:02,13,0.1199671444701139,0.382,normal,Cold-start: score vs population baseline (confidence ramping)
SES_0002774,USR_0069,user,2026-01-04 08:49:39,14,0.2415564889366797,0.396,normal,Cold-start: score vs population baseline (confidence ramping)
SES_0002878,USR_0069,user,2026-01-04 10:45:21,15,0.113830796029286,0.41000000000000003,normal,Cold-start: score vs population baseline (confidence ramping)
SES_0002891,USR_0069,user,2026-01-04 10:55:13,16,0.1711772459022814,0.424,normal,Cold-start: score vs population baseline (confidence ramping)
SES_0003105,USR_0069,user,2026-01-04 14:47:40,17,0.1195991680877705,0.438,normal,Cold-start: score vs population baseline (confidence ramping)
SES_0003613,USR_0069,user,2026-01-05 08:28:46,18,0.0813798481047865,0.452,normal,Cold-start: score vs population baseline (confidence ramping)
SES_0003749,USR_0069,user,2026-01-05 10:47:06,19,0.0698647105109472,0.46599999999999997,normal,Cold-start: score vs population baseline (confidence ramping)
SES_0003953,USR_0069,user,2026-01-05 14:14:09,20,0.0922547065803502,0.48,normal,Cold-start: score vs population baseline (confidence ramping)
SES_0003994,USR_0069,user,2026-01-05 14:49:50,21,0.0767433967004239,0.494,normal,Cold-start: score vs population baseline (confidence ramping)
SES_0004282,USR_0069,user,2026-01-05 20:19:20,22,0.2426193398071751,0.508,normal,Cold-start: score vs population baseline (confidence ramping)
SES_0004297,USR_0069,user,2026-01-05 20:31:21,23,0.1351847631843279,0.522,normal,Cold-start: score vs population baseline (confidence ramping)
SES_0004310,USR_0069,user,2026-01-05 20:43:31,24,0.1504800112136894,0.536,normal,Cold-start: score vs population baseline (confidence ramping)
SES_0004587,USR_0069,user,2026-01-06 09:28:37,25,0.0885252290413252,0.55,normal,Cold-start: score vs population baseline (confidence ramping)
SES_0004879,USR_0069,user,2026-01-06 14:47:15,26,0.0598104493489154,0.5640000000000001,normal,Cold-start: score vs population baseline (confidence ramping)
SES_0005175,USR_0069,user,2026-01-06 20:09:25,27,0.1939106185504711,0.5780000000000001,normal,Cold-start: score vs population baseline (confidence ramping)
SES_0005300,USR_0069,user,2026-01-07 06:50:38,28,0.1537461852805175,0.5920000000000001,normal,Cold-start: score vs population baseline (confidence ramping)
SES_0005302,USR_0069,user,2026-01-07 06:51:36,29,0.1570381307253871,0.606,normal,Cold-start: score vs population baseline (confidence ramping)
SES_0005447,USR_0069,user,2026-01-07 08:47:14,30,0.0722704530729691,0.62,normal,Cold-start: score vs population baseline (confidence ramping)
SES_0005529,USR_0069,user,2026-01-07 10:11:30,31,0.0450762405489831,0.634,normal,Cold-start: score vs population baseline (confidence ramping)
SES_0005737,USR_0069,user,2026-01-07 14:00:37,32,0.031278097813671,0.6479999999999999,normal,Cold-start: score vs population baseline (confidence ramping)
SES_0005956,USR_0069,user,2026-01-07 18:11:39,33,0.0609370113908599,0.6619999999999999,normal,Cold-start: score vs population baseline (confidence ramping)
SES_0005965,USR_0069,user,2026-01-07 18:25:42,34,0.0327537643092087,0.6759999999999999,normal,Cold-start: score vs population baseline (confidence ramping)
SES_0005970,USR_0069,user,2026-01-07 18:31:25,35,0.0412233485565009,0.69,normal,Cold-start: score vs population baseline (confidence ramping)
SES_0006047,USR_0069,user,2026-01-07 20:00:42,36,0.0526394198356711,0.704,normal,Cold-start: score vs population baseline (confidence ramping)
SES_0006063,USR_0069,user,2026-01-07 20:22:48,37,0.0611933146570728,0.718,normal,Cold-start: score vs population baseline (confidence ramping)
SES_0006176,USR_0069,user,2026-01-08 06:51:49,38,0.1395446239768857,0.732,normal,Cold-start: score vs population baseline (confidence ramping)
SES_0006264,USR_0069,user,2026-01-08 08:01:11,39,0.0415271931588197,0.746,normal,Cold-start: score vs population baseline (confidence ramping)
SES_0006276,USR_0069,user,2026-01-08 08:08:05,40,0.0303727483636568,0.76,normal,Cold-start: score vs population baseline (confidence ramping)
SES_0006385,USR_0069,user,2026-01-08 09:53:15,41,0.0347408141395911,0.774,normal,Cold-start: score vs population baseline (confidence ramping)
SES_0006640,USR_0069,user,2026-01-08 14:27:49,42,0.0283716736073955,0.788,normal,Cold-start: score vs population baseline (confidence ramping)
SES_0006661,USR_0069,user,2026-01-08 14:53:01,43,0.0341888252013758,0.802,normal,Cold-start: score vs population baseline (confidence ramping)
SES_0006938,USR_0069,user,2026-01-08 20:19:12,44,0.0705568217826595,0.8160000000000001,normal,Cold-start: score vs population baseline (confidence ramping)
SES_0007154,USR_0069,user,2026-01-09 08:01:26,45,0.0478911812380881,0.8300000000000001,normal,Cold-start: score vs population baseline (confidence ramping)
SES_0007172,USR_0069,user,2026-01-09 08:31:38,46,0.3085793894172196,0.8440000000000001,normal,Cold-start: score vs population baseline (confidence ramping)
SES_0007267,USR_0069,user,2026-01-09 10:09:55,47,0.0675251672258156,0.8579999999999999,normal,Cold-start: score vs population baseline (confidence ramping)
SES_0007805,USR_0069,user,2026-01-09 20:36:26,48,0.0308164975611813,0.8719999999999999,normal,Cold-start: score vs population baseline (confidence ramping)
SES_0007899,USR_0069,user,2026-01-10 06:01:53,49,0.1825268743824372,0.8859999999999999,normal,Cold-start: score vs population baseline (confidence ramping)
SES_0007905,USR_0069,user,2026-01-10 06:06:36,50,0.2035866577416779,0.8999999999999999,normal,Cold-start: score vs population baseline (confidence ramping)
SES_0000136,USR_0070,user,2026-01-01 08:29:54,1,0.3451364246047108,0.21400000000000002,normal,Cold-start: score vs population baseline (confidence ramping)
SES_0000248,USR_0070,user,2026-01-01 10:22:46,2,0.2636464699160266,0.228,normal,Cold-start: score vs population baseline (confidence ramping)
SES_0000261,USR_0070,user,2026-01-01 10:38:51,3,0.1027441444113855,0.242,normal,Cold-start: score vs population baseline (confidence ramping)
SES_0000366,USR_0070,user,2026-01-01 12:18:41,4,0.1155963974128141,0.256,normal,Cold-start: score vs population baseline (confidence ramping)
SES_0000401,USR_0070,user,2026-01-01 12:50:26,5,0.1415117232779335,0.27,normal,Cold-start: score vs population baseline (confidence ramping)
SES_0000413,USR_0070,user,2026-01-01 13:02:38,6,0.2171019290909812,0.28400000000000003,normal,Cold-start: score vs population baseline (confidence ramping)
SES_0000447,USR_0070,user,2026-01-01 13:44:25,7,0.1733704585585359,0.29800000000000004,normal,Cold-start: score vs population baseline (confidence ramping)
SES_0000503,USR_0070,user,2026-01-01 14:39:42,8,0.153547594047945,0.312,normal,Cold-start: score vs population baseline (confidence ramping)
SES_0000814,USR_0070,user,2026-01-01 20:19:51,9,0.1840784533300563,0.326,normal,Cold-start: score vs population baseline (confidence ramping)
SES_0001853,USR_0070,user,2026-01-03 08:08:27,10,0.1689265113994067,0.33999999999999997,normal,Cold-start: score vs population baseline (confidence ramping)
SES_0001870,USR_0070,user,2026-01-03 08:19:47,11,0.1876233348652883,0.354,normal,Cold-start: score vs population baseline (confidence ramping)
SES_0002082,USR_0070,user,2026-01-03 12:14:50,12,0.2102483134349066,0.368,normal,Cold-start: score vs population baseline (confidence ramping)
SES_0002087,USR_0070,user,2026-01-03 12:21:15,13,0.2914167887580636,0.382,normal,Cold-start: score vs population baseline (confidence ramping)
SES_0002090,USR_0070,user,2026-01-03 12:23:15,14,0.1270268736959182,0.396,normal,Cold-start: score vs population baseline (confidence ramping)
SES_0002147,USR_0070,user,2026-01-03 13:28:25,15,0.1559355562441963,0.41000000000000003,normal,Cold-start: score vs population baseline (confidence ramping)
SES_0002170,USR_0070,user,2026-01-03 14:00:33,16,0.127390367593337,0.424,normal,Cold-start: score vs population baseline (confidence ramping)
SES_0002349,USR_0070,user,2026-01-03 17:13:04,17,0.0977213427331665,0.438,normal,Cold-start: score vs population baseline (confidence ramping)
SES_0002519,USR_0070,user,2026-01-03 20:46:50,18,0.1636812463340191,0.452,normal,Cold-start: score vs population baseline (confidence ramping)
SES_0002853,USR_0070,user,2026-01-04 10:25:20,19,0.1264599036800158,0.46599999999999997,normal,Cold-start: score vs population baseline (confidence ramping)
SES_0002890,USR_0070,user,2026-01-04 10:54:54,20,0.1104113275358028,0.48,normal,Cold-start: score vs population baseline (confidence ramping)
SES_0003253,USR_0070,user,2026-01-04 17:21:42,21,0.144825710323652,0.494,normal,Cold-start: score vs population baseline (confidence ramping)
SES_0003268,USR_0070,user,2026-01-04 17:45:17,22,0.2215726690598584,0.508,normal,Cold-start: score vs population baseline (confidence ramping)
SES_0003417,USR_0070,user,2026-01-04 20:46:53,23,0.2231788371744586,0.522,normal,Cold-start: score vs population baseline (confidence ramping)
SES_0003426,USR_0070,user,2026-01-04 20:55:31,24,0.2367623144609991,0.536,normal,Cold-start: score vs population baseline (confidence ramping)
SES_0003753,USR_0070,user,2026-01-05 10:50:48,25,0.102304701069713,0.55,normal,Cold-start: score vs population baseline (confidence ramping)
SES_0003828,USR_0070,user,2026-01-05 12:03:45,26,0.1413983859223903,0.5640000000000001,normal,Cold-start: score vs population baseline (confidence ramping)
SES_0004168,USR_0070,user,2026-01-05 17:43:26,27,0.1766677283136909,0.5780000000000001,normal,Cold-start: score vs population baseline (confidence ramping)
SES_0004308,USR_0070,user,2026-01-05 20:42:19,28,0.1788511177615636,0.5920000000000001,normal,Cold-start: score vs population baseline (confidence ramping)
SES_0004395,USR_0070,user,2026-01-06 06:11:09,29,0.3141068667909241,0.606,normal,Cold-start: score vs population baseline (confidence ramping)
SES_0004396,USR_0070,user,2026-01-06 06:12:12,30,0.2069434198072728,0.62,normal,Cold-start: score vs population baseline (confidence ramping)
SES_0004522,USR_0070,user,2026-01-06 08:23:39,31,0.1171798027406786,0.634,normal,Cold-start: score vs population baseline (confidence ramping)
SES_0004527,USR_0070,user,2026-01-06 08:27:07,32,0.1592368244135954,0.6479999999999999,normal,Cold-start: score vs population baseline (confidence ramping)
SES_0004530,USR_0070,user,2026-01-06 08:31:06,33,0.1560189522026106,0.6619999999999999,normal,Cold-start: score vs population baseline (confidence ramping)
SES_0004551,USR_0070,user,2026-01-06 08:51:36,34,0.107946275500096,0.6759999999999999,normal,Cold-start: score vs population baseline (confidence ramping)
SES_0004737,USR_0070,user,2026-01-06 12:02:05,35,0.0784870025632682,0.69,normal,Cold-start: score vs population baseline (confidence ramping)
SES_0004802,USR_0070,user,2026-01-06 13:09:04,36,0.0936171527788902,0.704,normal,Cold-start: score vs population baseline (confidence ramping)
SES_0004820,USR_0070,user,2026-01-06 13:39:21,37,0.0648488843149541,0.718,normal,Cold-start: score vs population baseline (confidence ramping)
SES_0005025,USR_0070,user,2026-01-06 17:11:41,38,0.1412598806613907,0.732,normal,Cold-start: score vs population baseline (confidence ramping)
SES_0005396,USR_0070,user,2026-01-07 08:02:09,39,0.0782214830212096,0.746,normal,Cold-start: score vs population baseline (confidence ramping)
SES_0005519,USR_0070,user,2026-01-07 10:01:27,40,0.0805932188005842,0.76,normal,Cold-start: score vs population baseline (confidence ramping)
SES_0005646,USR_0070,user,2026-01-07 12:06:24,41,0.1056475118022357,0.774,normal,Cold-start: score vs population baseline (confidence ramping)
SES_0005647,USR_0070,user,2026-01-07 12:06:48,42,0.3194030345872523,0.788,normal,Cold-start: score vs population baseline (confidence ramping)
SES_0005651,USR_0070,user,2026-01-07 12:10:28,43,0.058000913570428,0.802,normal,Cold-start: score vs population baseline (confidence ramping)
SES_0005657,USR_0070,user,2026-01-07 12:15:55,44,0.0793163686305966,0.8160000000000001,normal,Cold-start: score vs population baseline (confidence ramping)
SES_0005662,USR_0070,user,2026-01-07 12:25:23,45,0.0556169712232118,0.8300000000000001,normal,Cold-start: score vs population baseline (confidence ramping)
SES_0006078,USR_0070,user,2026-01-07 20:42:57,46,0.0549854533238021,0.8440000000000001,normal,Cold-start: score vs population baseline (confidence ramping)
SES_0006170,USR_0070,user,2026-01-08 06:40:48,47,0.1686378488899488,0.8579999999999999,normal,Cold-start: score vs population baseline (confidence ramping)
SES_0006297,USR_0070,user,2026-01-08 08:22:28,48,0.1336041519371638,0.8719999999999999,normal,Cold-start: score vs population baseline (confidence ramping)
SES_0006301,USR_0070,user,2026-01-08 08:27:49,49,0.0884121033645105,0.8859999999999999,normal,Cold-start: score vs population baseline (confidence ramping)
SES_0006323,USR_0070,user,2026-01-08 08:58:35,50,0.1665205778625783,0.8999999999999999,normal,Cold-start: score vs population baseline (confidence ramping)
SES_0000238,USR_0071,user,2026-01-01 10:11:58,1,0.3419632303103015,0.21400000000000002,normal,Cold-start: score vs population baseline (confidence ramping)
SES_0000239,USR_0071,user,2026-01-01 10:12:34,2,0.265702097823078,0.228,normal,Cold-start: score vs population baseline (confidence ramping)
SES_0000242,USR_0071,user,2026-01-01 10:16:44,3,0.1395099488543213,0.242,normal,Cold-start: score vs population baseline (confidence ramping)
SES_0000282,USR_0071,user,2026-01-01 10:56:11,4,0.1451320159641516,0.256,normal,Cold-start: score vs population baseline (confidence ramping)
SES_0000478,USR_0071,user,2026-01-01 14:11:53,5,0.0787146110391506,0.27,normal,Cold-start: score vs population baseline (confidence ramping)
SES_0000643,USR_0071,user,2026-01-01 17:19:49,6,0.0740810999850393,0.28400000000000003,normal,Cold-start: score vs population baseline (confidence ramping)
SES_0000667,USR_0071,user,2026-01-01 17:40:44,7,0.0811750484557834,0.29800000000000004,normal,Cold-start: score vs population baseline (confidence ramping)
SES_0000692,USR_0071,user,2026-01-01 17:59:56,8,0.0813949949134101,0.312,normal,Cold-start: score vs population baseline (confidence ramping)
SES_0000816,USR_0071,user,2026-01-01 20:22:27,9,0.1384685760672791,0.326,normal,Cold-start: score vs population baseline (confidence ramping)
SES_0000842,USR_0071,user,2026-01-01 20:53:02,10,0.0855139936527325,0.33999999999999997,normal,Cold-start: score vs population baseline (confidence ramping)
SES_0000900,USR_0071,user,2026-01-01 21:50:35,11,0.1939351724085573,0.354,normal,Cold-start: score vs population baseline (confidence ramping)
SES_0001150,USR_0071,user,2026-01-02 10:35:20,12,0.0895632706079829,0.368,normal,Cold-start: score vs population baseline (confidence ramping)
SES_0001158,USR_0071,user,2026-01-02 10:53:45,13,0.0913048539997983,0.382,normal,Cold-start: score vs population baseline (confidence ramping)
SES_0001327,USR_0071,user,2026-01-02 14:03:50,14,0.0778301981048979,0.396,normal,Cold-start: score vs population baseline (confidence ramping)
SES_0001334,USR_0071,user,2026-01-02 14:07:28,15,0.0794598015561927,0.41000000000000003,normal,Cold-start: score vs population baseline (confidence ramping)
SES_0001359,USR_0071,user,2026-01-02 14:41:53,16,0.0903653815001773,0.424,normal,Cold-start: score vs population baseline (confidence ramping)
SES_0001691,USR_0071,user,2026-01-02 21:43:20,17,0.2819062907026417,0.438,normal,Cold-start: score vs population baseline (confidence ramping)
SES_0001969,USR_0071,user,2026-01-03 10:08:48,18,0.2202679905128337,0.452,normal,Cold-start: score vs population baseline (confidence ramping)
SES_0001977,USR_0071,user,2026-01-03 10:15:05,19,0.3168269231805049,0.46599999999999997,normal,Cold-start: score vs population baseline (confidence ramping)
SES_0001996,USR_0071,user,2026-01-03 10:36:28,20,0.2615439184340015,0.48,normal,Cold-start: score vs population baseline (confidence ramping)
SES_0002006,USR_0071,user,2026-01-03 10:50:55,21,0.1101251377924657,0.494,normal,Cold-start: score vs population baseline (confidence ramping)
SES_0002172,USR_0071,user,2026-01-03 14:07:00,22,0.0905184022563639,0.508,normal,Cold-start: score vs population baseline (confidence ramping)
SES_0002182,USR_0071,user,2026-01-03 14:20:02,23,0.0816473755990326,0.522,normal,Cold-start: score vs population baseline (confidence ramping)
SES_0002360,USR_0071,user,2026-01-03 17:29:10,24,0.1382971733043926,0.536,normal,Cold-start: score vs population baseline (confidence ramping)
SES_0002371,USR_0071,user,2026-01-03 17:38:44,25,0.0958134160112725,0.55,normal,Cold-start: score vs population baseline (confidence ramping)
SES_0002378,USR_0071,user,2026-01-03 17:46:43,26,0.0782517150722561,0.5640000000000001,normal,Cold-start: score vs population baseline (confidence ramping)
SES_0002526,USR_0071,user,2026-01-03 20:56:41,27,0.1010594832299046,0.5780000000000001,normal,Cold-start: score vs population baseline (confidence ramping)
SES_0002550,USR_0071,user,2026-01-03 21:19:16,28,0.2076897709510356,0.5920000000000001,normal,Cold-start: score vs population baseline (confidence ramping)
SES_0002579,USR_0071,user,2026-01-03 21:51:18,29,0.2086336419547374,0.606,normal,Cold-start: score vs population baseline (confidence ramping)
SES_0002839,USR_0071,user,2026-01-04 10:06:58,30,0.1254213910623478,0.62,normal,Cold-start: score vs population baseline (confidence ramping)
SES_0002866,USR_0071,user,2026-01-04 10:35:45,31,0.1248617324196672,0.634,normal,Cold-start: score vs population baseline (confidence ramping)
SES_0002888,USR_0071,user,2026-01-04 10:54:22,32,0.1178721933298332,0.6479999999999999,normal,Cold-start: score vs population baseline (confidence ramping)
SES_0003077,USR_0071,user,2026-01-04 14:14:57,33,0.1241384216745943,0.6619999999999999,normal,Cold-start: score vs population baseline (confidence ramping)
SES_0003259,USR_0071,user,2026-01-04 17:29:47,34,0.1431925332775152,0.6759999999999999,normal,Cold-start: score vs population baseline (confidence ramping)
SES_0003422,USR_0071,user,2026-01-04 20:52:31,35,0.1401018604207936,0.69,normal,Cold-start: score vs population baseline (confidence ramping)
SES_0003424,USR_0071,user,2026-01-04 20:54:05,36,0.1175134150859933,0.704,normal,Cold-start: score vs population baseline (confidence ramping)
SES_0003448,USR_0071,user,2026-01-04 21:24:41,37,0.1979736629464273,0.718,normal,Cold-start: score vs population baseline (confidence ramping)
SES_0003730,USR_0071,user,2026-01-05 10:25:22,38,0.1192236401968609,0.732,normal,Cold-start: score vs population baseline (confidence ramping)
SES_0003947,USR_0071,user,2026-01-05 14:08:27,39,0.202071554199914,0.746,normal,Cold-start: score vs population baseline (confidence ramping)
SES_0003987,USR_0071,user,2026-01-05 14:45:58,40,0.1812688256479814,0.76,normal,Cold-start: score vs population baseline (confidence ramping)
SES_0004146,USR_0071,user,2026-01-05 17:22:56,41,0.079764229745309,0.774,normal,Cold-start: score vs population baseline (confidence ramping)
SES_0004290,USR_0071,user,2026-01-05 20:25:40,42,0.0772971661784496,0.788,normal,Cold-start: score vs population baseline (confidence ramping)
SES_0004329,USR_0071,user,2026-01-05 21:05:04,43,0.1663100421178689,0.802,normal,Cold-start: score vs population baseline (confidence ramping)
SES_0004369,USR_0071,user,2026-01-05 21:42:21,44,0.1800157340091696,0.8160000000000001,normal,Cold-start: score vs population baseline (confidence ramping)
SES_0004382,USR_0071,user,2026-01-05 21:55:26,45,0.1674268633954173,0.8300000000000001,normal,Cold-start: score vs population baseline (confidence ramping)
SES_0004689,USR_0071,user,2026-01-06 10:53:15,46,0.0617496211421779,0.8440000000000001,normal,Cold-start: score vs population baseline (confidence ramping)
SES_0004877,USR_0071,user,2026-01-06 14:43:56,47,0.0479355749555268,0.8579999999999999,normal,Cold-start: score vs population baseline (confidence ramping)
SES_0005013,USR_0071,user,2026-01-06 17:03:58,48,0.0962800892166854,0.8719999999999999,normal,Cold-start: score vs population baseline (confidence ramping)
SES_0005202,USR_0071,user,2026-01-06 20:48:59,49,0.0895238232521128,0.8859999999999999,normal,Cold-start: score vs population baseline (confidence ramping)
SES_0005549,USR_0071,user,2026-01-07 10:28:33,50,0.0383695373884791,0.8999999999999999,normal,Cold-start: score vs population baseline (confidence ramping)
SES_0000120,USR_0072,user,2026-01-01 07:58:15,1,0.3350099849592112,0.21400000000000002,normal,Cold-start: score vs population baseline (confidence ramping)
SES_0000135,USR_0072,user,2026-01-01 08:28:28,2,0.3125171453316315,0.228,normal,Cold-start: score vs population baseline (confidence ramping)
SES_0000354,USR_0072,user,2026-01-01 12:07:47,3,0.2565180591511474,0.242,normal,Cold-start: score vs population baseline (confidence ramping)
SES_0000378,USR_0072,user,2026-01-01 12:33:53,4,0.2434895259081818,0.256,normal,Cold-start: score vs population baseline (confidence ramping)
SES_0000390,USR_0072,user,2026-01-01 12:44:06,5,0.1942544893017521,0.27,normal,Cold-start: score vs population baseline (confidence ramping)
SES_0000410,USR_0072,user,2026-01-01 12:59:23,6,0.1669018625975859,0.28400000000000003,normal,Cold-start: score vs population baseline (confidence ramping)
SES_0000489,USR_0072,user,2026-01-01 14:23:31,7,0.2620062329071155,0.29800000000000004,normal,Cold-start: score vs population baseline (confidence ramping)
SES_0000510,USR_0072,user,2026-01-01 14:47:54,8,0.1375319802109664,0.312,normal,Cold-start: score vs population baseline (confidence ramping)
SES_0000642,USR_0072,user,2026-01-01 17:18:12,9,0.1118467184955661,0.326,normal,Cold-start: score vs population baseline (confidence ramping)
SES_0000653,USR_0072,user,2026-01-01 17:29:17,10,0.1109106772181145,0.33999999999999997,normal,Cold-start: score vs population baseline (confidence ramping)
SES_0000670,USR_0072,user,2026-01-01 17:43:04,11,0.1235477450605627,0.354,normal,Cold-start: score vs population baseline (confidence ramping)
SES_0000840,USR_0072,user,2026-01-01 20:48:58,12,0.0634724364478572,0.368,normal,Cold-start: score vs population baseline (confidence ramping)
SES_0001051,USR_0072,user,2026-01-02 08:22:48,13,0.0795076250533732,0.382,normal,Cold-start: score vs population baseline (confidence ramping)
SES_0001222,USR_0072,user,2026-01-02 12:06:45,14,0.0317305313714853,0.396,normal,Cold-start: score vs population baseline (confidence ramping)
SES_0001229,USR_0072,user,2026-01-02 12:15:43,15,0.0261403391436498,0.41000000000000003,normal,Cold-start: score vs population baseline (confidence ramping)
SES_0001373,USR_0072,user,2026-01-02 15:04:57,16,0.0226117936974046,0.424,normal,Cold-start: score vs population baseline (confidence ramping)
SES_0001384,USR_0072,user,2026-01-02 15:22:28,17,0.1724329039894202,0.438,normal,Cold-start: score vs population baseline (confidence ramping)
SES_0001388,USR_0072,user,2026-01-02 15:25:51,18,0.0199635649321436,0.452,normal,Cold-start: score vs population baseline (confidence ramping)
SES_0001483,USR_0072,user,2026-01-02 17:26:14,19,0.0257751279038949,0.46599999999999997,normal,Cold-start: score vs population baseline (confidence ramping)
SES_0001502,USR_0072,user,2026-01-02 17:48:35,20,0.0687471345200934,0.48,normal,Cold-start: score vs population baseline (confidence ramping)
SES_0001848,USR_0072,user,2026-01-03 07:58:24,21,0.1522677771282639,0.494,normal,Cold-start: score vs population baseline (confidence ramping)
SES_0001874,USR_0072,user,2026-01-03 08:25:55,22,0.1018011636135702,0.508,normal,Cold-start: score vs population baseline (confidence ramping)
SES_0002177,USR_0072,user,2026-01-03 14:11:26,23,0.1308683406601862,0.522,normal,Cold-start: score vs population baseline (confidence ramping)
SES_0002199,USR_0072,user,2026-01-03 14:40:22,24,0.0806696541489063,0.536,normal,Cold-start: score vs population baseline (confidence ramping)
SES_0002240,USR_0072,user,2026-01-03 15:29:05,25,0.0927889495017768,0.55,normal,Cold-start: score vs population baseline (confidence ramping)
SES_0002381,USR_0072,user,2026-01-03 17:49:45,26,0.0916996089427199,0.5640000000000001,normal,Cold-start: score vs population baseline (confidence ramping)
SES_0002524,USR_0072,user,2026-01-03 20:54:26,27,0.1009739904473456,0.5780000000000001,normal,Cold-start: score vs population baseline (confidence ramping)
SES_0002662,USR_0072,user,2026-01-04 07:22:47,28,0.1217706430233661,0.5920000000000001,normal,Cold-start: score vs population baseline (confidence ramping)
SES_0002993,USR_0072,user,2026-01-04 12:44:28,29,0.085422100773235,0.606,normal,Cold-start: score vs population baseline (confidence ramping)
SES_0003074,USR_0072,user,2026-01-04 14:09:42,30,0.0617883569444143,0.62,normal,Cold-start: score vs population baseline (confidence ramping)
SES_0003144,USR_0072,user,2026-01-04 15:22:40,31,0.0749003479809228,0.634,normal,Cold-start: score vs population baseline (confidence ramping)
SES_0003162,USR_0072,user,2026-01-04 15:40:00,32,0.0583834682673225,0.6479999999999999,normal,Cold-start: score vs population baseline (confidence ramping)
SES_0003250,USR_0072,user,2026-01-04 17:18:16,33,0.0858177526201765,0.6619999999999999,normal,Cold-start: score vs population baseline (confidence ramping)
SES_0003282,USR_0072,user,2026-01-04 17:59:21,34,0.0957266502779396,0.6759999999999999,normal,Cold-start: score vs population baseline (confidence ramping)
SES_0003554,USR_0072,user,2026-01-05 07:16:12,35,0.0517000826243831,0.69,normal,Cold-start: score vs population baseline (confidence ramping)
SES_0004041,USR_0072,user,2026-01-05 15:44:12,36,0.0258106353233347,0.704,normal,Cold-start: score vs population baseline (confidence ramping)
SES_0004498,USR_0072,user,2026-01-06 07:57:58,37,0.0528248257398217,0.718,normal,Cold-start: score vs population baseline (confidence ramping)
SES_0004887,USR_0072,user,2026-01-06 14:54:43,38,0.0170279872595851,0.732,normal,Cold-start: score vs population baseline (confidence ramping)
SES_0005035,USR_0072,user,2026-01-06 17:25:22,39,0.0394621146045168,0.746,normal,Cold-start: score vs population baseline (confidence ramping)
SES_0005190,USR_0072,user,2026-01-06 20:29:13,40,0.0706672952628776,0.76,normal,Cold-start: score vs population baseline (confidence ramping)
SES_0005400,USR_0072,user,2026-01-07 08:02:36,41,0.0360829207400527,0.774,normal,Cold-start: score vs population baseline (confidence ramping)
SES_0005421,USR_0072,user,2026-01-07 08:15:38,42,0.0776234411894628,0.788,normal,Cold-start: score vs population baseline (confidence ramping)
SES_0005769,USR_0072,user,2026-01-07 14:33:19,43,0.0462772978976253,0.802,normal,Cold-start: score vs population baseline (confidence ramping)
SES_0005784,USR_0072,user,2026-01-07 14:55:28,44,0.0261949531743586,0.8160000000000001,normal,Cold-start: score vs population baseline (confidence ramping)
SES_0005794,USR_0072,user,2026-01-07 15:01:51,45,0.2427551844595477,0.8300000000000001,normal,Cold-start: score vs population baseline (confidence ramping)
SES_0005820,USR_0072,user,2026-01-07 15:28:45,46,0.0823625800099604,0.8440000000000001,normal,Cold-start: score vs population baseline (confidence ramping)
SES_0006088,USR_0072,user,2026-01-07 20:57:28,47,0.053939124567841,0.8579999999999999,normal,Cold-start: score vs population baseline (confidence ramping)
SES_0006533,USR_0072,user,2026-01-08 12:17:18,48,0.0456111366735113,0.8719999999999999,normal,Cold-start: score vs population baseline (confidence ramping)
SES_0006541,USR_0072,user,2026-01-08 12:32:52,49,0.0104255752736203,0.8859999999999999,normal,Cold-start: score vs population baseline (confidence ramping)
SES_0006562,USR_0072,user,2026-01-08 12:57:26,50,0.0159917779395827,0.8999999999999999,normal,Cold-start: score vs population baseline (confidence ramping)
SES_0000416,USR_0073,user,2026-01-01 13:03:57,1,0.3349414045202098,0.21400000000000002,normal,Cold-start: score vs population baseline (confidence ramping)
SES_0000454,USR_0073,user,2026-01-01 13:50:40,2,0.2487148834437474,0.228,normal,Cold-start: score vs population baseline (confidence ramping)
SES_0000889,USR_0073,user,2026-01-01 21:42:07,3,0.3201062556396707,0.242,normal,Cold-start: score vs population baseline (confidence ramping)
SES_0001039,USR_0073,user,2026-01-02 08:09:43,4,0.0469621727529364,0.256,normal,Cold-start: score vs population baseline (confidence ramping)
SES_0001063,USR_0073,user,2026-01-02 08:42:21,5,0.0719562952409852,0.27,normal,Cold-start: score vs population baseline (confidence ramping)
SES_0001067,USR_0073,user,2026-01-02 08:52:12,6,0.053073643608266,0.28400000000000003,normal,Cold-start: score vs population baseline (confidence ramping)
SES_0001670,USR_0073,user,2026-01-02 21:21:06,7,0.3297384338425166,0.29800000000000004,normal,Cold-start: score vs population baseline (confidence ramping)
SES_0001683,USR_0073,user,2026-01-02 21:30:48,8,0.441532115069184,0.312,normal,Cold-start: score vs population baseline (confidence ramping)
SES_0001692,USR_0073,user,2026-01-02 21:44:26,9,0.2106730458021433,0.326,normal,Cold-start: score vs population baseline (confidence ramping)
SES_0001873,USR_0073,user,2026-01-03 08:25:11,10,0.1120630860111098,0.33999999999999997,normal,Cold-start: score vs population baseline (confidence ramping)
SES_0002151,USR_0073,user,2026-01-03 13:32:54,11,0.1012910153848334,0.354,normal,Cold-start: score vs population baseline (confidence ramping)
SES_0002201,USR_0073,user,2026-01-03 14:42:50,12,0.0879387676896719,0.368,normal,Cold-start: score vs population baseline (confidence ramping)
SES_0002413,USR_0073,user,2026-01-03 18:21:51,13,0.143234293319554,0.382,normal,Cold-start: score vs population baseline (confidence ramping)
SES_0002421,USR_0073,user,2026-01-03 18:28:10,14,0.1151034557392475,0.396,normal,Cold-start: score vs population baseline (confidence ramping)
SES_0002437,USR_0073,user,2026-01-03 19:00:11,15,0.1023479026179744,0.41000000000000003,normal,Cold-start: score vs population baseline (confidence ramping)
SES_0002461,USR_0073,user,2026-01-03 19:25:13,16,0.0909231192047882,0.424,normal,Cold-start: score vs population baseline (confidence ramping)
SES_0002748,USR_0073,user,2026-01-04 08:31:13,17,0.1252914074302999,0.438,normal,Cold-start: score vs population baseline (confidence ramping)
SES_0002751,USR_0073,user,2026-01-04 08:34:26,18,0.0801896328526263,0.452,normal,Cold-start: score vs population baseline (confidence ramping)
SES_0003114,USR_0073,user,2026-01-04 14:56:53,19,0.0727278547958036,0.46599999999999997,normal,Cold-start: score vs population baseline (confidence ramping)
SES_0003292,USR_0073,user,2026-01-04 18:09:50,20,0.1343730692295036,0.48,normal,Cold-start: score vs population baseline (confidence ramping)
SES_0003319,USR_0073,user,2026-01-04 18:43:45,21,0.0729325542585968,0.494,normal,Cold-start: score vs population baseline (confidence ramping)
SES_0003356,USR_0073,user,2026-01-04 19:21:24,22,0.118493789256661,0.508,normal,Cold-start: score vs population baseline (confidence ramping)
SES_0003439,USR_0073,user,2026-01-04 21:12:41,23,0.1669597495060773,0.522,normal,Cold-start: score vs population baseline (confidence ramping)
SES_0003615,USR_0073,user,2026-01-05 08:29:17,24,0.0636140461133445,0.536,normal,Cold-start: score vs population baseline (confidence ramping)
SES_0003946,USR_0073,user,2026-01-05 14:08:11,25,0.0556597649822436,0.55,normal,Cold-start: score vs population baseline (confidence ramping)
SES_0003951,USR_0073,user,2026-01-05 14:10:34,26,0.0852263368311741,0.5640000000000001,normal,Cold-start: score vs population baseline (confidence ramping)
SES_0004192,USR_0073,user,2026-01-05 18:16:46,27,0.2194331743533543,0.5780000000000001,normal,Cold-start: score vs population baseline (confidence ramping)
SES_0004217,USR_0073,user,2026-01-05 18:43:55,28,0.0601634733127641,0.5920000000000001,normal,Cold-start: score vs population baseline (confidence ramping)
SES_0004222,USR_0073,user,2026-01-05 18:47:26,29,0.0991456318011789,0.606,normal,Cold-start: score vs population baseline (confidence ramping)
SES_0004519,USR_0073,user,2026-01-06 08:21:35,30,0.0744969459228609,0.62,normal,Cold-start: score vs population baseline (confidence ramping)
SES_0004532,USR_0073,user,2026-01-06 08:31:45,31,0.0480485666769227,0.634,normal,Cold-start: score vs population baseline (confidence ramping)
SES_0005094,USR_0073,user,2026-01-06 18:29:38,32,0.0550511187001559,0.6479999999999999,normal,Cold-start: score vs population baseline (confidence ramping)
SES_0005212,USR_0073,user,2026-01-06 21:03:23,33,0.1929931931138477,0.6619999999999999,normal,Cold-start: score vs population baseline (confidence ramping)
SES_0005713,USR_0073,user,2026-01-07 13:31:53,34,0.1086836516645083,0.6759999999999999,normal,Cold-start: score vs population baseline (confidence ramping)
SES_0005727,USR_0073,user,2026-01-07 13:50:51,35,0.0134765564273306,0.69,normal,Cold-start: score vs population baseline (confidence ramping)
SES_0005735,USR_0073,user,2026-01-07 13:59:14,36,0.0089952930945403,0.704,normal,Cold-start: score vs population baseline (confidence ramping)
SES_0005747,USR_0073,user,2026-01-07 14:10:05,37,0.011354434597157,0.718,normal,Cold-start: score vs population baseline (confidence ramping)
SES_0005974,USR_0073,user,2026-01-07 18:34:06,38,0.049841817334458,0.732,normal,Cold-start: score vs population baseline (confidence ramping)
SES_0006138,USR_0073,user,2026-01-07 21:47:04,39,0.2592435639923904,0.746,normal,Cold-start: score vs population baseline (confidence ramping)
SES_0006139,USR_0073,user,2026-01-07 21:47:19,40,0.1409343183710965,0.76,normal,Cold-start: score vs population baseline (confidence ramping)
SES_0006302,USR_0073,user,2026-01-08 08:33:24,41,0.017122201977894,0.774,normal,Cold-start: score vs population baseline (confidence ramping)
SES_0006315,USR_0073,user,2026-01-08 08:49:47,42,0.0410843005125635,0.788,normal,Cold-start: score vs population baseline (confidence ramping)
SES_0006572,USR_0073,user,2026-01-08 13:07:41,43,0.0175700762414137,0.802,normal,Cold-start: score vs population baseline (confidence ramping)
SES_0006867,USR_0073,user,2026-01-08 18:39:21,44,0.0925012863129401,0.8160000000000001,normal,Cold-start: score vs population baseline (confidence ramping)
SES_0006871,USR_0073,user,2026-01-08 18:41:11,45,0.0191521474590629,0.8300000000000001,normal,Cold-start: score vs population baseline (confidence ramping)
SES_0006883,USR_0073,user,2026-01-08 19:03:40,46,0.0354637275522338,0.8440000000000001,normal,Cold-start: score vs population baseline (confidence ramping)
SES_0006915,USR_0073,user,2026-01-08 19:46:46,47,0.1723628429208302,0.8579999999999999,normal,Cold-start: score vs population baseline (confidence ramping)
SES_0007013,USR_0073,user,2026-01-08 21:45:26,48,0.1270847262278337,0.8719999999999999,normal,Cold-start: score vs population baseline (confidence ramping)
SES_0007433,USR_0073,user,2026-01-09 13:10:34,49,0.0422682791795485,0.8859999999999999,normal,Cold-start: score vs population baseline (confidence ramping)
SES_0007474,USR_0073,user,2026-01-09 14:03:59,50,0.0146374111636897,0.8999999999999999,normal,Cold-start: score vs population baseline (confidence ramping)
SES_0000015,USR_0074,user,2026-01-01 06:21:37,1,0.3870953455118772,0.21400000000000002,normal,Cold-start: score vs population baseline (confidence ramping)
SES_0000022,USR_0074,user,2026-01-01 06:33:11,2,0.3445780496375392,0.228,normal,Cold-start: score vs population baseline (confidence ramping)
SES_0000396,USR_0074,user,2026-01-01 12:48:19,3,0.0931194621209779,0.242,normal,Cold-start: score vs population baseline (confidence ramping)
SES_0000740,USR_0074,user,2026-01-01 18:53:02,4,0.1152290141321192,0.256,normal,Cold-start: score vs population baseline (confidence ramping)
SES_0000759,USR_0074,user,2026-01-01 19:23:46,5,0.1061273962430912,0.27,normal,Cold-start: score vs population baseline (confidence ramping)
SES_0000765,USR_0074,user,2026-01-01 19:27:22,6,0.2384228351617533,0.28400000000000003,normal,Cold-start: score vs population baseline (confidence ramping)
SES_0000782,USR_0074,user,2026-01-01 19:43:37,7,0.0723989616209294,0.29800000000000004,normal,Cold-start: score vs population baseline (confidence ramping)
SES_0001263,USR_0074,user,2026-01-02 12:49:44,8,0.0504774261874446,0.312,normal,Cold-start: score vs population baseline (confidence ramping)
SES_0001276,USR_0074,user,2026-01-02 13:08:45,9,0.0548970724027814,0.326,normal,Cold-start: score vs population baseline (confidence ramping)
SES_0001277,USR_0074,user,2026-01-02 13:10:17,10,0.1806158901757834,0.33999999999999997,normal,Cold-start: score vs population baseline (confidence ramping)
SES_0001572,USR_0074,user,2026-01-02 19:17:03,11,0.0906706383188567,0.354,normal,Cold-start: score vs population baseline (confidence ramping)
SES_0001574,USR_0074,user,2026-01-02 19:17:55,12,0.1098615767776231,0.368,normal,Cold-start: score vs population baseline (confidence ramping)
SES_0001582,USR_0074,user,2026-01-02 19:24:22,13,0.0886452527664926,0.382,normal,Cold-start: score vs population baseline (confidence ramping)
SES_0001701,USR_0074,user,2026-01-02 21:56:42,14,0.1971428981374301,0.396,normal,Cold-start: score vs population baseline (confidence ramping)
SES_0001940,USR_0074,user,2026-01-03 09:46:32,15,0.1039335393474494,0.41000000000000003,normal,Cold-start: score vs population baseline (confidence ramping)
SES_0002102,USR_0074,user,2026-01-03 12:38:08,16,0.0997161091739566,0.424,normal,Cold-start: score vs population baseline (confidence ramping)
SES_0002126,USR_0074,user,2026-01-03 13:06:38,17,0.2273353300922649,0.438,normal,Cold-start: score vs population baseline (confidence ramping)
SES_0002169,USR_0074,user,2026-01-03 13:57:14,18,0.107073395587659,0.452,normal,Cold-start: score vs population baseline (confidence ramping)
SES_0002415,USR_0074,user,2026-01-03 18:22:01,19,0.1319437271862776,0.46599999999999997,normal,Cold-start: score vs population baseline (confidence ramping)
SES_0002418,USR_0074,user,2026-01-03 18:25:06,20,0.1073942829171549,0.48,normal,Cold-start: score vs population baseline (confidence ramping)
SES_0002430,USR_0074,user,2026-01-03 18:48:54,21,0.0913880551432752,0.494,normal,Cold-start: score vs population baseline (confidence ramping)
SES_0002441,USR_0074,user,2026-01-03 19:09:05,22,0.1238732377030407,0.508,normal,Cold-start: score vs population baseline (confidence ramping)
SES_0002456,USR_0074,user,2026-01-03 19:22:32,23,0.1202716874504774,0.522,normal,Cold-start: score vs population baseline (confidence ramping)
SES_0002594,USR_0074,user,2026-01-04 06:12:02,24,0.2047817120384401,0.536,normal,Cold-start: score vs population baseline (confidence ramping)
SES_0002628,USR_0074,user,2026-01-04 06:57:10,25,0.1954058071958944,0.55,normal,Cold-start: score vs population baseline (confidence ramping)
SES_0002817,USR_0074,user,2026-01-04 09:51:25,26,0.0863783428333972,0.5640000000000001,normal,Cold-start: score vs population baseline (confidence ramping)
SES_0002949,USR_0074,user,2026-01-04 11:54:03,27,0.0962860788062156,0.5780000000000001,normal,Cold-start: score vs population baseline (confidence ramping)
SES_0002952,USR_0074,user,2026-01-04 11:55:39,28,0.0789528506460475,0.5920000000000001,normal,Cold-start: score vs population baseline (confidence ramping)
SES_0002999,USR_0074,user,2026-01-04 12:47:16,29,0.1929579448791568,0.606,normal,Cold-start: score vs population baseline (confidence ramping)
SES_0003016,USR_0074,user,2026-01-04 13:03:31,30,0.1155578719504666,0.62,normal,Cold-start: score vs population baseline (confidence ramping)
SES_0003437,USR_0074,user,2026-01-04 21:09:20,31,0.285307835108691,0.634,normal,Cold-start: score vs population baseline (confidence ramping)
SES_0003483,USR_0074,user,2026-01-04 21:56:16,32,0.2102675945179316,0.6479999999999999,normal,Cold-start: score vs population baseline (confidence ramping)
SES_0003486,USR_0074,user,2026-01-04 21:58:01,33,0.3311423369243935,0.6619999999999999,normal,Cold-start: score vs population baseline (confidence ramping)
SES_0003500,USR_0074,user,2026-01-05 06:12:21,34,0.2180646189557021,0.6759999999999999,normal,Cold-start: score vs population baseline (confidence ramping)
SES_0003638,USR_0074,user,2026-01-05 09:04:43,35,0.0976785781001515,0.69,normal,Cold-start: score vs population baseline (confidence ramping)
SES_0003645,USR_0074,user,2026-01-05 09:08:26,36,0.2050097164279942,0.704,normal,Cold-start: score vs population baseline (confidence ramping)
SES_0003902,USR_0074,user,2026-01-05 13:30:27,37,0.1268849435705078,0.718,normal,Cold-start: score vs population baseline (confidence ramping)
SES_0004225,USR_0074,user,2026-01-05 18:53:36,38,0.2760931715690495,0.732,normal,Cold-start: score vs population baseline (confidence ramping)
SES_0004245,USR_0074,user,2026-01-05 19:22:40,39,0.3012084754815052,0.746,normal,Cold-start: score vs population baseline (confidence ramping)
SES_0004424,USR_0074,user,2026-01-06 06:54:14,40,0.2768387374399796,0.76,normal,Cold-start: score vs population baseline (confidence ramping)
SES_0004603,USR_0074,user,2026-01-06 09:45:25,41,0.1877957207764972,0.774,normal,Cold-start: score vs population baseline (confidence ramping)
SES_0004702,USR_0074,user,2026-01-06 11:04:28,42,0.2704343644065372,0.788,normal,Cold-start: score vs population baseline (confidence ramping)
SES_0004727,USR_0074,user,2026-01-06 11:43:31,43,0.1403531754901504,0.802,normal,Cold-start: score vs population baseline (confidence ramping)
SES_0004805,USR_0074,user,2026-01-06 13:20:28,44,0.1319930791041052,0.8160000000000001,normal,Cold-start: score vs population baseline (confidence ramping)
SES_0005078,USR_0074,user,2026-01-06 18:11:40,45,0.152564993234179,0.8300000000000001,normal,Cold-start: score vs population baseline (confidence ramping)
SES_0005096,USR_0074,user,2026-01-06 18:30:20,46,0.1460448911688097,0.8440000000000001,normal,Cold-start: score vs population baseline (confidence ramping)
SES_0005211,USR_0074,user,2026-01-06 21:01:13,47,0.2999899303598501,0.8579999999999999,normal,Cold-start: score vs population baseline (confidence ramping)
SES_0005476,USR_0074,user,2026-01-07 09:16:49,48,0.086148005313905,0.8719999999999999,normal,Cold-start: score vs population baseline (confidence ramping)
SES_0005480,USR_0074,user,2026-01-07 09:20:36,49,0.0754092036086877,0.8859999999999999,normal,Cold-start: score vs population baseline (confidence ramping)
SES_0005497,USR_0074,user,2026-01-07 09:43:52,50,0.0922761391715597,0.8999999999999999,normal,Cold-start: score vs population baseline (confidence ramping)
SES_0000111,USR_0075,user,2026-01-01 07:49:09,1,0.3411580482973126,0.21400000000000002,normal,Cold-start: score vs population baseline (confidence ramping)
SES_0000491,USR_0075,user,2026-01-01 14:26:23,2,0.2623211061409267,0.228,normal,Cold-start: score vs population baseline (confidence ramping)
SES_0000508,USR_0075,user,2026-01-01 14:46:50,3,0.1252602389245433,0.242,normal,Cold-start: score vs population baseline (confidence ramping)
SES_0000573,USR_0075,user,2026-01-01 16:03:27,4,0.3355386615961037,0.256,normal,Cold-start: score vs population baseline (confidence ramping)
SES_0000757,USR_0075,user,2026-01-01 19:17:42,5,0.2031851504139152,0.27,normal,Cold-start: score vs population baseline (confidence ramping)
SES_0000766,USR_0075,user,2026-01-01 19:28:00,6,0.1909686552583546,0.28400000000000003,normal,Cold-start: score vs population baseline (confidence ramping)
SES_0000914,USR_0075,user,2026-01-02 06:09:46,7,0.3326662763052546,0.29800000000000004,normal,Cold-start: score vs population baseline (confidence ramping)
SES_0001272,USR_0075,user,2026-01-02 13:05:36,8,0.1262993541273663,0.312,normal,Cold-start: score vs population baseline (confidence ramping)
SES_0001329,USR_0075,user,2026-01-02 14:05:11,9,0.1048074701064149,0.326,normal,Cold-start: score vs population baseline (confidence ramping)
SES_0001330,USR_0075,user,2026-01-02 14:05:53,10,0.1090676652462112,0.33999999999999997,normal,Cold-start: score vs population baseline (confidence ramping)
SES_0001436,USR_0075,user,2026-01-02 16:31:27,11,0.0753522379245555,0.354,normal,Cold-start: score vs population baseline (confidence ramping)
SES_0001532,USR_0075,user,2026-01-02 18:15:43,12,0.0738456808735837,0.368,normal,Cold-start: score vs population baseline (confidence ramping)
SES_0001711,USR_0075,user,2026-01-03 06:10:30,13,0.2116466922356815,0.382,normal,Cold-start: score vs population baseline (confidence ramping)
SES_0001740,USR_0075,user,2026-01-03 06:53:42,14,0.2167013998340605,0.396,normal,Cold-start: score vs population baseline (confidence ramping)
SES_0001745,USR_0075,user,2026-01-03 06:59:50,15,0.4099809425709635,0.41000000000000003,normal,Cold-start: score vs population baseline (confidence ramping)
SES_0001802,USR_0075,user,2026-01-03 07:31:10,16,0.2342786025601465,0.424,normal,Cold-start: score vs population baseline (confidence ramping)
SES_0002152,USR_0075,user,2026-01-03 13:33:15,17,0.1782224788146121,0.438,normal,Cold-start: score vs population baseline (confidence ramping)
SES_0002155,USR_0075,user,2026-01-03 13:40:15,18,0.1519039155569156,0.452,normal,Cold-start: score vs population baseline (confidence ramping)
SES_0002184,USR_0075,user,2026-01-03 14:22:16,19,0.1497119893318974,0.46599999999999997,normal,Cold-start: score vs population baseline (confidence ramping)
SES_0002200,USR_0075,user,2026-01-03 14:42:04,20,0.1834143337689726,0.48,normal,Cold-start: score vs population baseline (confidence ramping)
SES_0002293,USR_0075,user,2026-01-03 16:16:17,21,0.1358789645902757,0.494,normal,Cold-start: score vs population baseline (confidence ramping)
SES_0002455,USR_0075,user,2026-01-03 19:22:01,22,0.1667484670058778,0.508,normal,Cold-start: score vs population baseline (confidence ramping)
SES_0002458,USR_0075,user,2026-01-03 19:23:54,23,0.1472929766866315,0.522,normal,Cold-start: score vs population baseline (confidence ramping)
SES_0002477,USR_0075,user,2026-01-03 19:47:17,24,0.1265298430362002,0.536,normal,Cold-start: score vs population baseline (confidence ramping)
SES_0002487,USR_0075,user,2026-01-03 19:57:32,25,0.1265995115443822,0.55,normal,Cold-start: score vs population baseline (confidence ramping)
SES_0002499,USR_0075,user,2026-01-03 20:21:19,26,0.1099624675135874,0.5640000000000001,normal,Cold-start: score vs population baseline (confidence ramping)
SES_0002510,USR_0075,user,2026-01-03 20:33:25,27,0.180355280136055,0.5780000000000001,normal,Cold-start: score vs population baseline (confidence ramping)
SES_0002511,USR_0075,user,2026-01-03 20:36:42,28,0.159607541243877,0.5920000000000001,normal,Cold-start: score vs population baseline (confidence ramping)
SES_0003104,USR_0075,user,2026-01-04 14:46:48,29,0.1634328970450497,0.606,normal,Cold-start: score vs population baseline (confidence ramping)
SES_0003236,USR_0075,user,2026-01-04 16:59:25,30,0.1554932789778667,0.62,normal,Cold-start: score vs population baseline (confidence ramping)
SES_0003383,USR_0075,user,2026-01-04 20:01:55,31,0.1764655522925886,0.634,normal,Cold-start: score vs population baseline (confidence ramping)
SES_0003884,USR_0075,user,2026-01-05 13:10:40,32,0.1128100069033639,0.6479999999999999,normal,Cold-start: score vs population baseline (confidence ramping)
SES_0003889,USR_0075,user,2026-01-05 13:19:30,33,0.110877925200203,0.6619999999999999,normal,Cold-start: score vs population baseline (confidence ramping)
SES_0003911,USR_0075,user,2026-01-05 13:34:41,34,0.1046437846956262,0.6759999999999999,normal,Cold-start: score vs population baseline (confidence ramping)
SES_0003992,USR_0075,user,2026-01-05 14:47:48,35,0.12997543085127,0.69,normal,Cold-start: score vs population baseline (confidence ramping)
SES_0004109,USR_0075,user,2026-01-05 16:49:54,36,0.1246376973844656,0.704,normal,Cold-start: score vs population baseline (confidence ramping)
SES_0004271,USR_0075,user,2026-01-05 20:04:40,37,0.0981137441796958,0.718,normal,Cold-start: score vs population baseline (confidence ramping)
SES_0004285,USR_0075,user,2026-01-05 20:23:26,38,0.1020359952703448,0.732,normal,Cold-start: score vs population baseline (confidence ramping)
SES_0004492,USR_0075,user,2026-01-06 07:53:33,39,0.1142454435018783,0.746,normal,Cold-start: score vs population baseline (confidence ramping)
SES_0004974,USR_0075,user,2026-01-06 16:28:05,40,0.0641218995620471,0.76,normal,Cold-start: score vs population baseline (confidence ramping)
SES_0005184,USR_0075,user,2026-01-06 20:25:28,41,0.0853136279435503,0.774,normal,Cold-start: score vs population baseline (confidence ramping)
SES_0005205,USR_0075,user,2026-01-06 20:53:27,42,0.1011614406906104,0.788,normal,Cold-start: score vs population baseline (confidence ramping)
SES_0005860,USR_0075,user,2026-01-07 16:13:29,43,0.0692386950363122,0.802,normal,Cold-start: score vs population baseline (confidence ramping)
SES_0005865,USR_0075,user,2026-01-07 16:16:15,44,0.0593071812023408,0.8160000000000001,normal,Cold-start: score vs population baseline (confidence ramping)
SES_0006054,USR_0075,user,2026-01-07 20:08:26,45,0.0643807745772163,0.8300000000000001,normal,Cold-start: score vs population baseline (confidence ramping)
SES_0006059,USR_0075,user,2026-01-07 20:16:20,46,0.1816048465873785,0.8440000000000001,normal,Cold-start: score vs population baseline (confidence ramping)
SES_0006668,USR_0075,user,2026-01-08 14:59:10,47,0.0577292173658478,0.8579999999999999,normal,Cold-start: score vs population baseline (confidence ramping)
SES_0006855,USR_0075,user,2026-01-08 18:23:56,48,0.0986064156517705,0.8719999999999999,normal,Cold-start: score vs population baseline (confidence ramping)
SES_0006870,USR_0075,user,2026-01-08 18:41:05,49,0.0561685923998532,0.8859999999999999,normal,Cold-start: score vs population baseline (confidence ramping)
SES_0006899,USR_0075,user,2026-01-08 19:28:46,50,0.0567422308747864,0.8999999999999999,normal,Cold-start: score vs population baseline (confidence ramping)
SES_0000358,USR_0076,user,2026-01-01 12:13:20,1,0.3132562511024749,0.21400000000000002,normal,Cold-start: score vs population baseline (confidence ramping)
SES_0000525,USR_0076,user,2026-01-01 15:02:32,2,0.3269698709629057,0.228,normal,Cold-start: score vs population baseline (confidence ramping)
SES_0000658,USR_0076,user,2026-01-01 17:34:01,3,0.0751071717173161,0.242,normal,Cold-start: score vs population baseline (confidence ramping)
SES_0000853,USR_0076,user,2026-01-01 21:03:00,4,0.189418967942661,0.256,normal,Cold-start: score vs population baseline (confidence ramping)
SES_0000868,USR_0076,user,2026-01-01 21:17:14,5,0.2460098374860233,0.27,normal,Cold-start: score vs population baseline (confidence ramping)
SES_0000869,USR_0076,user,2026-01-01 21:17:41,6,0.1497207915516213,0.28400000000000003,normal,Cold-start: score vs population baseline (confidence ramping)
SES_0001262,USR_0076,user,2026-01-02 12:49:41,7,0.0400163331452339,0.29800000000000004,normal,Cold-start: score vs population baseline (confidence ramping)
SES_0001446,USR_0076,user,2026-01-02 16:39:19,8,0.0425610793583427,0.312,normal,Cold-start: score vs population baseline (confidence ramping)
SES_0001467,USR_0076,user,2026-01-02 17:07:03,9,0.0336352710577489,0.326,normal,Cold-start: score vs population baseline (confidence ramping)
SES_0001468,USR_0076,user,2026-01-02 17:08:11,10,0.0491897578848057,0.33999999999999997,normal,Cold-start: score vs population baseline (confidence ramping)
SES_0001485,USR_0076,user,2026-01-02 17:27:49,11,0.0649901897196882,0.354,normal,Cold-start: score vs population baseline (confidence ramping)
SES_0001486,USR_0076,user,2026-01-02 17:28:32,12,0.1021177134840845,0.368,normal,Cold-start: score vs population baseline (confidence ramping)
SES_0001507,USR_0076,user,2026-01-02 17:53:29,13,0.1053874626229767,0.382,normal,Cold-start: score vs population baseline (confidence ramping)
SES_0002093,USR_0076,user,2026-01-03 12:25:17,14,0.0813638593617509,0.396,normal,Cold-start: score vs population baseline (confidence ramping)
SES_0002110,USR_0076,user,2026-01-03 12:50:00,15,0.1522814782864588,0.41000000000000003,normal,Cold-start: score vs population baseline (confidence ramping)
SES_0002244,USR_0076,user,2026-01-03 15:33:01,16,0.1109462228948233,0.424,normal,Cold-start: score vs population baseline (confidence ramping)
SES_0002278,USR_0076,user,2026-01-03 16:04:27,17,0.1396766999609804,0.438,normal,Cold-start: score vs population baseline (confidence ramping)
SES_0002315,USR_0076,user,2026-01-03 16:39:55,18,0.1288354619953307,0.452,normal,Cold-start: score vs population baseline (confidence ramping)
SES_0002336,USR_0076,user,2026-01-03 17:03:33,19,0.1032295302665989,0.46599999999999997,normal,Cold-start: score vs population baseline (confidence ramping)
SES_0002385,USR_0076,user,2026-01-03 17:53:27,20,0.099998137119547,0.48,normal,Cold-start: score vs population baseline (confidence ramping)
SES_0002532,USR_0076,user,2026-01-03 21:02:13,21,0.1787970236529915,0.494,normal,Cold-start: score vs population baseline (confidence ramping)
SES_0002535,USR_0076,user,2026-01-03 21:03:29,22,0.1837969238694579,0.508,normal,Cold-start: score vs population baseline (confidence ramping)
SES_0002558,USR_0076,user,2026-01-03 21:26:17,23,0.1789800088255252,0.522,normal,Cold-start: score vs population baseline (confidence ramping)
SES_0002654,USR_0076,user,2026-01-04 07:16:29,24,0.1201755588746203,0.536,normal,Cold-start: score vs population baseline (confidence ramping)
SES_0002965,USR_0076,user,2026-01-04 12:08:53,25,0.1301041667267148,0.55,normal,Cold-start: score vs population baseline (confidence ramping)
SES_0003150,USR_0076,user,2026-01-04 15:31:16,26,0.1012079371120238,0.5640000000000001,normal,Cold-start: score vs population baseline (confidence ramping)
SES_0003184,USR_0076,user,2026-01-04 15:59:05,27,0.1096608014357552,0.5780000000000001,normal,Cold-start: score vs population baseline (confidence ramping)
SES_0003217,USR_0076,user,2026-01-04 16:42:37,28,0.0941558809857592,0.5920000000000001,normal,Cold-start: score vs population baseline (confidence ramping)
SES_0003219,USR_0076,user,2026-01-04 16:46:14,29,0.1188105880964983,0.606,normal,Cold-start: score vs population baseline (confidence ramping)
SES_0003434,USR_0076,user,2026-01-04 21:07:09,30,0.2081513434959565,0.62,normal,Cold-start: score vs population baseline (confidence ramping)
SES_0003447,USR_0076,user,2026-01-04 21:21:04,31,0.2453833359645528,0.634,normal,Cold-start: score vs population baseline (confidence ramping)
SES_0003560,USR_0076,user,2026-01-05 07:26:49,32,0.0913669616551978,0.6479999999999999,normal,Cold-start: score vs population baseline (confidence ramping)
SES_0003845,USR_0076,user,2026-01-05 12:24:46,33,0.1142773631119597,0.6619999999999999,normal,Cold-start: score vs population baseline (confidence ramping)
SES_0004028,USR_0076,user,2026-01-05 15:27:53,34,0.1147194951060264,0.6759999999999999,normal,Cold-start: score vs population baseline (confidence ramping)
SES_0004069,USR_0076,user,2026-01-05 16:08:11,35,0.1135173762215713,0.69,normal,Cold-start: score vs population baseline (confidence ramping)
SES_0004145,USR_0076,user,2026-01-05 17:22:22,36,0.1563473592301322,0.704,normal,Cold-start: score vs population baseline (confidence ramping)
SES_0004493,USR_0076,user,2026-01-06 07:53:41,37,0.0942914307066549,0.718,normal,Cold-start: score vs population baseline (confidence ramping)
SES_0004495,USR_0076,user,2026-01-06 07:54:21,38,0.0836452860725634,0.732,normal,Cold-start: score vs population baseline (confidence ramping)
SES_0004755,USR_0076,user,2026-01-06 12:22:41,39,0.066605676062527,0.746,normal,Cold-start: score vs population baseline (confidence ramping)
SES_0004757,USR_0076,user,2026-01-06 12:22:58,40,0.0530040244851894,0.76,normal,Cold-start: score vs population baseline (confidence ramping)
SES_0004768,USR_0076,user,2026-01-06 12:35:56,41,0.0550063444069274,0.774,normal,Cold-start: score vs population baseline (confidence ramping)
SES_0004776,USR_0076,user,2026-01-06 12:42:04,42,0.0989634969642489,0.788,normal,Cold-start: score vs population baseline (confidence ramping)
SES_0004968,USR_0076,user,2026-01-06 16:24:51,43,0.0514644276876013,0.802,normal,Cold-start: score vs population baseline (confidence ramping)
SES_0004969,USR_0076,user,2026-01-06 16:25:03,44,0.0309441660186162,0.8160000000000001,normal,Cold-start: score vs population baseline (confidence ramping)
SES_0005313,USR_0076,user,2026-01-07 07:09:35,45,0.0594887745157862,0.8300000000000001,normal,Cold-start: score vs population baseline (confidence ramping)
SES_0005819,USR_0076,user,2026-01-07 15:26:46,46,0.0225663311285578,0.8440000000000001,normal,Cold-start: score vs population baseline (confidence ramping)
SES_0005851,USR_0076,user,2026-01-07 15:56:46,47,0.0384340749635661,0.8579999999999999,normal,Cold-start: score vs population baseline (confidence ramping)
SES_0005914,USR_0076,user,2026-01-07 17:17:57,48,0.0327285346723389,0.8719999999999999,normal,Cold-start: score vs population baseline (confidence ramping)
SES_0005937,USR_0076,user,2026-01-07 17:38:07,49,0.0304409472235891,0.8859999999999999,normal,Cold-start: score vs population baseline (confidence ramping)
SES_0005947,USR_0076,user,2026-01-07 17:59:32,50,0.030273952966251,0.8999999999999999,normal,Cold-start: score vs population baseline (confidence ramping)
SES_0000079,USR_0077,user,2026-01-01 07:23:43,1,0.3496991429276366,0.21400000000000002,normal,Cold-start: score vs population baseline (confidence ramping)
SES_0000205,USR_0077,user,2026-01-01 09:34:39,2,0.2909694652777084,0.228,normal,Cold-start: score vs population baseline (confidence ramping)
SES_0000264,USR_0077,user,2026-01-01 10:40:53,3,0.1027711338686869,0.242,normal,Cold-start: score vs population baseline (confidence ramping)
SES_0000731,USR_0077,user,2026-01-01 18:40:31,4,0.1456891315460178,0.256,normal,Cold-start: score vs population baseline (confidence ramping)
SES_0001100,USR_0077,user,2026-01-02 09:29:19,5,0.1374122083766453,0.27,normal,Cold-start: score vs population baseline (confidence ramping)
SES_0001151,USR_0077,user,2026-01-02 10:37:50,6,0.1241573819499101,0.28400000000000003,normal,Cold-start: score vs population baseline (confidence ramping)
SES_0001396,USR_0077,user,2026-01-02 15:36:26,7,0.2293362192053519,0.29800000000000004,normal,Cold-start: score vs population baseline (confidence ramping)
SES_0001514,USR_0077,user,2026-01-02 17:58:55,8,0.1397525143112748,0.312,normal,Cold-start: score vs population baseline (confidence ramping)
SES_0001555,USR_0077,user,2026-01-02 18:50:39,9,0.1168339068352609,0.326,normal,Cold-start: score vs population baseline (confidence ramping)
SES_0001703,USR_0077,user,2026-01-02 21:59:18,10,0.311331156492596,0.33999999999999997,normal,Cold-start: score vs population baseline (confidence ramping)
SES_0001931,USR_0077,user,2026-01-03 09:31:31,11,0.1068302798686886,0.354,normal,Cold-start: score vs population baseline (confidence ramping)
SES_0001991,USR_0077,user,2026-01-03 10:29:59,12,0.1161585670325082,0.368,normal,Cold-start: score vs population baseline (confidence ramping)
SES_0002001,USR_0077,user,2026-01-03 10:45:38,13,0.1159547172748643,0.382,normal,Cold-start: score vs population baseline (confidence ramping)
SES_0002219,USR_0077,user,2026-01-03 15:07:07,14,0.1489164221411382,0.396,normal,Cold-start: score vs population baseline (confidence ramping)
SES_0002220,USR_0077,user,2026-01-03 15:07:43,15,0.1368799288196431,0.41000000000000003,normal,Cold-start: score vs population baseline (confidence ramping)
SES_0002296,USR_0077,user,2026-01-03 16:19:53,16,0.1266276608740695,0.424,normal,Cold-start: score vs population baseline (confidence ramping)
SES_0002305,USR_0077,user,2026-01-03 16:31:08,17,0.2509204307870556,0.438,normal,Cold-start: score vs population baseline (confidence ramping)
SES_0002309,USR_0077,user,2026-01-03 16:36:10,18,0.1539948266301251,0.452,normal,Cold-start: score vs population baseline (confidence ramping)
SES_0002327,USR_0077,user,2026-01-03 16:51:57,19,0.1348927321580696,0.46599999999999997,normal,Cold-start: score vs population baseline (confidence ramping)
SES_0002536,USR_0077,user,2026-01-03 21:06:06,20,0.2150514961489955,0.48,normal,Cold-start: score vs population baseline (confidence ramping)
SES_0002562,USR_0077,user,2026-01-03 21:32:45,21,0.3205354526123002,0.494,normal,Cold-start: score vs population baseline (confidence ramping)
SES_0002667,USR_0077,user,2026-01-04 07:24:20,22,0.1179512675545797,0.508,normal,Cold-start: score vs population baseline (confidence ramping)
SES_0003186,USR_0077,user,2026-01-04 16:00:50,23,0.1109673485758439,0.522,normal,Cold-start: score vs population baseline (confidence ramping)
SES_0003201,USR_0077,user,2026-01-04 16:20:30,24,0.1171079523722756,0.536,normal,Cold-start: score vs population baseline (confidence ramping)
SES_0003232,USR_0077,user,2026-01-04 16:57:48,25,0.096532597360253,0.55,normal,Cold-start: score vs population baseline (confidence ramping)
SES_0003297,USR_0077,user,2026-01-04 18:15:33,26,0.1193315081664412,0.5640000000000001,normal,Cold-start: score vs population baseline (confidence ramping)
SES_0003299,USR_0077,user,2026-01-04 18:20:32,27,0.2722070352111556,0.5780000000000001,normal,Cold-start: score vs population baseline (confidence ramping)
SES_0003304,USR_0077,user,2026-01-04 18:26:29,28,0.0985500456562068,0.5920000000000001,normal,Cold-start: score vs population baseline (confidence ramping)
SES_0003487,USR_0077,user,2026-01-04 21:58:59,29,0.2420674174357691,0.606,normal,Cold-start: score vs population baseline (confidence ramping)
SES_0003658,USR_0077,user,2026-01-05 09:17:14,30,0.0756259977082306,0.62,normal,Cold-start: score vs population baseline (confidence ramping)
SES_0003733,USR_0077,user,2026-01-05 10:30:48,31,0.0509850830590751,0.634,normal,Cold-start: score vs population baseline (confidence ramping)
SES_0003744,USR_0077,user,2026-01-05 10:42:28,32,0.0704743913373883,0.6479999999999999,normal,Cold-start: score vs population baseline (confidence ramping)
SES_0004006,USR_0077,user,2026-01-05 15:01:36,33,0.0640390891400551,0.6619999999999999,normal,Cold-start: score vs population baseline (confidence ramping)
SES_0004100,USR_0077,user,2026-01-05 16:35:39,34,0.1374143603677506,0.6759999999999999,normal,Cold-start: score vs population baseline (confidence ramping)
SES_0004122,USR_0077,user,2026-01-05 17:06:00,35,0.1024644274391228,0.69,normal,Cold-start: score vs population baseline (confidence ramping)
SES_0004203,USR_0077,user,2026-01-05 18:29:28,36,0.1105041400649715,0.704,normal,Cold-start: score vs population baseline (confidence ramping)
SES_0004353,USR_0077,user,2026-01-05 21:31:42,37,0.199415622746009,0.718,normal,Cold-start: score vs population baseline (confidence ramping)
SES_0004428,USR_0077,user,2026-01-06 07:00:30,38,0.2137267629819327,0.732,normal,Cold-start: score vs population baseline (confidence ramping)
SES_0004610,USR_0077,user,2026-01-06 09:51:18,39,0.0939450671537614,0.746,normal,Cold-start: score vs population baseline (confidence ramping)
SES_0004627,USR_0077,user,2026-01-06 10:02:21,40,0.1894120488055678,0.76,normal,Cold-start: score vs population baseline (confidence ramping)
SES_0004633,USR_0077,user,2026-01-06 10:05:17,41,0.351106656878288,0.774,normal,Cold-start: score vs population baseline (confidence ramping)
SES_0004635,USR_0077,user,2026-01-06 10:06:15,42,0.3479573178910542,0.788,normal,Cold-start: score vs population baseline (confidence ramping)
SES_0004929,USR_0077,user,2026-01-06 15:38:15,43,0.0910678212188858,0.802,normal,Cold-start: score vs population baseline (confidence ramping)
SES_0004936,USR_0077,user,2026-01-06 15:45:56,44,0.1821432067887789,0.8160000000000001,normal,Cold-start: score vs population baseline (confidence ramping)
SES_0004983,USR_0077,user,2026-01-06 16:36:46,45,0.0686354256489732,0.8300000000000001,normal,Cold-start: score vs population baseline (confidence ramping)
SES_0005068,USR_0077,user,2026-01-06 18:00:03,46,0.1318396845796029,0.8440000000000001,normal,Cold-start: score vs population baseline (confidence ramping)
SES_0005100,USR_0077,user,2026-01-06 18:34:44,47,0.0484350103363483,0.8579999999999999,normal,Cold-start: score vs population baseline (confidence ramping)
SES_0005109,USR_0077,user,2026-01-06 18:47:26,48,0.0840649578547831,0.8719999999999999,normal,Cold-start: score vs population baseline (confidence ramping)
SES_0005249,USR_0077,user,2026-01-06 21:47:45,49,0.1600059745533223,0.8859999999999999,normal,Cold-start: score vs population baseline (confidence ramping)
SES_0005306,USR_0077,user,2026-01-07 07:01:38,50,0.0591907259779786,0.8999999999999999,normal,Cold-start: score vs population baseline (confidence ramping)
